model_name,slot_id,timestamp,is_price_peak_slot,native_load_kw,net_grid_kw
problem1_coordinated,1,2025-07-14 00:00:00,0,382.7,382.7
problem1_coordinated,2,2025-07-14 00:15:00,0,384.3,384.3
problem1_coordinated,3,2025-07-14 00:30:00,0,373.5,373.5
problem1_coordinated,4,2025-07-14 00:45:00,0,357.0,357.0
problem1_coordinated,5,2025-07-14 01:00:00,0,367.5,367.6
problem1_coordinated,6,2025-07-14 01:15:00,0,370.2,370.1
problem1_coordinated,7,2025-07-14 01:30:00,0,370.8,370.7
problem1_coordinated,8,2025-07-14 01:45:00,0,376.4,376.4
problem1_coordinated,9,2025-07-14 02:00:00,0,371.2,371.2
problem1_coordinated,10,2025-07-14 02:15:00,0,361.1,361.2
problem1_coordinated,11,2025-07-14 02:30:00,0,374.2,374.2
problem1_coordinated,12,2025-07-14 02:45:00,0,373.0,373.0
problem1_coordinated,13,2025-07-14 03:00:00,0,368.4,368.3
problem1_coordinated,14,2025-07-14 03:15:00,0,385.4,385.4
problem1_coordinated,15,2025-07-14 03:30:00,0,378.3,378.4
problem1_coordinated,16,2025-07-14 03:45:00,0,365.1,365.2
problem1_coordinated,17,2025-07-14 04:00:00,0,383.1,383.0
problem1_coordinated,18,2025-07-14 04:15:00,0,378.8,378.8
problem1_coordinated,19,2025-07-14 04:30:00,0,370.6,370.7
problem1_coordinated,20,2025-07-14 04:45:00,0,368.3,368.3
problem1_coordinated,21,2025-07-14 05:00:00,0,382.3,382.2
problem1_coordinated,22,2025-07-14 05:15:00,0,378.6,678.6
problem1_coordinated,23,2025-07-14 05:30:00,0,380.4,680.5
problem1_coordinated,24,2025-07-14 05:45:00,0,367.3,577.65263
problem1_coordinated,25,2025-07-14 06:00:00,0,405.6,678.4
problem1_coordinated,26,2025-07-14 06:15:00,0,408.4,661.8
problem1_coordinated,27,2025-07-14 06:30:00,0,436.6,668.2
problem1_coordinated,28,2025-07-14 06:45:00,0,425.8,647.9
problem1_coordinated,29,2025-07-14 07:00:00,0,470.8,277.06
problem1_coordinated,30,2025-07-14 07:15:00,0,484.0,262.672
problem1_coordinated,31,2025-07-14 07:30:00,0,502.9,252.004
problem1_coordinated,32,2025-07-14 07:45:00,0,525.5,241.264
problem1_coordinated,33,2025-07-14 08:00:00,0,542.5,227.274
problem1_coordinated,34,2025-07-14 08:15:00,0,568.6,222.16515
problem1_coordinated,35,2025-07-14 08:30:00,0,585.4,210.534
problem1_coordinated,36,2025-07-14 08:45:00,0,606.3,199.564
problem1_coordinated,37,2025-07-14 09:00:00,0,619.4,185.792
problem1_coordinated,38,2025-07-14 09:15:00,0,642.0,180.936
problem1_coordinated,39,2025-07-14 09:30:00,0,645.7,168.782
problem1_coordinated,40,2025-07-14 09:45:00,0,662.9,160.39
problem1_coordinated,41,2025-07-14 10:00:00,0,671.9,164.88463
problem1_coordinated,42,2025-07-14 10:15:00,0,693.3,166.386
problem1_coordinated,43,2025-07-14 10:30:00,0,676.8,148.136
problem1_coordinated,44,2025-07-14 10:45:00,0,700.9,154.76343
problem1_coordinated,45,2025-07-14 11:00:00,0,716.4,220.29253
problem1_coordinated,46,2025-07-14 11:15:00,0,705.5,201.32442
problem1_coordinated,47,2025-07-14 11:30:00,0,721.4,233.45394
problem1_coordinated,48,2025-07-14 11:45:00,0,714.6,222.13211
problem1_coordinated,49,2025-07-14 12:00:00,0,684.6,211.34979
problem1_coordinated,50,2025-07-14 12:15:00,0,679.3,212.05263
problem1_coordinated,51,2025-07-14 12:30:00,0,694.6,205.36947
problem1_coordinated,52,2025-07-14 12:45:00,0,675.6,206.72
problem1_coordinated,53,2025-07-14 13:00:00,0,700.6,242.80884
problem1_coordinated,54,2025-07-14 13:15:00,0,680.7,227.864
problem1_coordinated,55,2025-07-14 13:30:00,0,664.9,223.048
problem1_coordinated,56,2025-07-14 13:45:00,0,674.8,280.09
problem1_coordinated,57,2025-07-14 14:00:00,0,715.3,336.60126
problem1_coordinated,58,2025-07-14 14:15:00,0,718.7,335.30158
problem1_coordinated,59,2025-07-14 14:30:00,0,737.1,353.476
problem1_coordinated,60,2025-07-14 14:45:00,0,725.0,352.224
problem1_coordinated,61,2025-07-14 15:00:00,1,738.3,236.782
problem1_coordinated,62,2025-07-14 15:15:00,1,730.4,258.2
problem1_coordinated,63,2025-07-14 15:30:00,1,747.4,295.98
problem1_coordinated,64,2025-07-14 15:45:00,1,748.0,318.95442
problem1_coordinated,65,2025-07-14 16:00:00,1,753.3,343.554
problem1_coordinated,66,2025-07-14 16:15:00,1,725.5,344.208
problem1_coordinated,67,2025-07-14 16:30:00,1,746.7,396.05484
problem1_coordinated,68,2025-07-14 16:45:00,1,750.6,426.754
problem1_coordinated,69,2025-07-14 17:00:00,1,723.8,33.22
problem1_coordinated,70,2025-07-14 17:15:00,1,717.2,67.258
problem1_coordinated,71,2025-07-14 17:30:00,1,683.2,377.112
problem1_coordinated,72,2025-07-14 17:45:00,1,663.2,390.626
problem1_coordinated,73,2025-07-14 18:00:00,1,635.2,105.602
problem1_coordinated,74,2025-07-14 18:15:00,1,626.0,136.724
problem1_coordinated,75,2025-07-14 18:30:00,1,620.8,416.22
problem1_coordinated,76,2025-07-14 18:45:00,1,596.5,459.694
problem1_coordinated,77,2025-07-14 19:00:00,1,586.3,177.326
problem1_coordinated,78,2025-07-14 19:15:00,1,569.8,163.024
problem1_coordinated,79,2025-07-14 19:30:00,1,564.2,170.14
problem1_coordinated,80,2025-07-14 19:45:00,1,538.9,149.784
problem1_coordinated,81,2025-07-14 20:00:00,1,500.3,117.602
problem1_coordinated,82,2025-07-14 20:15:00,1,488.4,109.6
problem1_coordinated,83,2025-07-14 20:30:00,1,483.5,105.124
problem1_coordinated,84,2025-07-14 20:45:00,1,476.5,99.878
problem1_coordinated,85,2025-07-14 21:00:00,0,463.8,389.264
problem1_coordinated,86,2025-07-14 21:15:00,0,458.4,384.518
problem1_coordinated,87,2025-07-14 21:30:00,0,441.4,370.08
problem1_coordinated,88,2025-07-14 21:45:00,0,449.2,376.36
problem1_coordinated,89,2025-07-14 22:00:00,0,432.9,363.024
problem1_coordinated,90,2025-07-14 22:15:00,0,426.2,357.8
problem1_coordinated,91,2025-07-14 22:30:00,0,431.6,361.44
problem1_coordinated,92,2025-07-14 22:45:00,0,419.8,352.4
problem1_coordinated,93,2025-07-14 23:00:00,0,411.7,345.658
problem1_coordinated,94,2025-07-14 23:15:00,0,425.2,358.036
problem1_coordinated,95,2025-07-14 23:30:00,0,417.5,351.86
problem1_coordinated,96,2025-07-14 23:45:00,0,390.4,327.256
problem1_coordinated,97,2025-07-15 00:00:00,0,383.8,547.3
problem1_coordinated,98,2025-07-15 00:15:00,0,371.7,535.2
problem1_coordinated,99,2025-07-15 00:30:00,0,386.8,550.3
problem1_coordinated,100,2025-07-15 00:45:00,0,383.6,547.0
problem1_coordinated,101,2025-07-15 01:00:00,0,372.8,536.2
problem1_coordinated,102,2025-07-15 01:15:00,0,371.7,535.3
problem1_coordinated,103,2025-07-15 01:30:00,0,377.2,540.8
problem1_coordinated,104,2025-07-15 01:45:00,0,379.5,543.1
problem1_coordinated,105,2025-07-15 02:00:00,0,381.6,545.1
problem1_coordinated,106,2025-07-15 02:15:00,0,383.7,547.2
problem1_coordinated,107,2025-07-15 02:30:00,0,377.7,541.3
problem1_coordinated,108,2025-07-15 02:45:00,0,355.9,519.5
problem1_coordinated,109,2025-07-15 03:00:00,0,385.6,549.1
problem1_coordinated,110,2025-07-15 03:15:00,0,360.8,524.3
problem1_coordinated,111,2025-07-15 03:30:00,0,364.3,827.8
problem1_coordinated,112,2025-07-15 03:45:00,0,376.7,840.2
problem1_coordinated,113,2025-07-15 04:00:00,0,373.3,836.9
problem1_coordinated,114,2025-07-15 04:15:00,0,372.0,835.4
problem1_coordinated,115,2025-07-15 04:30:00,0,364.5,828.0
problem1_coordinated,116,2025-07-15 04:45:00,0,372.7,836.1
problem1_coordinated,117,2025-07-15 05:00:00,0,379.5,843.0
problem1_coordinated,118,2025-07-15 05:15:00,0,364.4,827.9
problem1_coordinated,119,2025-07-15 05:30:00,0,387.9,851.5
problem1_coordinated,120,2025-07-15 05:45:00,0,396.6,849.9
problem1_coordinated,121,2025-07-15 06:00:00,0,395.4,833.0
problem1_coordinated,122,2025-07-15 06:15:00,0,403.9,822.9
problem1_coordinated,123,2025-07-15 06:30:00,0,440.5,680.60526
problem1_coordinated,124,2025-07-15 06:45:00,0,445.2,820.7
problem1_coordinated,125,2025-07-15 07:00:00,0,453.7,268.798
problem1_coordinated,126,2025-07-15 07:15:00,0,492.1,273.628
problem1_coordinated,127,2025-07-15 07:30:00,0,497.0,253.208
problem1_coordinated,128,2025-07-15 07:45:00,0,525.1,250.232
problem1_coordinated,129,2025-07-15 08:00:00,0,552.3,252.252
problem1_coordinated,130,2025-07-15 08:15:00,0,576.7,246.67
problem1_coordinated,131,2025-07-15 08:30:00,0,589.6,231.25
problem1_coordinated,132,2025-07-15 08:45:00,0,595.7,211.294
problem1_coordinated,133,2025-07-15 09:00:00,0,626.8,214.23
problem1_coordinated,134,2025-07-15 09:15:00,0,634.3,189.84442
problem1_coordinated,135,2025-07-15 09:30:00,0,652.3,190.63
problem1_coordinated,136,2025-07-15 09:45:00,0,669.6,183.594
problem1_coordinated,137,2025-07-15 10:00:00,0,665.1,161.72
problem1_coordinated,138,2025-07-15 10:15:00,0,683.1,159.026
problem1_coordinated,139,2025-07-15 10:30:00,0,698.8,165.79253
problem1_coordinated,140,2025-07-15 10:45:00,0,699.0,154.444
problem1_coordinated,141,2025-07-15 11:00:00,0,722.1,269.83905
problem1_coordinated,142,2025-07-15 11:15:00,0,705.8,267.112
problem1_coordinated,143,2025-07-15 11:30:00,0,720.2,270.154
problem1_coordinated,144,2025-07-15 11:45:00,0,726.7,271.41063
problem1_coordinated,145,2025-07-15 12:00:00,0,692.6,227.08621
problem1_coordinated,146,2025-07-15 12:15:00,0,700.1,218.75063
problem1_coordinated,147,2025-07-15 12:30:00,0,685.1,211.83703
problem1_coordinated,148,2025-07-15 12:45:00,0,684.1,226.964
problem1_coordinated,149,2025-07-15 13:00:00,0,689.6,234.01021
problem1_coordinated,150,2025-07-15 13:15:00,0,673.9,229.158
problem1_coordinated,151,2025-07-15 13:30:00,0,683.8,226.422
problem1_coordinated,152,2025-07-15 13:45:00,0,682.8,208.80986
problem1_coordinated,153,2025-07-15 14:00:00,0,724.1,252.748
problem1_coordinated,154,2025-07-15 14:15:00,0,736.2,307.818
problem1_coordinated,155,2025-07-15 14:30:00,0,739.1,318.954
problem1_coordinated,156,2025-07-15 14:45:00,0,750.3,354.89
problem1_coordinated,157,2025-07-15 15:00:00,1,740.3,253.936
problem1_coordinated,158,2025-07-15 15:15:00,1,746.6,280.298
problem1_coordinated,159,2025-07-15 15:30:00,1,736.7,293.636
problem1_coordinated,160,2025-07-15 15:45:00,1,744.1,322.434
problem1_coordinated,161,2025-07-15 16:00:00,1,752.7,353.754
problem1_coordinated,162,2025-07-15 16:15:00,1,738.4,365.608
problem1_coordinated,163,2025-07-15 16:30:00,1,769.0,417.948
problem1_coordinated,164,2025-07-15 16:45:00,1,762.1,437.738
problem1_coordinated,165,2025-07-15 17:00:00,1,729.5,350.066
problem1_coordinated,166,2025-07-15 17:15:00,1,719.5,415.154
problem1_coordinated,167,2025-07-15 17:30:00,1,682.9,410.534
problem1_coordinated,168,2025-07-15 17:45:00,1,663.6,421.022
problem1_coordinated,169,2025-07-15 18:00:00,1,632.9,126.222
problem1_coordinated,170,2025-07-15 18:15:00,1,642.4,185.55
problem1_coordinated,171,2025-07-15 18:30:00,1,613.1,164.516
problem1_coordinated,172,2025-07-15 18:45:00,1,598.1,175.204
problem1_coordinated,173,2025-07-15 19:00:00,1,593.0,191.222
problem1_coordinated,174,2025-07-15 19:15:00,1,573.0,176.508
problem1_coordinated,175,2025-07-15 19:30:00,1,557.5,164.898
problem1_coordinated,176,2025-07-15 19:45:00,1,536.9,147.938
problem1_coordinated,177,2025-07-15 20:00:00,1,497.1,114.794
problem1_coordinated,178,2025-07-15 20:15:00,1,494.6,114.116
problem1_coordinated,179,2025-07-15 20:30:00,1,490.1,109.986
problem1_coordinated,180,2025-07-15 20:45:00,1,479.3,101.362
problem1_coordinated,181,2025-07-15 21:00:00,0,463.0,387.376
problem1_coordinated,182,2025-07-15 21:15:00,0,467.3,391.444
problem1_coordinated,183,2025-07-15 21:30:00,0,452.4,379.882
problem1_coordinated,184,2025-07-15 21:45:00,0,453.5,380.746
problem1_coordinated,185,2025-07-15 22:00:00,0,455.6,381.53
problem1_coordinated,186,2025-07-15 22:15:00,0,419.6,351.766
problem1_coordinated,187,2025-07-15 22:30:00,0,426.3,357.966
problem1_coordinated,188,2025-07-15 22:45:00,0,407.2,342.134
problem1_coordinated,189,2025-07-15 23:00:00,0,422.5,352.95
problem1_coordinated,190,2025-07-15 23:15:00,0,413.9,346.828
problem1_coordinated,191,2025-07-15 23:30:00,0,421.5,355.106
problem1_coordinated,192,2025-07-15 23:45:00,0,411.7,345.248
problem1_coordinated,193,2025-07-16 00:00:00,0,384.1,547.5
problem1_coordinated,194,2025-07-16 00:15:00,0,377.3,540.8
problem1_coordinated,195,2025-07-16 00:30:00,0,375.5,539.0
problem1_coordinated,196,2025-07-16 00:45:00,0,373.4,536.9
problem1_coordinated,197,2025-07-16 01:00:00,0,384.9,548.4
problem1_coordinated,198,2025-07-16 01:15:00,0,371.1,534.6
problem1_coordinated,199,2025-07-16 01:30:00,0,367.6,531.2
problem1_coordinated,200,2025-07-16 01:45:00,0,378.0,541.4
problem1_coordinated,201,2025-07-16 02:00:00,0,372.0,535.5
problem1_coordinated,202,2025-07-16 02:15:00,0,373.4,537.0
problem1_coordinated,203,2025-07-16 02:30:00,0,369.2,532.7
problem1_coordinated,204,2025-07-16 02:45:00,0,376.5,540.0
problem1_coordinated,205,2025-07-16 03:00:00,0,382.2,545.7
problem1_coordinated,206,2025-07-16 03:15:00,0,391.0,854.5
problem1_coordinated,207,2025-07-16 03:30:00,0,387.1,850.6
problem1_coordinated,208,2025-07-16 03:45:00,0,364.4,670.00526
problem1_coordinated,209,2025-07-16 04:00:00,0,372.5,835.9
problem1_coordinated,210,2025-07-16 04:15:00,0,375.3,838.8
problem1_coordinated,211,2025-07-16 04:30:00,0,373.2,836.7
problem1_coordinated,212,2025-07-16 04:45:00,0,385.8,849.3
problem1_coordinated,213,2025-07-16 05:00:00,0,368.1,831.6
problem1_coordinated,214,2025-07-16 05:15:00,0,385.1,848.7
problem1_coordinated,215,2025-07-16 05:30:00,0,376.0,839.5
problem1_coordinated,216,2025-07-16 05:45:00,0,382.1,839.1
problem1_coordinated,217,2025-07-16 06:00:00,0,405.9,553.1
problem1_coordinated,218,2025-07-16 06:15:00,0,419.0,854.6
problem1_coordinated,219,2025-07-16 06:30:00,0,425.8,848.4
problem1_coordinated,220,2025-07-16 06:45:00,0,437.1,863.7
problem1_coordinated,221,2025-07-16 07:00:00,0,458.4,313.74
problem1_coordinated,222,2025-07-16 07:15:00,0,484.9,326.904
problem1_coordinated,223,2025-07-16 07:30:00,0,503.5,325.732
problem1_coordinated,224,2025-07-16 07:45:00,0,527.0,328.788
problem1_coordinated,225,2025-07-16 08:00:00,0,543.8,319.91737
problem1_coordinated,226,2025-07-16 08:15:00,0,562.5,316.672
problem1_coordinated,227,2025-07-16 08:30:00,0,573.8,316.068
problem1_coordinated,228,2025-07-16 08:45:00,0,606.3,327.172
problem1_coordinated,229,2025-07-16 09:00:00,0,621.6,324.382
problem1_coordinated,230,2025-07-16 09:15:00,0,626.4,314.084
problem1_coordinated,231,2025-07-16 09:30:00,0,634.5,313.38203
problem1_coordinated,232,2025-07-16 09:45:00,0,643.4,322.68
problem1_coordinated,233,2025-07-16 10:00:00,0,665.3,313.976
problem1_coordinated,234,2025-07-16 10:15:00,0,653.9,301.89776
problem1_coordinated,235,2025-07-16 10:30:00,0,674.9,302.67
problem1_coordinated,236,2025-07-16 10:45:00,0,686.5,304.45811
problem1_coordinated,237,2025-07-16 11:00:00,0,684.5,520.00789
problem1_coordinated,238,2025-07-16 11:15:00,0,699.9,539.82943
problem1_coordinated,239,2025-07-16 11:30:00,0,710.1,552.17271
problem1_coordinated,240,2025-07-16 11:45:00,0,718.9,562.754
problem1_coordinated,241,2025-07-16 12:00:00,0,686.0,508.176
problem1_coordinated,242,2025-07-16 12:15:00,0,680.8,529.078
problem1_coordinated,243,2025-07-16 12:30:00,0,663.8,504.228
problem1_coordinated,244,2025-07-16 12:45:00,0,660.9,509.39
problem1_coordinated,245,2025-07-16 13:00:00,0,648.8,502.598
problem1_coordinated,246,2025-07-16 13:15:00,0,662.0,523.058
problem1_coordinated,247,2025-07-16 13:30:00,0,664.7,530.516
problem1_coordinated,248,2025-07-16 13:45:00,0,658.5,512.814
problem1_coordinated,249,2025-07-16 14:00:00,0,694.5,549.56474
problem1_coordinated,250,2025-07-16 14:15:00,0,717.5,469.05537
problem1_coordinated,251,2025-07-16 14:30:00,0,722.3,481.31
problem1_coordinated,252,2025-07-16 14:45:00,0,730.8,494.63684
problem1_coordinated,253,2025-07-16 15:00:00,1,733.6,371.498
problem1_coordinated,254,2025-07-16 15:15:00,1,742.3,391.62
problem1_coordinated,255,2025-07-16 15:30:00,1,727.2,401.618
problem1_coordinated,256,2025-07-16 15:45:00,1,739.9,427.58
problem1_coordinated,257,2025-07-16 16:00:00,1,744.0,444.578
problem1_coordinated,258,2025-07-16 16:15:00,1,728.5,447.848
problem1_coordinated,259,2025-07-16 16:30:00,1,743.4,474.638
problem1_coordinated,260,2025-07-16 16:45:00,1,731.3,481.106
problem1_coordinated,261,2025-07-16 17:00:00,1,721.0,436.91
problem1_coordinated,262,2025-07-16 17:15:00,1,709.7,443.77
problem1_coordinated,263,2025-07-16 17:30:00,1,673.1,433.292
problem1_coordinated,264,2025-07-16 17:45:00,1,649.1,139.926
problem1_coordinated,265,2025-07-16 18:00:00,1,633.9,151.386
problem1_coordinated,266,2025-07-16 18:15:00,1,605.3,152.998
problem1_coordinated,267,2025-07-16 18:30:00,1,590.3,160.934
problem1_coordinated,268,2025-07-16 18:45:00,1,585.5,171.67
problem1_coordinated,269,2025-07-16 19:00:00,1,568.4,172.888
problem1_coordinated,270,2025-07-16 19:15:00,1,558.0,164.532
problem1_coordinated,271,2025-07-16 19:30:00,1,542.1,150.814
problem1_coordinated,272,2025-07-16 19:45:00,1,533.9,145.928
problem1_coordinated,273,2025-07-16 20:00:00,1,481.8,103.844
problem1_coordinated,274,2025-07-16 20:15:00,1,483.2,105.21
problem1_coordinated,275,2025-07-16 20:30:00,1,468.0,93.074
problem1_coordinated,276,2025-07-16 20:45:00,1,464.9,343.358
problem1_coordinated,277,2025-07-16 21:00:00,0,455.6,382.984
problem1_coordinated,278,2025-07-16 21:15:00,0,454.2,380.53
problem1_coordinated,279,2025-07-16 21:30:00,0,448.9,376.508
problem1_coordinated,280,2025-07-16 21:45:00,0,447.3,374.808
problem1_coordinated,281,2025-07-16 22:00:00,0,430.5,361.318
problem1_coordinated,282,2025-07-16 22:15:00,0,417.1,350.572
problem1_coordinated,283,2025-07-16 22:30:00,0,418.8,351.27
problem1_coordinated,284,2025-07-16 22:45:00,0,417.2,349.522
problem1_coordinated,285,2025-07-16 23:00:00,0,410.5,344.724
problem1_coordinated,286,2025-07-16 23:15:00,0,412.4,345.628
problem1_coordinated,287,2025-07-16 23:30:00,0,395.8,332.398
problem1_coordinated,288,2025-07-16 23:45:00,0,390.2,328.198
problem1_coordinated,289,2025-07-17 00:00:00,0,380.9,544.4
problem1_coordinated,290,2025-07-17 00:15:00,0,387.9,551.4
problem1_coordinated,291,2025-07-17 00:30:00,0,372.3,535.9
problem1_coordinated,292,2025-07-17 00:45:00,0,393.4,556.9
problem1_coordinated,293,2025-07-17 01:00:00,0,383.1,546.5
problem1_coordinated,294,2025-07-17 01:15:00,0,370.1,533.6
problem1_coordinated,295,2025-07-17 01:30:00,0,366.4,529.9
problem1_coordinated,296,2025-07-17 01:45:00,0,380.4,544.0
problem1_coordinated,297,2025-07-17 02:00:00,0,373.2,536.7
problem1_coordinated,298,2025-07-17 02:15:00,0,367.7,531.1
problem1_coordinated,299,2025-07-17 02:30:00,0,369.6,533.1
problem1_coordinated,300,2025-07-17 02:45:00,0,382.4,545.9
problem1_coordinated,301,2025-07-17 03:00:00,0,375.5,539.0
problem1_coordinated,302,2025-07-17 03:15:00,0,369.7,533.2
problem1_coordinated,303,2025-07-17 03:30:00,0,373.7,837.2
problem1_coordinated,304,2025-07-17 03:45:00,0,380.8,686.40526
problem1_coordinated,305,2025-07-17 04:00:00,0,378.4,841.8
problem1_coordinated,306,2025-07-17 04:15:00,0,380.6,844.1
problem1_coordinated,307,2025-07-17 04:30:00,0,374.3,837.8
problem1_coordinated,308,2025-07-17 04:45:00,0,376.9,840.4
problem1_coordinated,309,2025-07-17 05:00:00,0,386.2,849.7
problem1_coordinated,310,2025-07-17 05:15:00,0,380.5,844.0
problem1_coordinated,311,2025-07-17 05:30:00,0,368.2,831.8
problem1_coordinated,312,2025-07-17 05:45:00,0,368.0,822.0
problem1_coordinated,313,2025-07-17 06:00:00,0,402.9,842.4
problem1_coordinated,314,2025-07-17 06:15:00,0,418.3,840.1
problem1_coordinated,315,2025-07-17 06:30:00,0,424.0,826.5
problem1_coordinated,316,2025-07-17 06:45:00,0,435.2,823.8
problem1_coordinated,317,2025-07-17 07:00:00,0,450.9,274.52
problem1_coordinated,318,2025-07-17 07:15:00,0,488.9,281.674
problem1_coordinated,319,2025-07-17 07:30:00,0,499.4,266.6
problem1_coordinated,320,2025-07-17 07:45:00,0,527.5,264.85
problem1_coordinated,321,2025-07-17 08:00:00,0,554.5,268.91
problem1_coordinated,322,2025-07-17 08:15:00,0,551.2,234.70632
problem1_coordinated,323,2025-07-17 08:30:00,0,582.6,236.652
problem1_coordinated,324,2025-07-17 08:45:00,0,607.8,245.88158
problem1_coordinated,325,2025-07-17 09:00:00,0,626.4,251.97
problem1_coordinated,326,2025-07-17 09:15:00,0,631.8,230.28863
problem1_coordinated,327,2025-07-17 09:30:00,0,642.7,211.92394
problem1_coordinated,328,2025-07-17 09:45:00,0,663.0,209.02621
problem1_coordinated,329,2025-07-17 10:00:00,0,668.5,205.032
problem1_coordinated,330,2025-07-17 10:15:00,0,666.5,186.978
problem1_coordinated,331,2025-07-17 10:30:00,0,687.5,189.672
problem1_coordinated,332,2025-07-17 10:45:00,0,679.7,163.872
problem1_coordinated,333,2025-07-17 11:00:00,0,709.7,334.42737
problem1_coordinated,334,2025-07-17 11:15:00,0,712.2,350.866
problem1_coordinated,335,2025-07-17 11:30:00,0,709.0,333.25937
problem1_coordinated,336,2025-07-17 11:45:00,0,726.1,377.50579
problem1_coordinated,337,2025-07-17 12:00:00,0,670.8,318.16947
problem1_coordinated,338,2025-07-17 12:15:00,0,664.5,297.48014
problem1_coordinated,339,2025-07-17 12:30:00,0,673.4,332.01116
problem1_coordinated,340,2025-07-17 12:45:00,0,669.4,307.59516
problem1_coordinated,341,2025-07-17 13:00:00,0,673.7,328.182
problem1_coordinated,342,2025-07-17 13:15:00,0,671.2,327.826
problem1_coordinated,343,2025-07-17 13:30:00,0,666.4,311.082
problem1_coordinated,344,2025-07-17 13:45:00,0,667.8,330.182
problem1_coordinated,345,2025-07-17 14:00:00,0,716.3,494.962
problem1_coordinated,346,2025-07-17 14:15:00,0,727.3,501.74
problem1_coordinated,347,2025-07-17 14:30:00,0,738.5,531.78572
problem1_coordinated,348,2025-07-17 14:45:00,0,725.9,571.98947
problem1_coordinated,349,2025-07-17 15:00:00,1,739.2,375.508
problem1_coordinated,350,2025-07-17 15:15:00,1,732.2,291.34
problem1_coordinated,351,2025-07-17 15:30:00,1,746.4,323.68
problem1_coordinated,352,2025-07-17 15:45:00,1,739.9,339.548
problem1_coordinated,353,2025-07-17 16:00:00,1,750.0,370.34
problem1_coordinated,354,2025-07-17 16:15:00,1,754.6,395.716
problem1_coordinated,355,2025-07-17 16:30:00,1,755.7,420.732
problem1_coordinated,356,2025-07-17 16:45:00,1,747.0,436.628
problem1_coordinated,357,2025-07-17 17:00:00,1,715.3,57.96
problem1_coordinated,358,2025-07-17 17:15:00,1,718.4,96.186
problem1_coordinated,359,2025-07-17 17:30:00,1,673.1,96.668
problem1_coordinated,360,2025-07-17 17:45:00,1,669.4,119.238
problem1_coordinated,361,2025-07-17 18:00:00,1,639.8,128.234
problem1_coordinated,362,2025-07-17 18:15:00,1,619.4,148.756
problem1_coordinated,363,2025-07-17 18:30:00,1,618.1,172.708
problem1_coordinated,364,2025-07-17 18:45:00,1,601.3,186.332
problem1_coordinated,365,2025-07-17 19:00:00,1,590.4,190.208
problem1_coordinated,366,2025-07-17 19:15:00,1,554.1,161.172
problem1_coordinated,367,2025-07-17 19:30:00,1,558.0,165.148
problem1_coordinated,368,2025-07-17 19:45:00,1,534.9,447.106
problem1_coordinated,369,2025-07-17 20:00:00,1,489.6,409.512
problem1_coordinated,370,2025-07-17 20:15:00,1,480.6,402.364
problem1_coordinated,371,2025-07-17 20:30:00,1,486.5,108.626
problem1_coordinated,372,2025-07-17 20:45:00,1,463.2,340.138
problem1_coordinated,373,2025-07-17 21:00:00,0,468.8,391.648
problem1_coordinated,374,2025-07-17 21:15:00,0,469.6,393.57
problem1_coordinated,375,2025-07-17 21:30:00,0,468.9,393.028
problem1_coordinated,376,2025-07-17 21:45:00,0,439.5,368.408
problem1_coordinated,377,2025-07-17 22:00:00,0,434.2,363.776
problem1_coordinated,378,2025-07-17 22:15:00,0,424.8,355.35
problem1_coordinated,379,2025-07-17 22:30:00,0,408.9,343.576
problem1_coordinated,380,2025-07-17 22:45:00,0,422.6,353.256
problem1_coordinated,381,2025-07-17 23:00:00,0,411.9,346.004
problem1_coordinated,382,2025-07-17 23:15:00,0,426.8,358.12
problem1_coordinated,383,2025-07-17 23:30:00,0,396.5,333.814
problem1_coordinated,384,2025-07-17 23:45:00,0,397.3,334.056
problem1_coordinated,385,2025-07-18 00:00:00,0,361.9,525.4
problem1_coordinated,386,2025-07-18 00:15:00,0,391.0,554.5
problem1_coordinated,387,2025-07-18 00:30:00,0,373.4,536.9
problem1_coordinated,388,2025-07-18 00:45:00,0,380.2,543.7
problem1_coordinated,389,2025-07-18 01:00:00,0,371.7,535.2
problem1_coordinated,390,2025-07-18 01:15:00,0,378.8,542.3
problem1_coordinated,391,2025-07-18 01:30:00,0,362.5,526.1
problem1_coordinated,392,2025-07-18 01:45:00,0,375.8,539.2
problem1_coordinated,393,2025-07-18 02:00:00,0,373.1,536.6
problem1_coordinated,394,2025-07-18 02:15:00,0,371.8,535.3
problem1_coordinated,395,2025-07-18 02:30:00,0,373.6,537.1
problem1_coordinated,396,2025-07-18 02:45:00,0,374.7,538.2
problem1_coordinated,397,2025-07-18 03:00:00,0,377.6,541.1
problem1_coordinated,398,2025-07-18 03:15:00,0,361.2,524.6
problem1_coordinated,399,2025-07-18 03:30:00,0,363.8,827.3
problem1_coordinated,400,2025-07-18 03:45:00,0,381.1,844.6
problem1_coordinated,401,2025-07-18 04:00:00,0,374.9,838.4
problem1_coordinated,402,2025-07-18 04:15:00,0,376.7,840.2
problem1_coordinated,403,2025-07-18 04:30:00,0,367.8,831.3
problem1_coordinated,404,2025-07-18 04:45:00,0,383.7,847.2
problem1_coordinated,405,2025-07-18 05:00:00,0,373.5,837.0
problem1_coordinated,406,2025-07-18 05:15:00,0,372.5,678.10526
problem1_coordinated,407,2025-07-18 05:30:00,0,384.3,847.8
problem1_coordinated,408,2025-07-18 05:45:00,0,380.4,832.7
problem1_coordinated,409,2025-07-18 06:00:00,0,408.4,843.0
problem1_coordinated,410,2025-07-18 06:15:00,0,425.8,839.5
problem1_coordinated,411,2025-07-18 06:30:00,0,436.9,827.5
problem1_coordinated,412,2025-07-18 06:45:00,0,442.6,808.2
problem1_coordinated,413,2025-07-18 07:00:00,0,488.3,284.182
problem1_coordinated,414,2025-07-18 07:15:00,0,490.1,258.19
problem1_coordinated,415,2025-07-18 07:30:00,0,514.5,247.966
problem1_coordinated,416,2025-07-18 07:45:00,0,522.2,225.476
problem1_coordinated,417,2025-07-18 08:00:00,0,558.7,226.516
problem1_coordinated,418,2025-07-18 08:15:00,0,582.3,217.302
problem1_coordinated,419,2025-07-18 08:30:00,0,600.3,211.936
problem1_coordinated,420,2025-07-18 08:45:00,0,631.0,201.774
problem1_coordinated,421,2025-07-18 09:00:00,0,632.5,178.06121
problem1_coordinated,422,2025-07-18 09:15:00,0,644.9,174.154
problem1_coordinated,423,2025-07-18 09:30:00,0,658.4,162.278
problem1_coordinated,424,2025-07-18 09:45:00,0,671.8,149.792
problem1_coordinated,425,2025-07-18 10:00:00,0,674.9,132.152
problem1_coordinated,426,2025-07-18 10:15:00,0,697.4,130.974
problem1_coordinated,427,2025-07-18 10:30:00,0,706.3,127.952
problem1_coordinated,428,2025-07-18 10:45:00,0,706.0,110.866
problem1_coordinated,429,2025-07-18 11:00:00,0,705.8,301.98421
problem1_coordinated,430,2025-07-18 11:15:00,0,724.1,307.21053
problem1_coordinated,431,2025-07-18 11:30:00,0,732.7,327.09474
problem1_coordinated,432,2025-07-18 11:45:00,0,733.3,329.32105
problem1_coordinated,433,2025-07-18 12:00:00,0,702.5,297.5
problem1_coordinated,434,2025-07-18 12:15:00,0,691.9,265.16842
problem1_coordinated,435,2025-07-18 12:30:00,0,693.7,270.8
problem1_coordinated,436,2025-07-18 12:45:00,0,692.0,269.6
problem1_coordinated,437,2025-07-18 13:00:00,0,690.5,284.1
problem1_coordinated,438,2025-07-18 13:15:00,0,676.5,295.97895
problem1_coordinated,439,2025-07-18 13:30:00,0,677.0,289.5
problem1_coordinated,440,2025-07-18 13:45:00,0,700.3,325.5
problem1_coordinated,441,2025-07-18 14:00:00,0,728.8,369.1
problem1_coordinated,442,2025-07-18 14:15:00,0,736.7,368.9
problem1_coordinated,443,2025-07-18 14:30:00,0,744.1,384.1
problem1_coordinated,444,2025-07-18 14:45:00,0,732.1,405.93823
problem1_coordinated,445,2025-07-18 15:00:00,1,739.1,219.716
problem1_coordinated,446,2025-07-18 15:15:00,1,738.9,243.176
problem1_coordinated,447,2025-07-18 15:30:00,1,743.1,276.13758
problem1_coordinated,448,2025-07-18 15:45:00,1,752.2,296.978
problem1_coordinated,449,2025-07-18 16:00:00,1,757.4,333.17723
problem1_coordinated,450,2025-07-18 16:15:00,1,758.6,357.37
problem1_coordinated,451,2025-07-18 16:30:00,1,756.1,382.204
problem1_coordinated,452,2025-07-18 16:45:00,1,748.2,404.022
problem1_coordinated,453,2025-07-18 17:00:00,1,728.6,53.38
problem1_coordinated,454,2025-07-18 17:15:00,1,734.0,96.616
problem1_coordinated,455,2025-07-18 17:30:00,1,670.8,95.998
problem1_coordinated,456,2025-07-18 17:45:00,1,668.6,132.924
problem1_coordinated,457,2025-07-18 18:00:00,1,649.5,130.694
problem1_coordinated,458,2025-07-18 18:15:00,1,638.1,146.588
problem1_coordinated,459,2025-07-18 18:30:00,1,622.2,154.122
problem1_coordinated,460,2025-07-18 18:45:00,1,600.9,169.102
problem1_coordinated,461,2025-07-18 19:00:00,1,580.1,471.218
problem1_coordinated,462,2025-07-18 19:15:00,1,575.9,479.618
problem1_coordinated,463,2025-07-18 19:30:00,1,567.9,471.532
problem1_coordinated,464,2025-07-18 19:45:00,1,548.3,409.806
problem1_coordinated,465,2025-07-18 20:00:00,1,510.7,127.344
problem1_coordinated,466,2025-07-18 20:15:00,1,499.2,118.74
problem1_coordinated,467,2025-07-18 20:30:00,1,497.1,116.482
problem1_coordinated,468,2025-07-18 20:45:00,1,472.2,95.234
problem1_coordinated,469,2025-07-18 21:00:00,0,489.5,409.788
problem1_coordinated,470,2025-07-18 21:15:00,0,456.1,381.824
problem1_coordinated,471,2025-07-18 21:30:00,0,464.6,388.556
problem1_coordinated,472,2025-07-18 21:45:00,0,454.0,379.93
problem1_coordinated,473,2025-07-18 22:00:00,0,443.9,371.886
problem1_coordinated,474,2025-07-18 22:15:00,0,434.0,363.714
problem1_coordinated,475,2025-07-18 22:30:00,0,439.7,368.506
problem1_coordinated,476,2025-07-18 22:45:00,0,435.1,365.186
problem1_coordinated,477,2025-07-18 23:00:00,0,412.2,345.66
problem1_coordinated,478,2025-07-18 23:15:00,0,428.9,359.908
problem1_coordinated,479,2025-07-18 23:30:00,0,405.8,340.182
problem1_coordinated,480,2025-07-18 23:45:00,0,403.2,339.002
problem1_coordinated,481,2025-07-19 00:00:00,0,333.3,496.8
problem1_coordinated,482,2025-07-19 00:15:00,0,320.3,483.8
problem1_coordinated,483,2025-07-19 00:30:00,0,338.8,502.3
problem1_coordinated,484,2025-07-19 00:45:00,0,343.3,506.8
problem1_coordinated,485,2025-07-19 01:00:00,0,342.6,506.1
problem1_coordinated,486,2025-07-19 01:15:00,0,333.7,497.2
problem1_coordinated,487,2025-07-19 01:30:00,0,335.3,498.8
problem1_coordinated,488,2025-07-19 01:45:00,0,329.7,493.2
problem1_coordinated,489,2025-07-19 02:00:00,0,333.5,497.0
problem1_coordinated,490,2025-07-19 02:15:00,0,353.5,517.1
problem1_coordinated,491,2025-07-19 02:30:00,0,340.7,504.1
problem1_coordinated,492,2025-07-19 02:45:00,0,333.9,639.50526
problem1_coordinated,493,2025-07-19 03:00:00,0,333.7,497.2
problem1_coordinated,494,2025-07-19 03:15:00,0,334.5,498.0
problem1_coordinated,495,2025-07-19 03:30:00,0,336.1,499.6
problem1_coordinated,496,2025-07-19 03:45:00,0,328.9,492.5
problem1_coordinated,497,2025-07-19 04:00:00,0,342.2,505.7
problem1_coordinated,498,2025-07-19 04:15:00,0,343.0,506.5
problem1_coordinated,499,2025-07-19 04:30:00,0,342.8,506.3
problem1_coordinated,500,2025-07-19 04:45:00,0,328.4,792.0
problem1_coordinated,501,2025-07-19 05:00:00,0,329.5,793.0
problem1_coordinated,502,2025-07-19 05:15:00,0,333.4,796.9
problem1_coordinated,503,2025-07-19 05:30:00,0,328.5,792.1
problem1_coordinated,504,2025-07-19 05:45:00,0,334.8,789.5
problem1_coordinated,505,2025-07-19 06:00:00,0,327.1,768.6
problem1_coordinated,506,2025-07-19 06:15:00,0,341.0,766.5
problem1_coordinated,507,2025-07-19 06:30:00,0,348.5,756.1
problem1_coordinated,508,2025-07-19 06:45:00,0,338.9,727.6
problem1_coordinated,509,2025-07-19 07:00:00,0,369.5,738.0
problem1_coordinated,510,2025-07-19 07:15:00,0,352.5,700.2
problem1_coordinated,511,2025-07-19 07:30:00,0,358.8,685.3
problem1_coordinated,512,2025-07-19 07:45:00,0,373.1,678.0
problem1_coordinated,513,2025-07-19 08:00:00,0,424.1,269.6
problem1_coordinated,514,2025-07-19 08:15:00,0,418.4,194.4
problem1_coordinated,515,2025-07-19 08:30:00,0,442.7,245.6
problem1_coordinated,516,2025-07-19 08:45:00,0,451.0,233.3
problem1_coordinated,517,2025-07-19 09:00:00,0,440.9,203.4
problem1_coordinated,518,2025-07-19 09:15:00,0,480.0,223.4
problem1_coordinated,519,2025-07-19 09:30:00,0,467.8,193.1
problem1_coordinated,520,2025-07-19 09:45:00,0,483.5,191.7
problem1_coordinated,521,2025-07-19 10:00:00,0,468.6,161.1
problem1_coordinated,522,2025-07-19 10:15:00,0,476.2,154.4
problem1_coordinated,523,2025-07-19 10:30:00,0,498.3,164.71053
problem1_coordinated,524,2025-07-19 10:45:00,0,499.5,153.2
problem1_coordinated,525,2025-07-19 11:00:00,0,494.7,145.7
problem1_coordinated,526,2025-07-19 11:15:00,0,503.6,153.6
problem1_coordinated,527,2025-07-19 11:30:00,0,511.4,147.9
problem1_coordinated,528,2025-07-19 11:45:00,0,513.8,145.8
problem1_coordinated,529,2025-07-19 12:00:00,0,518.0,161.2
problem1_coordinated,530,2025-07-19 12:15:00,0,505.1,149.50526
problem1_coordinated,531,2025-07-19 12:30:00,0,537.0,180.2
problem1_coordinated,532,2025-07-19 12:45:00,0,528.9,167.7
problem1_coordinated,533,2025-07-19 13:00:00,0,539.1,182.6
problem1_coordinated,534,2025-07-19 13:15:00,0,534.7,184.6
problem1_coordinated,535,2025-07-19 13:30:00,0,530.9,202.9
problem1_coordinated,536,2025-07-19 13:45:00,0,538.3,213.1
problem1_coordinated,537,2025-07-19 14:00:00,0,531.2,224.4
problem1_coordinated,538,2025-07-19 14:15:00,0,533.8,235.89474
problem1_coordinated,539,2025-07-19 14:30:00,0,529.1,236.75263
problem1_coordinated,540,2025-07-19 14:45:00,0,541.0,263.3
problem1_coordinated,541,2025-07-19 15:00:00,0,537.3,276.6
problem1_coordinated,542,2025-07-19 15:15:00,0,526.2,277.13158
problem1_coordinated,543,2025-07-19 15:30:00,0,536.3,305.8
problem1_coordinated,544,2025-07-19 15:45:00,0,529.7,311.9
problem1_coordinated,545,2025-07-19 16:00:00,0,530.6,333.6
problem1_coordinated,546,2025-07-19 16:15:00,0,523.2,347.2
problem1_coordinated,547,2025-07-19 16:30:00,0,509.2,354.6
problem1_coordinated,548,2025-07-19 16:45:00,0,509.1,376.0
problem1_coordinated,549,2025-07-19 17:00:00,0,496.2,384.7
problem1_coordinated,550,2025-07-19 17:15:00,0,490.3,400.0
problem1_coordinated,551,2025-07-19 17:30:00,0,490.3,420.8
problem1_coordinated,552,2025-07-19 17:45:00,0,486.6,437.1
problem1_coordinated,553,2025-07-19 18:00:00,1,443.1,13.634
problem1_coordinated,554,2025-07-19 18:15:00,1,443.6,32.404
problem1_coordinated,555,2025-07-19 18:30:00,1,447.0,52.66
problem1_coordinated,556,2025-07-19 18:45:00,1,433.3,54.328
problem1_coordinated,557,2025-07-19 19:00:00,1,437.1,66.44
problem1_coordinated,558,2025-07-19 19:15:00,1,420.0,51.074
problem1_coordinated,559,2025-07-19 19:30:00,1,410.9,43.51
problem1_coordinated,560,2025-07-19 19:45:00,1,408.7,42.468
problem1_coordinated,561,2025-07-19 20:00:00,1,414.8,49.344
problem1_coordinated,562,2025-07-19 20:15:00,1,398.7,34.76
problem1_coordinated,563,2025-07-19 20:30:00,1,402.4,37.288
problem1_coordinated,564,2025-07-19 20:45:00,1,379.5,18.672
problem1_coordinated,565,2025-07-19 21:00:00,0,360.0,523.5
problem1_coordinated,566,2025-07-19 21:15:00,0,373.3,536.8
problem1_coordinated,567,2025-07-19 21:30:00,0,362.7,526.1
problem1_coordinated,568,2025-07-19 21:45:00,0,358.0,521.5
problem1_coordinated,569,2025-07-19 22:00:00,0,330.2,493.7
problem1_coordinated,570,2025-07-19 22:15:00,0,340.0,503.4
problem1_coordinated,571,2025-07-19 22:30:00,0,328.4,491.8
problem1_coordinated,572,2025-07-19 22:45:00,0,334.0,497.4
problem1_coordinated,573,2025-07-19 23:00:00,0,342.5,506.0
problem1_coordinated,574,2025-07-19 23:15:00,0,318.5,482.0
problem1_coordinated,575,2025-07-19 23:30:00,0,327.7,491.2
problem1_coordinated,576,2025-07-19 23:45:00,0,318.0,481.5
problem1_coordinated,577,2025-07-20 00:00:00,0,350.2,513.7
problem1_coordinated,578,2025-07-20 00:15:00,0,342.3,505.9
problem1_coordinated,579,2025-07-20 00:30:00,0,341.6,505.1
problem1_coordinated,580,2025-07-20 00:45:00,0,326.4,489.9
problem1_coordinated,581,2025-07-20 01:00:00,0,345.4,508.9
problem1_coordinated,582,2025-07-20 01:15:00,0,331.1,494.5
problem1_coordinated,583,2025-07-20 01:30:00,0,336.7,500.2
problem1_coordinated,584,2025-07-20 01:45:00,0,339.7,503.3
problem1_coordinated,585,2025-07-20 02:00:00,0,333.3,496.7
problem1_coordinated,586,2025-07-20 02:15:00,0,337.6,501.1
problem1_coordinated,587,2025-07-20 02:30:00,0,334.4,497.9
problem1_coordinated,588,2025-07-20 02:45:00,0,340.6,504.1
problem1_coordinated,589,2025-07-20 03:00:00,0,336.4,499.9
problem1_coordinated,590,2025-07-20 03:15:00,0,327.9,491.4
problem1_coordinated,591,2025-07-20 03:30:00,0,325.3,488.8
problem1_coordinated,592,2025-07-20 03:45:00,0,333.3,496.8
problem1_coordinated,593,2025-07-20 04:00:00,0,337.5,501.0
problem1_coordinated,594,2025-07-20 04:15:00,0,346.9,510.4
problem1_coordinated,595,2025-07-20 04:30:00,0,328.4,791.9
problem1_coordinated,596,2025-07-20 04:45:00,0,332.7,796.3
problem1_coordinated,597,2025-07-20 05:00:00,0,328.0,791.5
problem1_coordinated,598,2025-07-20 05:15:00,0,327.1,790.6
problem1_coordinated,599,2025-07-20 05:30:00,0,327.6,791.2
problem1_coordinated,600,2025-07-20 05:45:00,0,332.2,787.6
problem1_coordinated,601,2025-07-20 06:00:00,0,332.2,775.1
problem1_coordinated,602,2025-07-20 06:15:00,0,337.1,765.2
problem1_coordinated,603,2025-07-20 06:30:00,0,339.9,751.3
problem1_coordinated,604,2025-07-20 06:45:00,0,337.2,730.8
problem1_coordinated,605,2025-07-20 07:00:00,0,346.9,721.8
problem1_coordinated,606,2025-07-20 07:15:00,0,356.4,711.7
problem1_coordinated,607,2025-07-20 07:30:00,0,358.1,535.80526
problem1_coordinated,608,2025-07-20 07:45:00,0,364.6,680.1
problem1_coordinated,609,2025-07-20 08:00:00,0,413.2,270.6
problem1_coordinated,610,2025-07-20 08:15:00,0,417.7,255.1
problem1_coordinated,611,2025-07-20 08:30:00,0,437.0,254.6
problem1_coordinated,612,2025-07-20 08:45:00,0,437.9,236.3
problem1_coordinated,613,2025-07-20 09:00:00,0,433.2,213.2
problem1_coordinated,614,2025-07-20 09:15:00,0,458.5,220.7
problem1_coordinated,615,2025-07-20 09:30:00,0,464.4,209.7
problem1_coordinated,616,2025-07-20 09:45:00,0,471.3,200.9
problem1_coordinated,617,2025-07-20 10:00:00,0,473.9,188.7
problem1_coordinated,618,2025-07-20 10:15:00,0,490.8,199.0
problem1_coordinated,619,2025-07-20 10:30:00,0,477.8,174.0
problem1_coordinated,620,2025-07-20 10:45:00,0,488.1,175.96316
problem1_coordinated,621,2025-07-20 11:00:00,0,505.3,188.6
problem1_coordinated,622,2025-07-20 11:15:00,0,497.2,166.1
problem1_coordinated,623,2025-07-20 11:30:00,0,492.6,166.5
problem1_coordinated,624,2025-07-20 11:45:00,0,506.8,178.71579
problem1_coordinated,625,2025-07-20 12:00:00,0,513.4,191.5
problem1_coordinated,626,2025-07-20 12:15:00,0,516.4,200.33158
problem1_coordinated,627,2025-07-20 12:30:00,0,528.7,217.8
problem1_coordinated,628,2025-07-20 12:45:00,0,514.1,194.6
problem1_coordinated,629,2025-07-20 13:00:00,0,523.6,219.6
problem1_coordinated,630,2025-07-20 13:15:00,0,512.0,195.9
problem1_coordinated,631,2025-07-20 13:30:00,0,539.2,252.6
problem1_coordinated,632,2025-07-20 13:45:00,0,535.8,258.3
problem1_coordinated,633,2025-07-20 14:00:00,0,529.5,262.7
problem1_coordinated,634,2025-07-20 14:15:00,0,522.7,268.0
problem1_coordinated,635,2025-07-20 14:30:00,0,528.1,286.32632
problem1_coordinated,636,2025-07-20 14:45:00,0,516.8,278.3
problem1_coordinated,637,2025-07-20 15:00:00,0,526.6,277.74211
problem1_coordinated,638,2025-07-20 15:15:00,0,521.7,284.0
problem1_coordinated,639,2025-07-20 15:30:00,0,526.6,306.6
problem1_coordinated,640,2025-07-20 15:45:00,0,514.2,312.7
problem1_coordinated,641,2025-07-20 16:00:00,0,509.1,326.8
problem1_coordinated,642,2025-07-20 16:15:00,0,505.2,342.6
problem1_coordinated,643,2025-07-20 16:30:00,0,507.3,364.7
problem1_coordinated,644,2025-07-20 16:45:00,0,514.1,391.7
problem1_coordinated,645,2025-07-20 17:00:00,0,502.3,399.9
problem1_coordinated,646,2025-07-20 17:15:00,0,487.6,405.0
problem1_coordinated,647,2025-07-20 17:30:00,0,470.0,407.0
problem1_coordinated,648,2025-07-20 17:45:00,0,472.1,427.7
problem1_coordinated,649,2025-07-20 18:00:00,1,437.0,14.4
problem1_coordinated,650,2025-07-20 18:15:00,1,438.0,31.464
problem1_coordinated,651,2025-07-20 18:30:00,1,419.1,30.3
problem1_coordinated,652,2025-07-20 18:45:00,1,412.2,37.712
problem1_coordinated,653,2025-07-20 19:00:00,1,427.6,58.516
problem1_coordinated,654,2025-07-20 19:15:00,1,418.5,50.812
problem1_coordinated,655,2025-07-20 19:30:00,1,413.3,46.154
problem1_coordinated,656,2025-07-20 19:45:00,1,413.5,46.176
problem1_coordinated,657,2025-07-20 20:00:00,1,404.8,40.352
problem1_coordinated,658,2025-07-20 20:15:00,1,391.4,28.99
problem1_coordinated,659,2025-07-20 20:30:00,1,399.9,36.41
problem1_coordinated,660,2025-07-20 20:45:00,1,381.0,19.806
problem1_coordinated,661,2025-07-20 21:00:00,0,361.0,524.4
problem1_coordinated,662,2025-07-20 21:15:00,0,345.1,508.6
problem1_coordinated,663,2025-07-20 21:30:00,0,358.0,521.5
problem1_coordinated,664,2025-07-20 21:45:00,0,355.7,519.3
problem1_coordinated,665,2025-07-20 22:00:00,0,334.2,497.8
problem1_coordinated,666,2025-07-20 22:15:00,0,320.8,784.3
problem1_coordinated,667,2025-07-20 22:30:00,0,321.5,784.9
problem1_coordinated,668,2025-07-20 22:45:00,0,324.4,787.8
problem1_coordinated,669,2025-07-20 23:00:00,0,309.1,772.6
problem1_coordinated,670,2025-07-20 23:15:00,0,314.7,778.1
problem1_coordinated,671,2025-07-20 23:30:00,0,319.9,783.5
problem1_coordinated,672,2025-07-20 23:45:00,0,319.0,650.36704
baseline_noncooperative,1,2025-07-14 00:00:00,0,382.7,382.7
baseline_noncooperative,2,2025-07-14 00:15:00,0,384.3,384.3
baseline_noncooperative,3,2025-07-14 00:30:00,0,373.5,373.5
baseline_noncooperative,4,2025-07-14 00:45:00,0,357.0,357.0
baseline_noncooperative,5,2025-07-14 01:00:00,0,367.5,367.5
baseline_noncooperative,6,2025-07-14 01:15:00,0,370.2,370.2
baseline_noncooperative,7,2025-07-14 01:30:00,0,370.8,370.8
baseline_noncooperative,8,2025-07-14 01:45:00,0,376.4,376.4
baseline_noncooperative,9,2025-07-14 02:00:00,0,371.2,371.2
baseline_noncooperative,10,2025-07-14 02:15:00,0,361.1,361.1
baseline_noncooperative,11,2025-07-14 02:30:00,0,374.2,374.2
baseline_noncooperative,12,2025-07-14 02:45:00,0,373.0,373.0
baseline_noncooperative,13,2025-07-14 03:00:00,0,368.4,368.4
baseline_noncooperative,14,2025-07-14 03:15:00,0,385.4,385.4
baseline_noncooperative,15,2025-07-14 03:30:00,0,378.3,378.3
baseline_noncooperative,16,2025-07-14 03:45:00,0,365.1,365.1
baseline_noncooperative,17,2025-07-14 04:00:00,0,383.1,383.1
baseline_noncooperative,18,2025-07-14 04:15:00,0,378.8,378.8
baseline_noncooperative,19,2025-07-14 04:30:00,0,370.6,370.6
baseline_noncooperative,20,2025-07-14 04:45:00,0,368.3,368.3
baseline_noncooperative,21,2025-07-14 05:00:00,0,382.3,382.3
baseline_noncooperative,22,2025-07-14 05:15:00,0,378.6,378.6
baseline_noncooperative,23,2025-07-14 05:30:00,0,380.4,380.4
baseline_noncooperative,24,2025-07-14 05:45:00,0,367.3,356.6
baseline_noncooperative,25,2025-07-14 06:00:00,0,405.6,378.5
baseline_noncooperative,26,2025-07-14 06:15:00,0,408.4,361.7
baseline_noncooperative,27,2025-07-14 06:30:00,0,436.6,368.2000000000001
baseline_noncooperative,28,2025-07-14 06:45:00,0,425.8,347.9
baseline_noncooperative,29,2025-07-14 07:00:00,0,470.8,368.3
baseline_noncooperative,30,2025-07-14 07:15:00,0,484.0,356.0
baseline_noncooperative,31,2025-07-14 07:30:00,0,502.9,355.79999999999995
baseline_noncooperative,32,2025-07-14 07:45:00,0,525.5,359.0
baseline_noncooperative,33,2025-07-14 08:00:00,0,542.5,356.5
baseline_noncooperative,34,2025-07-14 08:15:00,0,568.6,382.05217391304353
baseline_noncooperative,35,2025-07-14 08:30:00,0,585.4,394.3
baseline_noncooperative,36,2025-07-14 08:45:00,0,606.3,401.0
baseline_noncooperative,37,2025-07-14 09:00:00,0,619.4,400.7
baseline_noncooperative,38,2025-07-14 09:15:00,0,642.0,398.4347826086957
baseline_noncooperative,39,2025-07-14 09:30:00,0,645.7,403.50000000000006
baseline_noncooperative,40,2025-07-14 09:45:00,0,662.9,383.7695652173912
baseline_noncooperative,41,2025-07-14 10:00:00,0,671.9,364.5
baseline_noncooperative,42,2025-07-14 10:15:00,0,693.3,379.3
baseline_noncooperative,43,2025-07-14 10:30:00,0,676.8,357.9
baseline_noncooperative,44,2025-07-14 10:45:00,0,700.9,369.7826086956521
baseline_noncooperative,45,2025-07-14 11:00:00,0,716.4,345.1391304347825
baseline_noncooperative,46,2025-07-14 11:15:00,0,705.5,310.6
baseline_noncooperative,47,2025-07-14 11:30:00,0,721.4,322.5260869565216
baseline_noncooperative,48,2025-07-14 11:45:00,0,714.6,285.1565217391304
baseline_noncooperative,49,2025-07-14 12:00:00,0,684.6,228.07391304347829
baseline_noncooperative,50,2025-07-14 12:15:00,0,679.3,215.4
baseline_noncooperative,51,2025-07-14 12:30:00,0,694.6,226.29130434782604
baseline_noncooperative,52,2025-07-14 12:45:00,0,675.6,205.20000000000005
baseline_noncooperative,53,2025-07-14 13:00:00,0,700.6,235.90000000000003
baseline_noncooperative,54,2025-07-14 13:15:00,0,680.7,223.10434782608704
baseline_noncooperative,55,2025-07-14 13:30:00,0,664.9,210.9
baseline_noncooperative,56,2025-07-14 13:45:00,0,674.8,226.2478260869566
baseline_noncooperative,57,2025-07-14 14:00:00,0,715.3,273.4
baseline_noncooperative,58,2025-07-14 14:15:00,0,718.7,292.70000000000005
baseline_noncooperative,59,2025-07-14 14:30:00,0,737.1,328.70000000000005
baseline_noncooperative,60,2025-07-14 14:45:00,0,725.0,336.0
baseline_noncooperative,61,2025-07-14 15:00:00,1,738.3,70.09999999999997
baseline_noncooperative,62,2025-07-14 15:15:00,1,730.4,84.39999999999998
baseline_noncooperative,63,2025-07-14 15:30:00,1,747.4,124.7
baseline_noncooperative,64,2025-07-14 15:45:00,1,748.0,149.7
baseline_noncooperative,65,2025-07-14 16:00:00,1,753.3,180.2
baseline_noncooperative,66,2025-07-14 16:15:00,1,725.5,178.3
baseline_noncooperative,67,2025-07-14 16:30:00,1,746.7,501.6999999999996
baseline_noncooperative,68,2025-07-14 16:45:00,1,750.6,556.1
baseline_noncooperative,69,2025-07-14 17:00:00,1,723.8,555.6999999999999
baseline_noncooperative,70,2025-07-14 17:15:00,1,717.2,575.2
baseline_noncooperative,71,2025-07-14 17:30:00,1,683.2,566.7
baseline_noncooperative,72,2025-07-14 17:45:00,1,663.2,571.3000000000001
baseline_noncooperative,73,2025-07-14 18:00:00,1,635.2,566.8000000000001
baseline_noncooperative,74,2025-07-14 18:15:00,1,626.0,579.3
baseline_noncooperative,75,2025-07-14 18:30:00,1,620.8,593.6999999999999
baseline_noncooperative,76,2025-07-14 18:45:00,1,596.5,585.8
baseline_noncooperative,77,2025-07-14 19:00:00,1,586.3,586.3
baseline_noncooperative,78,2025-07-14 19:15:00,1,569.8,569.8
baseline_noncooperative,79,2025-07-14 19:30:00,1,564.2,564.2
baseline_noncooperative,80,2025-07-14 19:45:00,1,538.9,538.9
baseline_noncooperative,81,2025-07-14 20:00:00,1,500.3,500.3
baseline_noncooperative,82,2025-07-14 20:15:00,1,488.4,488.4
baseline_noncooperative,83,2025-07-14 20:30:00,1,483.5,483.5
baseline_noncooperative,84,2025-07-14 20:45:00,1,476.5,476.5
baseline_noncooperative,85,2025-07-14 21:00:00,0,463.8,463.8
baseline_noncooperative,86,2025-07-14 21:15:00,0,458.4,458.4
baseline_noncooperative,87,2025-07-14 21:30:00,0,441.4,441.4
baseline_noncooperative,88,2025-07-14 21:45:00,0,449.2,449.2
baseline_noncooperative,89,2025-07-14 22:00:00,0,432.9,432.9
baseline_noncooperative,90,2025-07-14 22:15:00,0,426.2,426.2
baseline_noncooperative,91,2025-07-14 22:30:00,0,431.6,431.6
baseline_noncooperative,92,2025-07-14 22:45:00,0,419.8,419.8
baseline_noncooperative,93,2025-07-14 23:00:00,0,411.7,411.7
baseline_noncooperative,94,2025-07-14 23:15:00,0,425.2,425.2
baseline_noncooperative,95,2025-07-14 23:30:00,0,417.5,417.5
baseline_noncooperative,96,2025-07-14 23:45:00,0,390.4,390.4
baseline_noncooperative,97,2025-07-15 00:00:00,0,383.8,383.8
baseline_noncooperative,98,2025-07-15 00:15:00,0,371.7,371.7
baseline_noncooperative,99,2025-07-15 00:30:00,0,386.8,386.8
baseline_noncooperative,100,2025-07-15 00:45:00,0,383.6,383.6
baseline_noncooperative,101,2025-07-15 01:00:00,0,372.8,372.8
baseline_noncooperative,102,2025-07-15 01:15:00,0,371.7,371.7
baseline_noncooperative,103,2025-07-15 01:30:00,0,377.2,377.2
baseline_noncooperative,104,2025-07-15 01:45:00,0,379.5,379.5
baseline_noncooperative,105,2025-07-15 02:00:00,0,381.6,381.6
baseline_noncooperative,106,2025-07-15 02:15:00,0,383.7,383.7
baseline_noncooperative,107,2025-07-15 02:30:00,0,377.7,377.7
baseline_noncooperative,108,2025-07-15 02:45:00,0,355.9,355.9
baseline_noncooperative,109,2025-07-15 03:00:00,0,385.6,385.6
baseline_noncooperative,110,2025-07-15 03:15:00,0,360.8,360.8
baseline_noncooperative,111,2025-07-15 03:30:00,0,364.3,364.3
baseline_noncooperative,112,2025-07-15 03:45:00,0,376.7,376.7
baseline_noncooperative,113,2025-07-15 04:00:00,0,373.3,373.3
baseline_noncooperative,114,2025-07-15 04:15:00,0,372.0,372.0
baseline_noncooperative,115,2025-07-15 04:30:00,0,364.5,364.5
baseline_noncooperative,116,2025-07-15 04:45:00,0,372.7,372.7
baseline_noncooperative,117,2025-07-15 05:00:00,0,379.5,379.5
baseline_noncooperative,118,2025-07-15 05:15:00,0,364.4,364.4
baseline_noncooperative,119,2025-07-15 05:30:00,0,387.9,387.9
baseline_noncooperative,120,2025-07-15 05:45:00,0,396.6,386.4
baseline_noncooperative,121,2025-07-15 06:00:00,0,395.4,369.5
baseline_noncooperative,122,2025-07-15 06:15:00,0,403.9,359.29999999999995
baseline_noncooperative,123,2025-07-15 06:30:00,0,440.5,375.0
baseline_noncooperative,124,2025-07-15 06:45:00,0,445.2,357.29999999999995
baseline_noncooperative,125,2025-07-15 07:00:00,0,453.7,342.29999999999995
baseline_noncooperative,126,2025-07-15 07:15:00,0,492.1,356.20000000000005
baseline_noncooperative,127,2025-07-15 07:30:00,0,497.0,365.2
baseline_noncooperative,128,2025-07-15 07:45:00,0,525.1,379.0
baseline_noncooperative,129,2025-07-15 08:00:00,0,552.3,401.9
baseline_noncooperative,130,2025-07-15 08:15:00,0,576.7,401.2000000000001
baseline_noncooperative,131,2025-07-15 08:30:00,0,589.6,407.4
baseline_noncooperative,132,2025-07-15 08:45:00,0,595.7,407.4
baseline_noncooperative,133,2025-07-15 09:00:00,0,626.8,407.5478260869564
baseline_noncooperative,134,2025-07-15 09:15:00,0,634.3,404.3
baseline_noncooperative,135,2025-07-15 09:30:00,0,652.3,403.7086956521738
baseline_noncooperative,136,2025-07-15 09:45:00,0,669.6,375.9347826086956
baseline_noncooperative,137,2025-07-15 10:00:00,0,665.1,343.1521739130435
baseline_noncooperative,138,2025-07-15 10:15:00,0,683.1,343.3826086956521
baseline_noncooperative,139,2025-07-15 10:30:00,0,698.8,318.5347826086956
baseline_noncooperative,140,2025-07-15 10:45:00,0,699.0,295.5521739130435
baseline_noncooperative,141,2025-07-15 11:00:00,0,722.1,306.5
baseline_noncooperative,142,2025-07-15 11:15:00,0,705.8,275.2217391304347
baseline_noncooperative,143,2025-07-15 11:30:00,0,720.2,276.6
baseline_noncooperative,144,2025-07-15 11:45:00,0,726.7,277.70000000000005
baseline_noncooperative,145,2025-07-15 12:00:00,0,692.6,240.40000000000003
baseline_noncooperative,146,2025-07-15 12:15:00,0,700.1,242.84347826086963
baseline_noncooperative,147,2025-07-15 12:30:00,0,685.1,218.90000000000003
baseline_noncooperative,148,2025-07-15 12:45:00,0,684.1,221.1
baseline_noncooperative,149,2025-07-15 13:00:00,0,689.6,232.0
baseline_noncooperative,150,2025-07-15 13:15:00,0,673.9,221.97391304347832
baseline_noncooperative,151,2025-07-15 13:30:00,0,683.8,236.2
baseline_noncooperative,152,2025-07-15 13:45:00,0,682.8,246.7
baseline_noncooperative,153,2025-07-15 14:00:00,0,724.1,301.40000000000003
baseline_noncooperative,154,2025-07-15 14:15:00,0,736.2,328.70000000000005
baseline_noncooperative,155,2025-07-15 14:30:00,0,739.1,348.5
baseline_noncooperative,156,2025-07-15 14:45:00,0,750.3,378.19999999999993
baseline_noncooperative,157,2025-07-15 15:00:00,1,740.3,388.1
baseline_noncooperative,158,2025-07-15 15:15:00,1,746.6,415.6
baseline_noncooperative,159,2025-07-15 15:30:00,1,736.7,428.1
baseline_noncooperative,160,2025-07-15 15:45:00,1,744.1,458.8
baseline_noncooperative,161,2025-07-15 16:00:00,1,752.7,491.50000000000006
baseline_noncooperative,162,2025-07-15 16:15:00,1,738.4,501.9
baseline_noncooperative,163,2025-07-15 16:30:00,1,769.0,557.6
baseline_noncooperative,164,2025-07-15 16:45:00,1,762.1,576.0
baseline_noncooperative,165,2025-07-15 17:00:00,1,729.5,568.7
baseline_noncooperative,166,2025-07-15 17:15:00,1,719.5,583.6
baseline_noncooperative,167,2025-07-15 17:30:00,1,682.9,571.5
baseline_noncooperative,168,2025-07-15 17:45:00,1,663.6,575.7
baseline_noncooperative,169,2025-07-15 18:00:00,1,632.9,567.4
baseline_noncooperative,170,2025-07-15 18:15:00,1,642.4,597.8
baseline_noncooperative,171,2025-07-15 18:30:00,1,613.1,587.2
baseline_noncooperative,172,2025-07-15 18:45:00,1,598.1,587.9
baseline_noncooperative,173,2025-07-15 19:00:00,1,593.0,593.0
baseline_noncooperative,174,2025-07-15 19:15:00,1,573.0,573.0
baseline_noncooperative,175,2025-07-15 19:30:00,1,557.5,557.5
baseline_noncooperative,176,2025-07-15 19:45:00,1,536.9,536.9
baseline_noncooperative,177,2025-07-15 20:00:00,1,497.1,497.1
baseline_noncooperative,178,2025-07-15 20:15:00,1,494.6,494.6
baseline_noncooperative,179,2025-07-15 20:30:00,1,490.1,490.1
baseline_noncooperative,180,2025-07-15 20:45:00,1,479.3,479.3
baseline_noncooperative,181,2025-07-15 21:00:00,0,463.0,463.0
baseline_noncooperative,182,2025-07-15 21:15:00,0,467.3,467.3
baseline_noncooperative,183,2025-07-15 21:30:00,0,452.4,452.4
baseline_noncooperative,184,2025-07-15 21:45:00,0,453.5,453.5
baseline_noncooperative,185,2025-07-15 22:00:00,0,455.6,455.6
baseline_noncooperative,186,2025-07-15 22:15:00,0,419.6,419.6
baseline_noncooperative,187,2025-07-15 22:30:00,0,426.3,426.3
baseline_noncooperative,188,2025-07-15 22:45:00,0,407.2,407.2
baseline_noncooperative,189,2025-07-15 23:00:00,0,422.5,422.5
baseline_noncooperative,190,2025-07-15 23:15:00,0,413.9,413.9
baseline_noncooperative,191,2025-07-15 23:30:00,0,421.5,421.5
baseline_noncooperative,192,2025-07-15 23:45:00,0,411.7,411.7
baseline_noncooperative,193,2025-07-16 00:00:00,0,384.1,384.1
baseline_noncooperative,194,2025-07-16 00:15:00,0,377.3,377.3
baseline_noncooperative,195,2025-07-16 00:30:00,0,375.5,375.5
baseline_noncooperative,196,2025-07-16 00:45:00,0,373.4,373.4
baseline_noncooperative,197,2025-07-16 01:00:00,0,384.9,384.9
baseline_noncooperative,198,2025-07-16 01:15:00,0,371.1,371.1
baseline_noncooperative,199,2025-07-16 01:30:00,0,367.6,367.6
baseline_noncooperative,200,2025-07-16 01:45:00,0,378.0,378.0
baseline_noncooperative,201,2025-07-16 02:00:00,0,372.0,372.0
baseline_noncooperative,202,2025-07-16 02:15:00,0,373.4,373.4
baseline_noncooperative,203,2025-07-16 02:30:00,0,369.2,369.2
baseline_noncooperative,204,2025-07-16 02:45:00,0,376.5,376.5
baseline_noncooperative,205,2025-07-16 03:00:00,0,382.2,382.2
baseline_noncooperative,206,2025-07-16 03:15:00,0,391.0,391.0
baseline_noncooperative,207,2025-07-16 03:30:00,0,387.1,387.1
baseline_noncooperative,208,2025-07-16 03:45:00,0,364.4,364.4
baseline_noncooperative,209,2025-07-16 04:00:00,0,372.5,372.5
baseline_noncooperative,210,2025-07-16 04:15:00,0,375.3,375.3
baseline_noncooperative,211,2025-07-16 04:30:00,0,373.2,373.2
baseline_noncooperative,212,2025-07-16 04:45:00,0,385.8,385.8
baseline_noncooperative,213,2025-07-16 05:00:00,0,368.1,368.1
baseline_noncooperative,214,2025-07-16 05:15:00,0,385.1,385.1
baseline_noncooperative,215,2025-07-16 05:30:00,0,376.0,376.0
baseline_noncooperative,216,2025-07-16 05:45:00,0,382.1,375.7000000000001
baseline_noncooperative,217,2025-07-16 06:00:00,0,405.9,389.7
baseline_noncooperative,218,2025-07-16 06:15:00,0,419.0,391.1
baseline_noncooperative,219,2025-07-16 06:30:00,0,425.8,384.9
baseline_noncooperative,220,2025-07-16 06:45:00,0,437.1,400.2000000000001
baseline_noncooperative,221,2025-07-16 07:00:00,0,458.4,406.7
baseline_noncooperative,222,2025-07-16 07:15:00,0,484.9,425.0
baseline_noncooperative,223,2025-07-16 07:30:00,0,503.5,435.0
baseline_noncooperative,224,2025-07-16 07:45:00,0,527.0,442.7
baseline_noncooperative,225,2025-07-16 08:00:00,0,543.8,455.2652173913043
baseline_noncooperative,226,2025-07-16 08:15:00,0,562.5,473.4391304347826
baseline_noncooperative,227,2025-07-16 08:30:00,0,573.8,472.6434782608696
baseline_noncooperative,228,2025-07-16 08:45:00,0,606.3,485.0
baseline_noncooperative,229,2025-07-16 09:00:00,0,621.6,492.7000000000001
baseline_noncooperative,230,2025-07-16 09:15:00,0,626.4,504.5
baseline_noncooperative,231,2025-07-16 09:30:00,0,634.5,503.5304347826087
baseline_noncooperative,232,2025-07-16 09:45:00,0,643.4,495.8
baseline_noncooperative,233,2025-07-16 10:00:00,0,665.3,506.19999999999993
baseline_noncooperative,234,2025-07-16 10:15:00,0,653.9,495.2
baseline_noncooperative,235,2025-07-16 10:30:00,0,674.9,497.1347826086956
baseline_noncooperative,236,2025-07-16 10:45:00,0,686.5,485.508695652174
baseline_noncooperative,237,2025-07-16 11:00:00,0,684.5,587.1652173913043
baseline_noncooperative,238,2025-07-16 11:15:00,0,699.9,588.8
baseline_noncooperative,239,2025-07-16 11:30:00,0,710.1,583.6608695652174
baseline_noncooperative,240,2025-07-16 11:45:00,0,718.9,578.3
baseline_noncooperative,241,2025-07-16 12:00:00,0,686.0,539.0391304347827
baseline_noncooperative,242,2025-07-16 12:15:00,0,680.8,531.8
baseline_noncooperative,243,2025-07-16 12:30:00,0,663.8,515.0999999999999
baseline_noncooperative,244,2025-07-16 12:45:00,0,660.9,507.3869565217391
baseline_noncooperative,245,2025-07-16 13:00:00,0,648.8,496.1
baseline_noncooperative,246,2025-07-16 13:15:00,0,662.0,509.42173913043473
baseline_noncooperative,247,2025-07-16 13:30:00,0,664.7,510.80000000000007
baseline_noncooperative,248,2025-07-16 13:45:00,0,658.5,508.6
baseline_noncooperative,249,2025-07-16 14:00:00,0,694.5,549.2
baseline_noncooperative,250,2025-07-16 14:15:00,0,717.5,462.8
baseline_noncooperative,251,2025-07-16 14:30:00,0,722.3,478.19999999999993
baseline_noncooperative,252,2025-07-16 14:45:00,0,730.8,498.19999999999993
baseline_noncooperative,253,2025-07-16 15:00:00,1,733.6,513.5
baseline_noncooperative,254,2025-07-16 15:15:00,1,742.3,535.4
baseline_noncooperative,255,2025-07-16 15:30:00,1,727.2,534.3000000000001
baseline_noncooperative,256,2025-07-16 15:45:00,1,739.9,561.5999999999999
baseline_noncooperative,257,2025-07-16 16:00:00,1,744.0,580.8
baseline_noncooperative,258,2025-07-16 16:15:00,1,728.5,580.7
baseline_noncooperative,259,2025-07-16 16:30:00,1,743.4,611.3
baseline_noncooperative,260,2025-07-16 16:45:00,1,731.3,615.0
baseline_noncooperative,261,2025-07-16 17:00:00,1,721.0,620.5
baseline_noncooperative,262,2025-07-16 17:15:00,1,709.7,624.8000000000001
baseline_noncooperative,263,2025-07-16 17:30:00,1,673.1,603.4
baseline_noncooperative,264,2025-07-16 17:45:00,1,649.1,594.2
baseline_noncooperative,265,2025-07-16 18:00:00,1,633.9,593.0
baseline_noncooperative,266,2025-07-16 18:15:00,1,605.3,577.4
baseline_noncooperative,267,2025-07-16 18:30:00,1,590.3,574.0999999999999
baseline_noncooperative,268,2025-07-16 18:45:00,1,585.5,579.1
baseline_noncooperative,269,2025-07-16 19:00:00,1,568.4,568.4
baseline_noncooperative,270,2025-07-16 19:15:00,1,558.0,558.0
baseline_noncooperative,271,2025-07-16 19:30:00,1,542.1,542.1
baseline_noncooperative,272,2025-07-16 19:45:00,1,533.9,533.9
baseline_noncooperative,273,2025-07-16 20:00:00,1,481.8,481.8
baseline_noncooperative,274,2025-07-16 20:15:00,1,483.2,483.2
baseline_noncooperative,275,2025-07-16 20:30:00,1,468.0,468.0
baseline_noncooperative,276,2025-07-16 20:45:00,1,464.9,464.9
baseline_noncooperative,277,2025-07-16 21:00:00,0,455.6,455.6
baseline_noncooperative,278,2025-07-16 21:15:00,0,454.2,454.2
baseline_noncooperative,279,2025-07-16 21:30:00,0,448.9,448.9
baseline_noncooperative,280,2025-07-16 21:45:00,0,447.3,447.3
baseline_noncooperative,281,2025-07-16 22:00:00,0,430.5,430.5
baseline_noncooperative,282,2025-07-16 22:15:00,0,417.1,417.1
baseline_noncooperative,283,2025-07-16 22:30:00,0,418.8,418.8
baseline_noncooperative,284,2025-07-16 22:45:00,0,417.2,417.2
baseline_noncooperative,285,2025-07-16 23:00:00,0,410.5,410.5
baseline_noncooperative,286,2025-07-16 23:15:00,0,412.4,412.4
baseline_noncooperative,287,2025-07-16 23:30:00,0,395.8,395.8
baseline_noncooperative,288,2025-07-16 23:45:00,0,390.2,390.2
baseline_noncooperative,289,2025-07-17 00:00:00,0,380.9,380.9
baseline_noncooperative,290,2025-07-17 00:15:00,0,387.9,387.9
baseline_noncooperative,291,2025-07-17 00:30:00,0,372.3,372.3
baseline_noncooperative,292,2025-07-17 00:45:00,0,393.4,393.4
baseline_noncooperative,293,2025-07-17 01:00:00,0,383.1,383.1
baseline_noncooperative,294,2025-07-17 01:15:00,0,370.1,370.1
baseline_noncooperative,295,2025-07-17 01:30:00,0,366.4,366.4
baseline_noncooperative,296,2025-07-17 01:45:00,0,380.4,380.4
baseline_noncooperative,297,2025-07-17 02:00:00,0,373.2,373.2
baseline_noncooperative,298,2025-07-17 02:15:00,0,367.7,367.7
baseline_noncooperative,299,2025-07-17 02:30:00,0,369.6,369.6
baseline_noncooperative,300,2025-07-17 02:45:00,0,382.4,382.4
baseline_noncooperative,301,2025-07-17 03:00:00,0,375.5,375.5
baseline_noncooperative,302,2025-07-17 03:15:00,0,369.7,369.7
baseline_noncooperative,303,2025-07-17 03:30:00,0,373.7,373.7
baseline_noncooperative,304,2025-07-17 03:45:00,0,380.8,380.8
baseline_noncooperative,305,2025-07-17 04:00:00,0,378.4,378.4
baseline_noncooperative,306,2025-07-17 04:15:00,0,380.6,380.6
baseline_noncooperative,307,2025-07-17 04:30:00,0,374.3,374.3
baseline_noncooperative,308,2025-07-17 04:45:00,0,376.9,376.9
baseline_noncooperative,309,2025-07-17 05:00:00,0,386.2,386.2
baseline_noncooperative,310,2025-07-17 05:15:00,0,380.5,380.5
baseline_noncooperative,311,2025-07-17 05:30:00,0,368.2,368.2
baseline_noncooperative,312,2025-07-17 05:45:00,0,368.0,358.5
baseline_noncooperative,313,2025-07-17 06:00:00,0,402.9,378.8
baseline_noncooperative,314,2025-07-17 06:15:00,0,418.3,376.7
baseline_noncooperative,315,2025-07-17 06:30:00,0,424.0,363.0
baseline_noncooperative,316,2025-07-17 06:45:00,0,435.2,360.3
baseline_noncooperative,317,2025-07-17 07:00:00,0,450.9,365.1
baseline_noncooperative,318,2025-07-17 07:15:00,0,488.9,380.3
baseline_noncooperative,319,2025-07-17 07:30:00,0,499.4,374.5
baseline_noncooperative,320,2025-07-17 07:45:00,0,527.5,397.1
baseline_noncooperative,321,2025-07-17 08:00:00,0,554.5,414.5
baseline_noncooperative,322,2025-07-17 08:15:00,0,551.2,441.80000000000007
baseline_noncooperative,323,2025-07-17 08:30:00,0,582.6,456.0695652173914
baseline_noncooperative,324,2025-07-17 08:45:00,0,607.8,463.9
baseline_noncooperative,325,2025-07-17 09:00:00,0,626.4,489.8
baseline_noncooperative,326,2025-07-17 09:15:00,0,631.8,457.791304347826
baseline_noncooperative,327,2025-07-17 09:30:00,0,642.7,454.50000000000006
baseline_noncooperative,328,2025-07-17 09:45:00,0,663.0,449.80869565217387
baseline_noncooperative,329,2025-07-17 10:00:00,0,668.5,430.5
baseline_noncooperative,330,2025-07-17 10:15:00,0,666.5,408.8
baseline_noncooperative,331,2025-07-17 10:30:00,0,687.5,398.33913043478265
baseline_noncooperative,332,2025-07-17 10:45:00,0,679.7,366.30000000000007
baseline_noncooperative,333,2025-07-17 11:00:00,0,709.7,375.8173913043478
baseline_noncooperative,334,2025-07-17 11:15:00,0,712.2,352.0695652173913
baseline_noncooperative,335,2025-07-17 11:30:00,0,709.0,338.6217391304349
baseline_noncooperative,336,2025-07-17 11:45:00,0,726.1,335.2739130434783
baseline_noncooperative,337,2025-07-17 12:00:00,0,670.8,269.5826086956521
baseline_noncooperative,338,2025-07-17 12:15:00,0,664.5,243.5
baseline_noncooperative,339,2025-07-17 12:30:00,0,673.4,253.4
baseline_noncooperative,340,2025-07-17 12:45:00,0,669.4,252.4
baseline_noncooperative,341,2025-07-17 13:00:00,0,673.7,261.80000000000007
baseline_noncooperative,342,2025-07-17 13:15:00,0,671.2,259.2434782608698
baseline_noncooperative,343,2025-07-17 13:30:00,0,666.4,254.8652173913044
baseline_noncooperative,344,2025-07-17 13:45:00,0,667.8,261.4
baseline_noncooperative,345,2025-07-17 14:00:00,0,716.3,440.6
baseline_noncooperative,346,2025-07-17 14:15:00,0,727.3,461.5
baseline_noncooperative,347,2025-07-17 14:30:00,0,738.5,483.7
baseline_noncooperative,348,2025-07-17 14:45:00,0,725.9,483.2
baseline_noncooperative,349,2025-07-17 15:00:00,1,739.2,509.50000000000006
baseline_noncooperative,350,2025-07-17 15:15:00,1,732.2,423.80000000000007
baseline_noncooperative,351,2025-07-17 15:30:00,1,746.4,458.8
baseline_noncooperative,352,2025-07-17 15:45:00,1,739.9,474.0
baseline_noncooperative,353,2025-07-17 16:00:00,1,750.0,506.6
baseline_noncooperative,354,2025-07-17 16:15:00,1,754.6,534.2
baseline_noncooperative,355,2025-07-17 16:30:00,1,755.7,558.7
baseline_noncooperative,356,2025-07-17 16:45:00,1,747.0,573.6
baseline_noncooperative,357,2025-07-17 17:00:00,1,715.3,565.4
baseline_noncooperative,358,2025-07-17 17:15:00,1,718.4,591.8
baseline_noncooperative,359,2025-07-17 17:30:00,1,673.1,569.3000000000001
baseline_noncooperative,360,2025-07-17 17:45:00,1,669.4,587.5
baseline_noncooperative,361,2025-07-17 18:00:00,1,639.8,578.8
baseline_noncooperative,362,2025-07-17 18:15:00,1,619.4,577.8
baseline_noncooperative,363,2025-07-17 18:30:00,1,618.1,594.0
baseline_noncooperative,364,2025-07-17 18:45:00,1,601.3,591.8
baseline_noncooperative,365,2025-07-17 19:00:00,1,590.4,590.4
baseline_noncooperative,366,2025-07-17 19:15:00,1,554.1,554.1
baseline_noncooperative,367,2025-07-17 19:30:00,1,558.0,558.0
baseline_noncooperative,368,2025-07-17 19:45:00,1,534.9,534.9
baseline_noncooperative,369,2025-07-17 20:00:00,1,489.6,489.6
baseline_noncooperative,370,2025-07-17 20:15:00,1,480.6,480.6
baseline_noncooperative,371,2025-07-17 20:30:00,1,486.5,486.5
baseline_noncooperative,372,2025-07-17 20:45:00,1,463.2,463.2
baseline_noncooperative,373,2025-07-17 21:00:00,0,468.8,468.8
baseline_noncooperative,374,2025-07-17 21:15:00,0,469.6,469.6
baseline_noncooperative,375,2025-07-17 21:30:00,0,468.9,468.9
baseline_noncooperative,376,2025-07-17 21:45:00,0,439.5,439.5
baseline_noncooperative,377,2025-07-17 22:00:00,0,434.2,434.2
baseline_noncooperative,378,2025-07-17 22:15:00,0,424.8,424.8
baseline_noncooperative,379,2025-07-17 22:30:00,0,408.9,408.9
baseline_noncooperative,380,2025-07-17 22:45:00,0,422.6,422.6
baseline_noncooperative,381,2025-07-17 23:00:00,0,411.9,411.9
baseline_noncooperative,382,2025-07-17 23:15:00,0,426.8,426.8
baseline_noncooperative,383,2025-07-17 23:30:00,0,396.5,396.5
baseline_noncooperative,384,2025-07-17 23:45:00,0,397.3,397.3
baseline_noncooperative,385,2025-07-18 00:00:00,0,361.9,361.9
baseline_noncooperative,386,2025-07-18 00:15:00,0,391.0,391.0
baseline_noncooperative,387,2025-07-18 00:30:00,0,373.4,373.4
baseline_noncooperative,388,2025-07-18 00:45:00,0,380.2,380.2
baseline_noncooperative,389,2025-07-18 01:00:00,0,371.7,371.7
baseline_noncooperative,390,2025-07-18 01:15:00,0,378.8,378.8
baseline_noncooperative,391,2025-07-18 01:30:00,0,362.5,362.5
baseline_noncooperative,392,2025-07-18 01:45:00,0,375.8,375.8
baseline_noncooperative,393,2025-07-18 02:00:00,0,373.1,373.1
baseline_noncooperative,394,2025-07-18 02:15:00,0,371.8,371.8
baseline_noncooperative,395,2025-07-18 02:30:00,0,373.6,373.6
baseline_noncooperative,396,2025-07-18 02:45:00,0,374.7,374.7
baseline_noncooperative,397,2025-07-18 03:00:00,0,377.6,377.6
baseline_noncooperative,398,2025-07-18 03:15:00,0,361.2,361.2
baseline_noncooperative,399,2025-07-18 03:30:00,0,363.8,363.8
baseline_noncooperative,400,2025-07-18 03:45:00,0,381.1,381.1
baseline_noncooperative,401,2025-07-18 04:00:00,0,374.9,374.9
baseline_noncooperative,402,2025-07-18 04:15:00,0,376.7,376.7
baseline_noncooperative,403,2025-07-18 04:30:00,0,367.8,367.8
baseline_noncooperative,404,2025-07-18 04:45:00,0,383.7,383.7
baseline_noncooperative,405,2025-07-18 05:00:00,0,373.5,373.5
baseline_noncooperative,406,2025-07-18 05:15:00,0,372.5,372.5
baseline_noncooperative,407,2025-07-18 05:30:00,0,384.3,384.3
baseline_noncooperative,408,2025-07-18 05:45:00,0,380.4,369.1
baseline_noncooperative,409,2025-07-18 06:00:00,0,408.4,379.5
baseline_noncooperative,410,2025-07-18 06:15:00,0,425.8,376.1
baseline_noncooperative,411,2025-07-18 06:30:00,0,436.9,364.0
baseline_noncooperative,412,2025-07-18 06:45:00,0,442.6,344.8
baseline_noncooperative,413,2025-07-18 07:00:00,0,488.3,375.2000000000001
baseline_noncooperative,414,2025-07-18 07:15:00,0,490.1,349.8
baseline_noncooperative,415,2025-07-18 07:30:00,0,514.5,346.4
baseline_noncooperative,416,2025-07-18 07:45:00,0,522.2,326.00000000000006
baseline_noncooperative,417,2025-07-18 08:00:00,0,558.7,352.30000000000007
baseline_noncooperative,418,2025-07-18 08:15:00,0,582.3,354.9
baseline_noncooperative,419,2025-07-18 08:30:00,0,600.3,369.5739130434782
baseline_noncooperative,420,2025-07-18 08:45:00,0,631.0,367.3
baseline_noncooperative,421,2025-07-18 09:00:00,0,632.5,364.8
baseline_noncooperative,422,2025-07-18 09:15:00,0,644.9,373.3
baseline_noncooperative,423,2025-07-18 09:30:00,0,658.4,370.2
baseline_noncooperative,424,2025-07-18 09:45:00,0,671.8,363.704347826087
baseline_noncooperative,425,2025-07-18 10:00:00,0,674.9,350.9
baseline_noncooperative,426,2025-07-18 10:15:00,0,697.4,349.4260869565217
baseline_noncooperative,427,2025-07-18 10:30:00,0,706.3,324.0652173913043
baseline_noncooperative,428,2025-07-18 10:45:00,0,706.0,286.604347826087
baseline_noncooperative,429,2025-07-18 11:00:00,0,705.8,271.29999999999995
baseline_noncooperative,430,2025-07-18 11:15:00,0,724.1,290.0
baseline_noncooperative,431,2025-07-18 11:30:00,0,732.7,280.95217391304345
baseline_noncooperative,432,2025-07-18 11:45:00,0,733.3,268.6391304347826
baseline_noncooperative,433,2025-07-18 12:00:00,0,702.5,227.6304347826088
baseline_noncooperative,434,2025-07-18 12:15:00,0,691.9,205.43913043478256
baseline_noncooperative,435,2025-07-18 12:30:00,0,693.7,205.70000000000005
baseline_noncooperative,436,2025-07-18 12:45:00,0,692.0,207.6
baseline_noncooperative,437,2025-07-18 13:00:00,0,690.5,212.1
baseline_noncooperative,438,2025-07-18 13:15:00,0,676.5,195.7913043478262
baseline_noncooperative,439,2025-07-18 13:30:00,0,677.0,191.1521739130435
baseline_noncooperative,440,2025-07-18 13:45:00,0,700.3,225.6
baseline_noncooperative,441,2025-07-18 14:00:00,0,728.8,268.99999999999994
baseline_noncooperative,442,2025-07-18 14:15:00,0,736.7,293.90000000000003
baseline_noncooperative,443,2025-07-18 14:30:00,0,744.1,320.1
baseline_noncooperative,444,2025-07-18 14:45:00,0,732.1,321.09130434782605
baseline_noncooperative,445,2025-07-18 15:00:00,1,739.1,346.90000000000003
baseline_noncooperative,446,2025-07-18 15:15:00,1,738.9,370.3
baseline_noncooperative,447,2025-07-18 15:30:00,1,743.1,399.4
baseline_noncooperative,448,2025-07-18 15:45:00,1,752.2,434.50000000000006
baseline_noncooperative,449,2025-07-18 16:00:00,1,757.4,466.5
baseline_noncooperative,450,2025-07-18 16:15:00,1,758.6,495.2000000000001
baseline_noncooperative,451,2025-07-18 16:30:00,1,756.1,520.7
baseline_noncooperative,452,2025-07-18 16:45:00,1,748.2,541.0
baseline_noncooperative,453,2025-07-18 17:00:00,1,728.6,549.5
baseline_noncooperative,454,2025-07-18 17:15:00,1,734.0,582.7
baseline_noncooperative,455,2025-07-18 17:30:00,1,670.8,546.6999999999999
baseline_noncooperative,456,2025-07-18 17:45:00,1,668.6,570.8000000000001
baseline_noncooperative,457,2025-07-18 18:00:00,1,649.5,576.6
baseline_noncooperative,458,2025-07-18 18:15:00,1,638.1,588.4
baseline_noncooperative,459,2025-07-18 18:30:00,1,622.2,593.3000000000001
baseline_noncooperative,460,2025-07-18 18:45:00,1,600.9,589.6
baseline_noncooperative,461,2025-07-18 19:00:00,1,580.1,580.1
baseline_noncooperative,462,2025-07-18 19:15:00,1,575.9,575.9
baseline_noncooperative,463,2025-07-18 19:30:00,1,567.9,567.9
baseline_noncooperative,464,2025-07-18 19:45:00,1,548.3,548.3
baseline_noncooperative,465,2025-07-18 20:00:00,1,510.7,510.7
baseline_noncooperative,466,2025-07-18 20:15:00,1,499.2,499.2
baseline_noncooperative,467,2025-07-18 20:30:00,1,497.1,497.1
baseline_noncooperative,468,2025-07-18 20:45:00,1,472.2,472.2
baseline_noncooperative,469,2025-07-18 21:00:00,0,489.5,489.5
baseline_noncooperative,470,2025-07-18 21:15:00,0,456.1,456.1
baseline_noncooperative,471,2025-07-18 21:30:00,0,464.6,464.6
baseline_noncooperative,472,2025-07-18 21:45:00,0,454.0,454.0
baseline_noncooperative,473,2025-07-18 22:00:00,0,443.9,443.9
baseline_noncooperative,474,2025-07-18 22:15:00,0,434.0,434.0
baseline_noncooperative,475,2025-07-18 22:30:00,0,439.7,439.7
baseline_noncooperative,476,2025-07-18 22:45:00,0,435.1,435.1
baseline_noncooperative,477,2025-07-18 23:00:00,0,412.2,412.2
baseline_noncooperative,478,2025-07-18 23:15:00,0,428.9,428.9
baseline_noncooperative,479,2025-07-18 23:30:00,0,405.8,405.8
baseline_noncooperative,480,2025-07-18 23:45:00,0,403.2,403.2
baseline_noncooperative,481,2025-07-19 00:00:00,0,333.3,333.3
baseline_noncooperative,482,2025-07-19 00:15:00,0,320.3,320.3
baseline_noncooperative,483,2025-07-19 00:30:00,0,338.8,338.8
baseline_noncooperative,484,2025-07-19 00:45:00,0,343.3,343.3
baseline_noncooperative,485,2025-07-19 01:00:00,0,342.6,342.6
baseline_noncooperative,486,2025-07-19 01:15:00,0,333.7,333.7
baseline_noncooperative,487,2025-07-19 01:30:00,0,335.3,335.3
baseline_noncooperative,488,2025-07-19 01:45:00,0,329.7,329.7
baseline_noncooperative,489,2025-07-19 02:00:00,0,333.5,333.5
baseline_noncooperative,490,2025-07-19 02:15:00,0,353.5,353.5
baseline_noncooperative,491,2025-07-19 02:30:00,0,340.7,340.7
baseline_noncooperative,492,2025-07-19 02:45:00,0,333.9,333.9
baseline_noncooperative,493,2025-07-19 03:00:00,0,333.7,333.7
baseline_noncooperative,494,2025-07-19 03:15:00,0,334.5,334.5
baseline_noncooperative,495,2025-07-19 03:30:00,0,336.1,336.1
baseline_noncooperative,496,2025-07-19 03:45:00,0,328.9,328.9
baseline_noncooperative,497,2025-07-19 04:00:00,0,342.2,342.2
baseline_noncooperative,498,2025-07-19 04:15:00,0,343.0,343.0
baseline_noncooperative,499,2025-07-19 04:30:00,0,342.8,342.8
baseline_noncooperative,500,2025-07-19 04:45:00,0,328.4,328.4
baseline_noncooperative,501,2025-07-19 05:00:00,0,329.5,329.5
baseline_noncooperative,502,2025-07-19 05:15:00,0,333.4,333.4
baseline_noncooperative,503,2025-07-19 05:30:00,0,328.5,328.5
baseline_noncooperative,504,2025-07-19 05:45:00,0,334.8,326.1
baseline_noncooperative,505,2025-07-19 06:00:00,0,327.1,305.0
baseline_noncooperative,506,2025-07-19 06:15:00,0,341.0,303.0
baseline_noncooperative,507,2025-07-19 06:30:00,0,348.5,292.7
baseline_noncooperative,508,2025-07-19 06:45:00,0,338.9,264.0
baseline_noncooperative,509,2025-07-19 07:00:00,0,369.5,274.5
baseline_noncooperative,510,2025-07-19 07:15:00,0,352.5,236.7
baseline_noncooperative,511,2025-07-19 07:30:00,0,358.8,221.7
baseline_noncooperative,512,2025-07-19 07:45:00,0,373.1,214.50000000000003
baseline_noncooperative,513,2025-07-19 08:00:00,0,424.1,244.00000000000003
baseline_noncooperative,514,2025-07-19 08:15:00,0,418.4,216.9
baseline_noncooperative,515,2025-07-19 08:30:00,0,442.7,220.1
baseline_noncooperative,516,2025-07-19 08:45:00,0,451.0,207.8
baseline_noncooperative,517,2025-07-19 09:00:00,0,440.9,177.89999999999998
baseline_noncooperative,518,2025-07-19 09:15:00,0,480.0,197.9
baseline_noncooperative,519,2025-07-19 09:30:00,0,467.8,167.60000000000002
baseline_noncooperative,520,2025-07-19 09:45:00,0,483.5,173.3
baseline_noncooperative,521,2025-07-19 10:00:00,0,468.6,142.70000000000005
baseline_noncooperative,522,2025-07-19 10:15:00,0,476.2,142.89999999999998
baseline_noncooperative,523,2025-07-19 10:30:00,0,498.3,151.99999999999994
baseline_noncooperative,524,2025-07-19 10:45:00,0,499.5,141.8
baseline_noncooperative,525,2025-07-19 11:00:00,0,494.7,127.2
baseline_noncooperative,526,2025-07-19 11:15:00,0,503.6,128.0
baseline_noncooperative,527,2025-07-19 11:30:00,0,511.4,135.7913043478261
baseline_noncooperative,528,2025-07-19 11:45:00,0,513.8,131.19999999999993
baseline_noncooperative,529,2025-07-19 12:00:00,0,518.0,146.7
baseline_noncooperative,530,2025-07-19 12:15:00,0,505.1,139.90000000000003
baseline_noncooperative,531,2025-07-19 12:30:00,0,537.0,172.7
baseline_noncooperative,532,2025-07-19 12:45:00,0,528.9,164.1260869565217
baseline_noncooperative,533,2025-07-19 13:00:00,0,539.1,175.10000000000002
baseline_noncooperative,534,2025-07-19 13:15:00,0,534.7,174.23043478260877
baseline_noncooperative,535,2025-07-19 13:30:00,0,530.9,174.39999999999998
baseline_noncooperative,536,2025-07-19 13:45:00,0,538.3,191.6
baseline_noncooperative,537,2025-07-19 14:00:00,0,531.2,181.90000000000003
baseline_noncooperative,538,2025-07-19 14:15:00,0,533.8,193.5
baseline_noncooperative,539,2025-07-19 14:30:00,0,529.1,203.20000000000005
baseline_noncooperative,540,2025-07-19 14:45:00,0,541.0,230.8
baseline_noncooperative,541,2025-07-19 15:00:00,0,537.3,244.1
baseline_noncooperative,542,2025-07-19 15:15:00,0,526.2,247.4913043478261
baseline_noncooperative,543,2025-07-19 15:30:00,0,536.3,273.29999999999995
baseline_noncooperative,544,2025-07-19 15:45:00,0,529.7,286.50000000000006
baseline_noncooperative,545,2025-07-19 16:00:00,0,530.6,308.0
baseline_noncooperative,546,2025-07-19 16:15:00,0,523.2,321.70000000000005
baseline_noncooperative,547,2025-07-19 16:30:00,0,509.2,329.1
baseline_noncooperative,548,2025-07-19 16:45:00,0,509.1,350.5
baseline_noncooperative,549,2025-07-19 17:00:00,0,496.2,359.1
baseline_noncooperative,550,2025-07-19 17:15:00,0,490.3,374.5
baseline_noncooperative,551,2025-07-19 17:30:00,0,490.3,395.3
baseline_noncooperative,552,2025-07-19 17:45:00,0,486.6,411.7000000000001
baseline_noncooperative,553,2025-07-19 18:00:00,1,443.1,387.3
baseline_noncooperative,554,2025-07-19 18:15:00,1,443.6,405.6
baseline_noncooperative,555,2025-07-19 18:30:00,1,447.0,424.9
baseline_noncooperative,556,2025-07-19 18:45:00,1,433.3,424.6
baseline_noncooperative,557,2025-07-19 19:00:00,1,437.1,437.1
baseline_noncooperative,558,2025-07-19 19:15:00,1,420.0,420.0
baseline_noncooperative,559,2025-07-19 19:30:00,1,410.9,410.9
baseline_noncooperative,560,2025-07-19 19:45:00,1,408.7,408.7
baseline_noncooperative,561,2025-07-19 20:00:00,1,414.8,414.8
baseline_noncooperative,562,2025-07-19 20:15:00,1,398.7,398.7
baseline_noncooperative,563,2025-07-19 20:30:00,1,402.4,402.4
baseline_noncooperative,564,2025-07-19 20:45:00,1,379.5,379.5
baseline_noncooperative,565,2025-07-19 21:00:00,0,360.0,360.0
baseline_noncooperative,566,2025-07-19 21:15:00,0,373.3,373.3
baseline_noncooperative,567,2025-07-19 21:30:00,0,362.7,362.7
baseline_noncooperative,568,2025-07-19 21:45:00,0,358.0,358.0
baseline_noncooperative,569,2025-07-19 22:00:00,0,330.2,330.2
baseline_noncooperative,570,2025-07-19 22:15:00,0,340.0,340.0
baseline_noncooperative,571,2025-07-19 22:30:00,0,328.4,328.4
baseline_noncooperative,572,2025-07-19 22:45:00,0,334.0,334.0
baseline_noncooperative,573,2025-07-19 23:00:00,0,342.5,342.5
baseline_noncooperative,574,2025-07-19 23:15:00,0,318.5,318.5
baseline_noncooperative,575,2025-07-19 23:30:00,0,327.7,327.7
baseline_noncooperative,576,2025-07-19 23:45:00,0,318.0,318.0
baseline_noncooperative,577,2025-07-20 00:00:00,0,350.2,350.2
baseline_noncooperative,578,2025-07-20 00:15:00,0,342.3,342.3
baseline_noncooperative,579,2025-07-20 00:30:00,0,341.6,341.6
baseline_noncooperative,580,2025-07-20 00:45:00,0,326.4,326.4
baseline_noncooperative,581,2025-07-20 01:00:00,0,345.4,345.4
baseline_noncooperative,582,2025-07-20 01:15:00,0,331.1,331.1
baseline_noncooperative,583,2025-07-20 01:30:00,0,336.7,336.7
baseline_noncooperative,584,2025-07-20 01:45:00,0,339.7,339.7
baseline_noncooperative,585,2025-07-20 02:00:00,0,333.3,333.3
baseline_noncooperative,586,2025-07-20 02:15:00,0,337.6,337.6
baseline_noncooperative,587,2025-07-20 02:30:00,0,334.4,334.4
baseline_noncooperative,588,2025-07-20 02:45:00,0,340.6,340.6
baseline_noncooperative,589,2025-07-20 03:00:00,0,336.4,336.4
baseline_noncooperative,590,2025-07-20 03:15:00,0,327.9,327.9
baseline_noncooperative,591,2025-07-20 03:30:00,0,325.3,325.3
baseline_noncooperative,592,2025-07-20 03:45:00,0,333.3,333.3
baseline_noncooperative,593,2025-07-20 04:00:00,0,337.5,337.5
baseline_noncooperative,594,2025-07-20 04:15:00,0,346.9,346.9
baseline_noncooperative,595,2025-07-20 04:30:00,0,328.4,328.4
baseline_noncooperative,596,2025-07-20 04:45:00,0,332.7,332.7
baseline_noncooperative,597,2025-07-20 05:00:00,0,328.0,328.0
baseline_noncooperative,598,2025-07-20 05:15:00,0,327.1,327.1
baseline_noncooperative,599,2025-07-20 05:30:00,0,327.6,327.6
baseline_noncooperative,600,2025-07-20 05:45:00,0,332.2,324.1
baseline_noncooperative,601,2025-07-20 06:00:00,0,332.2,311.6
baseline_noncooperative,602,2025-07-20 06:15:00,0,337.1,301.6
baseline_noncooperative,603,2025-07-20 06:30:00,0,339.9,287.79999999999995
baseline_noncooperative,604,2025-07-20 06:45:00,0,337.2,267.29999999999995
baseline_noncooperative,605,2025-07-20 07:00:00,0,346.9,258.29999999999995
baseline_noncooperative,606,2025-07-20 07:15:00,0,356.4,248.3
baseline_noncooperative,607,2025-07-20 07:30:00,0,358.1,230.2
baseline_noncooperative,608,2025-07-20 07:45:00,0,364.6,216.6
baseline_noncooperative,609,2025-07-20 08:00:00,0,413.2,245.1
baseline_noncooperative,610,2025-07-20 08:15:00,0,417.7,229.6
baseline_noncooperative,611,2025-07-20 08:30:00,0,437.0,229.2
baseline_noncooperative,612,2025-07-20 08:45:00,0,437.9,217.9
baseline_noncooperative,613,2025-07-20 09:00:00,0,433.2,194.7
baseline_noncooperative,614,2025-07-20 09:15:00,0,458.5,202.2
baseline_noncooperative,615,2025-07-20 09:30:00,0,464.4,191.2
baseline_noncooperative,616,2025-07-20 09:45:00,0,471.3,182.3
baseline_noncooperative,617,2025-07-20 10:00:00,0,473.9,170.2
baseline_noncooperative,618,2025-07-20 10:15:00,0,490.8,180.6
baseline_noncooperative,619,2025-07-20 10:30:00,0,477.8,155.5
baseline_noncooperative,620,2025-07-20 10:45:00,0,488.1,162.20000000000005
baseline_noncooperative,621,2025-07-20 11:00:00,0,505.3,181.2
baseline_noncooperative,622,2025-07-20 11:15:00,0,497.2,183.9043478260869
baseline_noncooperative,623,2025-07-20 11:30:00,0,492.6,170.0
baseline_noncooperative,624,2025-07-20 11:45:00,0,506.8,179.89999999999998
baseline_noncooperative,625,2025-07-20 12:00:00,0,513.4,195.0
baseline_noncooperative,626,2025-07-20 12:15:00,0,516.4,190.1
baseline_noncooperative,627,2025-07-20 12:30:00,0,528.7,203.30000000000007
baseline_noncooperative,628,2025-07-20 12:45:00,0,514.1,191.20000000000005
baseline_noncooperative,629,2025-07-20 13:00:00,0,523.6,202.3913043478261
baseline_noncooperative,630,2025-07-20 13:15:00,0,512.0,184.1391304347825
baseline_noncooperative,631,2025-07-20 13:30:00,0,539.2,214.3608695652174
baseline_noncooperative,632,2025-07-20 13:45:00,0,535.8,210.3347826086956
baseline_noncooperative,633,2025-07-20 14:00:00,0,529.5,204.2
baseline_noncooperative,634,2025-07-20 14:15:00,0,522.7,209.50000000000009
baseline_noncooperative,635,2025-07-20 14:30:00,0,528.1,228.40000000000003
baseline_noncooperative,636,2025-07-20 14:45:00,0,516.8,223.71304347826072
baseline_noncooperative,637,2025-07-20 15:00:00,0,526.6,246.40000000000003
baseline_noncooperative,638,2025-07-20 15:15:00,0,521.7,258.40000000000003
baseline_noncooperative,639,2025-07-20 15:30:00,0,526.6,281.1
baseline_noncooperative,640,2025-07-20 15:45:00,0,514.2,287.20000000000005
baseline_noncooperative,641,2025-07-20 16:00:00,0,509.1,301.3
baseline_noncooperative,642,2025-07-20 16:15:00,0,505.2,317.1
baseline_noncooperative,643,2025-07-20 16:30:00,0,507.3,339.20000000000005
baseline_noncooperative,644,2025-07-20 16:45:00,0,514.1,366.1
baseline_noncooperative,645,2025-07-20 17:00:00,0,502.3,374.4
baseline_noncooperative,646,2025-07-20 17:15:00,0,487.6,379.5
baseline_noncooperative,647,2025-07-20 17:30:00,0,470.0,381.4
baseline_noncooperative,648,2025-07-20 17:45:00,0,472.1,402.2000000000001
baseline_noncooperative,649,2025-07-20 18:00:00,1,437.0,384.9
baseline_noncooperative,650,2025-07-20 18:15:00,1,438.0,402.5
baseline_noncooperative,651,2025-07-20 18:30:00,1,419.1,398.5
baseline_noncooperative,652,2025-07-20 18:45:00,1,412.2,404.1
baseline_noncooperative,653,2025-07-20 19:00:00,1,427.6,427.6
baseline_noncooperative,654,2025-07-20 19:15:00,1,418.5,418.5
baseline_noncooperative,655,2025-07-20 19:30:00,1,413.3,413.3
baseline_noncooperative,656,2025-07-20 19:45:00,1,413.5,413.5
baseline_noncooperative,657,2025-07-20 20:00:00,1,404.8,404.8
baseline_noncooperative,658,2025-07-20 20:15:00,1,391.4,391.4
baseline_noncooperative,659,2025-07-20 20:30:00,1,399.9,399.9
baseline_noncooperative,660,2025-07-20 20:45:00,1,381.0,381.0
baseline_noncooperative,661,2025-07-20 21:00:00,0,361.0,361.0
baseline_noncooperative,662,2025-07-20 21:15:00,0,345.1,345.1
baseline_noncooperative,663,2025-07-20 21:30:00,0,358.0,358.0
baseline_noncooperative,664,2025-07-20 21:45:00,0,355.7,355.7
baseline_noncooperative,665,2025-07-20 22:00:00,0,334.2,334.2
baseline_noncooperative,666,2025-07-20 22:15:00,0,320.8,320.8
baseline_noncooperative,667,2025-07-20 22:30:00,0,321.5,321.5
baseline_noncooperative,668,2025-07-20 22:45:00,0,324.4,324.4
baseline_noncooperative,669,2025-07-20 23:00:00,0,309.1,309.1
baseline_noncooperative,670,2025-07-20 23:15:00,0,314.7,314.7
baseline_noncooperative,671,2025-07-20 23:30:00,0,319.9,319.9
baseline_noncooperative,672,2025-07-20 23:45:00,0,319.0,319.0
