slot_id,timestamp,date,price_buy_yuan_per_kwh,p1_grid_import_kw,bl_grid_import_kw,p1_ess_net_kw,bl_ess_net_kw,p1_ev_net_kw,bl_ev_net_kw,p1_building_net_kw,bl_building_net_kw,p1_pv_curtail_kw,bl_pv_curtail_kw
1,2025-07-14 00:00:00,2025-07-14,0.42,382.7,382.7,0.0,0.0,0.0,0.0,0.0,0.0,0.0,0.0
2,2025-07-14 00:15:00,2025-07-14,0.42,384.3,384.3,0.0,0.0,0.0,0.0,0.0,0.0,0.0,0.0
3,2025-07-14 00:30:00,2025-07-14,0.42,373.5,373.5,0.0,0.0,0.0,0.0,0.0,0.0,0.0,0.0
4,2025-07-14 00:45:00,2025-07-14,0.42,357.0,357.0,0.0,0.0,0.0,0.0,0.0,0.0,0.0,0.0
5,2025-07-14 01:00:00,2025-07-14,0.42,367.6,367.5,0.0,0.0,0.0,0.0,0.0,0.0,0.0,0.0
6,2025-07-14 01:15:00,2025-07-14,0.42,370.1,370.2,0.0,0.0,0.0,0.0,0.0,0.0,0.0,0.0
7,2025-07-14 01:30:00,2025-07-14,0.42,370.7,370.8,0.0,0.0,0.0,0.0,0.0,0.0,0.0,0.0
8,2025-07-14 01:45:00,2025-07-14,0.42,376.4,376.4,0.0,0.0,0.0,0.0,0.0,0.0,0.0,0.0
9,2025-07-14 02:00:00,2025-07-14,0.42,371.2,371.2,0.0,0.0,0.0,0.0,0.0,0.0,0.0,0.0
10,2025-07-14 02:15:00,2025-07-14,0.42,361.2,361.1,0.0,0.0,0.0,0.0,0.0,0.0,0.0,0.0
11,2025-07-14 02:30:00,2025-07-14,0.42,374.2,374.2,0.0,0.0,0.0,0.0,0.0,0.0,0.0,0.0
12,2025-07-14 02:45:00,2025-07-14,0.42,373.0,373.0,0.0,0.0,0.0,0.0,0.0,0.0,0.0,0.0
13,2025-07-14 03:00:00,2025-07-14,0.42,368.3,368.4,0.0,0.0,0.0,0.0,0.0,0.0,0.0,0.0
14,2025-07-14 03:15:00,2025-07-14,0.42,385.4,385.4,0.0,0.0,0.0,0.0,0.0,0.0,0.0,0.0
15,2025-07-14 03:30:00,2025-07-14,0.42,378.4,378.3,0.0,0.0,0.0,0.0,0.0,0.0,0.0,0.0
16,2025-07-14 03:45:00,2025-07-14,0.42,365.2,365.1,0.0,0.0,0.0,0.0,0.0,0.0,0.0,0.0
17,2025-07-14 04:00:00,2025-07-14,0.42,383.0,383.1,0.0,0.0,0.0,0.0,0.0,0.0,0.0,0.0
18,2025-07-14 04:15:00,2025-07-14,0.42,378.8,378.8,0.0,0.0,0.0,0.0,0.0,0.0,0.0,0.0
19,2025-07-14 04:30:00,2025-07-14,0.42,370.7,370.6,0.0,0.0,0.0,0.0,0.0,0.0,0.0,0.0
20,2025-07-14 04:45:00,2025-07-14,0.42,368.3,368.3,0.0,0.0,0.0,0.0,0.0,0.0,0.0,0.0
21,2025-07-14 05:00:00,2025-07-14,0.42,382.2,382.3,0.0,0.0,0.0,0.0,0.0,0.0,0.0,0.0
22,2025-07-14 05:15:00,2025-07-14,0.42,678.6,378.6,-300.0,0.0,0.0,0.0,0.0,0.0,0.0,0.0
23,2025-07-14 05:30:00,2025-07-14,0.42,680.5,380.4,-300.0,0.0,0.0,0.0,0.0,0.0,0.0,0.0
24,2025-07-14 05:45:00,2025-07-14,0.42,577.65263,356.6,-221.05263,0.0,0.0,0.0,0.0,0.0,0.0,0.0
25,2025-07-14 06:00:00,2025-07-14,0.42,678.4,378.5,-300.0,0.0,0.0,0.0,0.0,0.0,0.0,0.0
26,2025-07-14 06:15:00,2025-07-14,0.42,661.8,361.7,-300.0,0.0,0.0,0.0,0.0,0.0,0.0,0.0
27,2025-07-14 06:30:00,2025-07-14,0.42,668.2,368.2000000000001,-300.0,0.0,0.0,0.0,0.0,0.0,0.0,0.0
28,2025-07-14 06:45:00,2025-07-14,0.42,647.9,347.9,-300.0,0.0,-14.0,-14.0,0.0,0.0,0.0,0.0
29,2025-07-14 07:00:00,2025-07-14,0.75,277.06,368.3,0.0,0.0,0.0,-14.0,77.14,0.0,0.0,0.0
30,2025-07-14 07:15:00,2025-07-14,0.75,262.672,356.0,0.0,0.0,0.0,-14.0,79.328,0.0,0.0,0.0
31,2025-07-14 07:30:00,2025-07-14,0.75,252.004,355.79999999999995,0.0,0.0,0.0,-21.0,82.796,0.0,0.0,0.0
32,2025-07-14 07:45:00,2025-07-14,0.75,241.264,359.0,0.0,0.0,0.0,-28.0,89.736,0.0,0.0,0.0
33,2025-07-14 08:00:00,2025-07-14,0.75,227.274,356.5,0.0,0.0,0.0,-35.0,94.126,0.0,0.0,0.0
34,2025-07-14 08:15:00,2025-07-14,0.75,222.16515,382.05217391304353,0.0,0.0,-0.74515235,-60.65217391304349,99.98,0.0,0.0,0.0
35,2025-07-14 08:30:00,2025-07-14,0.75,210.534,394.3,0.0,0.0,0.0,-82.0,101.866,0.0,0.0,0.0
36,2025-07-14 08:45:00,2025-07-14,0.75,199.564,401.0,0.0,0.0,0.0,-93.0,108.436,0.0,0.0,0.0
37,2025-07-14 09:00:00,2025-07-14,0.75,185.792,400.7,0.0,0.0,0.0,-104.0,110.908,0.0,0.0,0.0
38,2025-07-14 09:15:00,2025-07-14,0.75,180.936,398.4347826086957,0.0,0.0,0.0,-102.43478260869568,115.164,0.0,0.0,0.0
39,2025-07-14 09:30:00,2025-07-14,0.75,168.782,403.50000000000006,0.0,0.0,-7.0,-126.0,115.718,0.0,0.0,0.0
40,2025-07-14 09:45:00,2025-07-14,0.75,160.39,383.7695652173912,0.0,0.0,-7.0,-109.8695652173913,120.51,0.0,0.0,0.0
41,2025-07-14 10:00:00,2025-07-14,0.75,164.88463,364.5,0.0,0.0,-22.0526319,-101.0,120.668,0.0,0.0,0.0
42,2025-07-14 10:15:00,2025-07-14,0.75,166.386,379.3,0.0,0.0,-25.0,-112.0,125.914,0.0,0.0,0.0
43,2025-07-14 10:30:00,2025-07-14,0.75,148.136,357.9,0.0,0.0,-36.0,-123.0,122.764,0.0,0.0,0.0
44,2025-07-14 10:45:00,2025-07-14,0.75,154.76343,369.7826086956521,0.0,0.0,-37.1634349,-124.7826086956522,127.4,0.0,0.0,0.0
45,2025-07-14 11:00:00,2025-07-14,0.68,220.29253,345.1391304347825,0.0,0.0,-103.2105263,-96.73913043478252,131.21800000000002,0.0,0.0,0.0
46,2025-07-14 11:15:00,2025-07-14,0.68,201.32442,310.6,0.0,0.0,-102.3684211,-83.0,128.644,0.0,0.0,0.0
47,2025-07-14 11:30:00,2025-07-14,0.68,233.45394,322.5260869565216,0.0,0.0,-105.3019391,-86.82608695652169,107.548,0.0,0.0,0.0
48,2025-07-14 11:45:00,2025-07-14,0.68,222.13211,285.1565217391304,0.0,0.0,-128.8421053,-61.95652173913043,129.81,0.0,0.0,0.0
49,2025-07-14 12:00:00,2025-07-14,0.68,211.34979,228.07391304347829,0.0,0.0,-141.3157895,-38.17391304347821,119.866,0.0,0.0,0.0
50,2025-07-14 12:15:00,2025-07-14,0.68,212.05263,215.4,0.0,0.0,-147.05263150000002,-32.0,118.4,0.0,0.0,0.0
51,2025-07-14 12:30:00,2025-07-14,0.68,205.36947,226.29130434782604,0.0,0.0,-126.7894737,-26.39130434782604,121.32,0.0,0.0,0.0
52,2025-07-14 12:45:00,2025-07-14,0.68,206.72,205.20000000000005,0.0,0.0,-140.0,-21.0,117.48,0.0,0.0,0.0
53,2025-07-14 13:00:00,2025-07-14,0.68,242.80884,235.90000000000003,0.0,0.0,-150.7368421,-21.0,122.828,0.0,0.0,0.0
54,2025-07-14 13:15:00,2025-07-14,0.68,227.864,223.10434782608704,0.0,0.0,-144.0,-20.304347826087,118.836,0.0,0.0,0.0
55,2025-07-14 13:30:00,2025-07-14,0.68,223.048,210.9,0.0,0.0,-140.0,-14.0,113.852,0.0,0.0,0.0
56,2025-07-14 13:45:00,2025-07-14,0.68,280.09,226.2478260869566,0.0,0.0,-140.0,-7.347826086956573,78.81,0.0,0.0,0.0
57,2025-07-14 14:00:00,2025-07-14,0.68,336.60126,273.4,0.0,0.0,-144.1052632,0.0,80.904,0.0,0.0,0.0
58,2025-07-14 14:15:00,2025-07-14,0.68,335.30158,292.70000000000005,0.0,0.0,-123.6315789,0.0,81.03,0.0,0.0,0.0
59,2025-07-14 14:30:00,2025-07-14,0.68,353.476,328.70000000000005,0.0,0.0,-107.0,0.0,82.224,0.0,0.0,0.0
60,2025-07-14 14:45:00,2025-07-14,0.68,352.224,336.0,0.0,0.0,-98.0,0.0,81.77600000000001,0.0,0.0,0.0
61,2025-07-14 15:00:00,2025-07-14,0.82,236.782,70.09999999999997,0.0,300.0,0.0,0.0,133.31799999999998,0.0,0.0,0.0
62,2025-07-14 15:15:00,2025-07-14,0.82,258.2,84.39999999999998,0.0,300.0,-7.0,0.0,133.1,0.0,0.0,0.0
63,2025-07-14 15:30:00,2025-07-14,0.82,295.98,124.7,0.0,300.0,-7.0,0.0,135.72,0.0,0.0,0.0
64,2025-07-14 15:45:00,2025-07-14,0.82,318.95442,149.7,0.0,300.0,-6.3684211,0.0,137.014,0.0,0.0,0.0
65,2025-07-14 16:00:00,2025-07-14,0.82,343.554,180.2,0.0,300.0,0.0,0.0,136.546,0.0,0.0,0.0
66,2025-07-14 16:15:00,2025-07-14,0.82,344.208,178.3,0.0,300.0,0.0,0.0,134.192,0.0,0.0,0.0
67,2025-07-14 16:30:00,2025-07-14,0.82,396.05484,501.6999999999996,0.0,24.000000000000465,-5.7368421,0.0,135.282,0.0,0.0,0.0
68,2025-07-14 16:45:00,2025-07-14,0.82,426.754,556.1,0.0,0.0,-7.0,0.0,136.346,0.0,0.0,0.0
69,2025-07-14 17:00:00,2025-07-14,1.28,33.22,555.6999999999999,300.0,0.0,92.0,0.0,130.48000000000002,0.0,0.0,0.0
70,2025-07-14 17:15:00,2025-07-14,1.28,67.258,575.2,300.0,0.0,79.94,0.0,128.002,0.0,0.0,0.0
71,2025-07-14 17:30:00,2025-07-14,1.28,377.112,566.7,0.0,0.0,70.5,0.0,119.088,0.0,0.0,0.0
72,2025-07-14 17:45:00,2025-07-14,1.28,390.626,571.3000000000001,0.0,0.0,64.7,0.0,115.974,0.0,0.0,0.0
73,2025-07-14 18:00:00,2025-07-14,1.28,105.602,566.8000000000001,300.0,0.0,50.1,0.0,110.998,0.0,0.0,0.0
74,2025-07-14 18:15:00,2025-07-14,1.28,136.724,579.3,300.0,0.0,34.0,0.0,108.576,0.0,0.0,0.0
75,2025-07-14 18:30:00,2025-07-14,1.28,416.22,593.6999999999999,48.0,0.0,22.28,0.0,107.2,0.0,0.0,0.0
76,2025-07-14 18:45:00,2025-07-14,1.28,459.694,585.8,0.0,0.0,24.0,0.0,102.006,0.0,0.0,0.0
77,2025-07-14 19:00:00,2025-07-14,1.28,177.326,586.3,300.0,0.0,10.0,0.0,98.974,0.0,0.0,0.0
78,2025-07-14 19:15:00,2025-07-14,1.28,163.024,569.8,300.0,0.0,10.0,0.0,96.67600000000002,0.0,0.0,0.0
79,2025-07-14 19:30:00,2025-07-14,1.28,170.14,564.2,300.0,0.0,0.0,0.0,94.06,0.0,0.0,0.0
80,2025-07-14 19:45:00,2025-07-14,1.28,149.784,538.9,300.0,0.0,0.0,0.0,89.11600000000001,0.0,0.0,0.0
81,2025-07-14 20:00:00,2025-07-14,1.28,117.602,500.3,300.0,0.0,0.0,0.0,82.69800000000001,0.0,0.0,0.0
82,2025-07-14 20:15:00,2025-07-14,1.28,109.6,488.4,300.0,0.0,0.0,0.0,78.8,0.0,0.0,0.0
83,2025-07-14 20:30:00,2025-07-14,1.28,105.124,483.5,300.0,0.0,0.0,0.0,78.276,0.0,0.0,0.0
84,2025-07-14 20:45:00,2025-07-14,1.28,99.878,476.5,300.0,0.0,0.0,0.0,76.622,0.0,0.0,0.0
85,2025-07-14 21:00:00,2025-07-14,0.72,389.264,463.8,0.0,0.0,0.0,0.0,74.536,0.0,0.0,0.0
86,2025-07-14 21:15:00,2025-07-14,0.72,384.518,458.4,0.0,0.0,0.0,0.0,73.78200000000001,0.0,0.0,0.0
87,2025-07-14 21:30:00,2025-07-14,0.72,370.08,441.4,0.0,0.0,0.0,0.0,71.32,0.0,0.0,0.0
88,2025-07-14 21:45:00,2025-07-14,0.72,376.36,449.2,0.0,0.0,0.0,0.0,72.84,0.0,0.0,0.0
89,2025-07-14 22:00:00,2025-07-14,0.72,363.024,432.9,0.0,0.0,0.0,0.0,69.876,0.0,0.0,0.0
90,2025-07-14 22:15:00,2025-07-14,0.72,357.8,426.2,0.0,0.0,0.0,0.0,68.39999999999999,0.0,0.0,0.0
91,2025-07-14 22:30:00,2025-07-14,0.72,361.44,431.6,0.0,0.0,0.0,0.0,70.25999999999999,0.0,0.0,0.0
92,2025-07-14 22:45:00,2025-07-14,0.72,352.4,419.8,0.0,0.0,0.0,0.0,67.4,0.0,0.0,0.0
93,2025-07-14 23:00:00,2025-07-14,0.72,345.658,411.7,0.0,0.0,0.0,0.0,66.042,0.0,0.0,0.0
94,2025-07-14 23:15:00,2025-07-14,0.72,358.036,425.2,0.0,0.0,0.0,0.0,67.164,0.0,0.0,0.0
95,2025-07-14 23:30:00,2025-07-14,0.72,351.86,417.5,0.0,0.0,0.0,0.0,65.64,0.0,0.0,0.0
96,2025-07-14 23:45:00,2025-07-14,0.72,327.256,390.4,0.0,0.0,0.0,0.0,63.14399999999999,0.0,0.0,0.0
97,2025-07-15 00:00:00,2025-07-15,0.42,547.3,383.8,0.0,0.0,0.0,0.0,-163.5,0.0,0.0,0.0
98,2025-07-15 00:15:00,2025-07-15,0.42,535.2,371.7,0.0,0.0,0.0,0.0,-163.5,0.0,0.0,0.0
99,2025-07-15 00:30:00,2025-07-15,0.42,550.3,386.8,0.0,0.0,0.0,0.0,-163.5,0.0,0.0,0.0
100,2025-07-15 00:45:00,2025-07-15,0.42,547.0,383.6,0.0,0.0,0.0,0.0,-163.5,0.0,0.0,0.0
101,2025-07-15 01:00:00,2025-07-15,0.42,536.2,372.8,0.0,0.0,0.0,0.0,-163.5,0.0,0.0,0.0
102,2025-07-15 01:15:00,2025-07-15,0.42,535.3,371.7,0.0,0.0,0.0,0.0,-163.5,0.0,0.0,0.0
103,2025-07-15 01:30:00,2025-07-15,0.42,540.8,377.2,0.0,0.0,0.0,0.0,-163.5,0.0,0.0,0.0
104,2025-07-15 01:45:00,2025-07-15,0.42,543.1,379.5,0.0,0.0,0.0,0.0,-163.5,0.0,0.0,0.0
105,2025-07-15 02:00:00,2025-07-15,0.42,545.1,381.6,0.0,0.0,0.0,0.0,-163.5,0.0,0.0,0.0
106,2025-07-15 02:15:00,2025-07-15,0.42,547.2,383.7,0.0,0.0,0.0,0.0,-163.5,0.0,0.0,0.0
107,2025-07-15 02:30:00,2025-07-15,0.42,541.3,377.7,0.0,0.0,0.0,0.0,-163.5,0.0,0.0,0.0
108,2025-07-15 02:45:00,2025-07-15,0.42,519.5,355.9,0.0,0.0,0.0,0.0,-163.5,0.0,0.0,0.0
109,2025-07-15 03:00:00,2025-07-15,0.42,549.1,385.6,0.0,0.0,0.0,0.0,-163.5,0.0,0.0,0.0
110,2025-07-15 03:15:00,2025-07-15,0.42,524.3,360.8,0.0,0.0,0.0,0.0,-163.5,0.0,0.0,0.0
111,2025-07-15 03:30:00,2025-07-15,0.42,827.8,364.3,-300.0,0.0,0.0,0.0,-163.5,0.0,0.0,0.0
112,2025-07-15 03:45:00,2025-07-15,0.42,840.2,376.7,-300.0,0.0,0.0,0.0,-163.5,0.0,0.0,0.0
113,2025-07-15 04:00:00,2025-07-15,0.42,836.9,373.3,-300.0,0.0,0.0,0.0,-163.5,0.0,0.0,0.0
114,2025-07-15 04:15:00,2025-07-15,0.42,835.4,372.0,-300.0,0.0,0.0,0.0,-163.5,0.0,0.0,0.0
115,2025-07-15 04:30:00,2025-07-15,0.42,828.0,364.5,-300.0,0.0,0.0,0.0,-163.5,0.0,0.0,0.0
116,2025-07-15 04:45:00,2025-07-15,0.42,836.1,372.7,-300.0,0.0,0.0,0.0,-163.5,0.0,0.0,0.0
117,2025-07-15 05:00:00,2025-07-15,0.42,843.0,379.5,-300.0,0.0,0.0,0.0,-163.5,0.0,0.0,0.0
118,2025-07-15 05:15:00,2025-07-15,0.42,827.9,364.4,-300.0,0.0,0.0,0.0,-163.5,0.0,0.0,0.0
119,2025-07-15 05:30:00,2025-07-15,0.42,851.5,387.9,-300.0,0.0,0.0,0.0,-163.5,0.0,0.0,0.0
120,2025-07-15 05:45:00,2025-07-15,0.42,849.9,386.4,-300.0,0.0,0.0,0.0,-163.5,0.0,0.0,0.0
121,2025-07-15 06:00:00,2025-07-15,0.42,833.0,369.5,-300.0,0.0,0.0,0.0,-163.5,0.0,0.0,0.0
122,2025-07-15 06:15:00,2025-07-15,0.42,822.9,359.29999999999995,-300.0,0.0,0.0,0.0,-163.5,0.0,0.0,0.0
123,2025-07-15 06:30:00,2025-07-15,0.42,680.60526,375.0,-142.10526,0.0,0.0,0.0,-163.5,0.0,0.0,0.0
124,2025-07-15 06:45:00,2025-07-15,0.42,820.7,357.29999999999995,-300.0,0.0,0.0,0.0,-163.5,0.0,0.0,0.0
125,2025-07-15 07:00:00,2025-07-15,0.75,268.798,342.29999999999995,0.0,0.0,0.0,0.0,73.402,0.0,0.0,0.0
126,2025-07-15 07:15:00,2025-07-15,0.75,273.628,356.20000000000005,0.0,0.0,0.0,0.0,82.572,0.0,0.0,0.0
127,2025-07-15 07:30:00,2025-07-15,0.75,253.208,365.2,0.0,0.0,0.0,-29.0,82.99199999999999,0.0,0.0,0.0
128,2025-07-15 07:45:00,2025-07-15,0.75,250.232,379.0,0.0,0.0,0.0,-40.0,88.768,0.0,0.0,0.0
129,2025-07-15 08:00:00,2025-07-15,0.75,252.252,401.9,0.0,0.0,-7.0,-61.0,95.648,0.0,0.0,0.0
130,2025-07-15 08:15:00,2025-07-15,0.75,246.67,401.2000000000001,0.0,0.0,-7.0,-61.0,100.53,0.0,0.0,0.0
131,2025-07-15 08:30:00,2025-07-15,0.75,231.25,407.4,0.0,0.0,-7.0,-79.0,104.15,0.0,0.0,0.0
132,2025-07-15 08:45:00,2025-07-15,0.75,211.294,407.4,0.0,0.0,-7.0,-97.0,106.006,0.0,0.0,0.0
133,2025-07-15 09:00:00,2025-07-15,0.75,214.23,407.5478260869564,0.0,0.0,-7.0,-89.3478260869565,110.97,0.0,0.0,0.0
134,2025-07-15 09:15:00,2025-07-15,0.75,189.84442,404.3,0.0,0.0,-0.36842105,-101.0,113.924,0.0,0.0,0.0
135,2025-07-15 09:30:00,2025-07-15,0.75,190.63,403.7086956521738,0.0,0.0,-7.0,-103.60869565217392,116.57,0.0,0.0,0.0
136,2025-07-15 09:45:00,2025-07-15,0.75,183.594,375.9347826086956,0.0,0.0,-7.0,-78.43478260869563,120.906,0.0,0.0,0.0
137,2025-07-15 10:00:00,2025-07-15,0.75,161.72,343.1521739130435,0.0,0.0,-7.0,-68.65217391304347,119.68,0.0,0.0,0.0
138,2025-07-15 10:15:00,2025-07-15,0.75,159.026,343.3826086956521,0.0,0.0,-7.0,-67.78260869565216,123.574,0.0,0.0,0.0
139,2025-07-15 10:30:00,2025-07-15,0.75,165.79253,318.5347826086956,0.0,0.0,-16.210526299999998,-42.43478260869561,126.518,0.0,0.0,0.0
140,2025-07-15 10:45:00,2025-07-15,0.75,154.444,295.5521739130435,0.0,0.0,-18.0,-32.65217391304347,126.456,0.0,0.0,0.0
141,2025-07-15 11:00:00,2025-07-15,0.68,269.83905,306.5,0.0,0.0,-78.421053,-32.0,83.082,0.0,0.0,0.0
142,2025-07-15 11:15:00,2025-07-15,0.68,267.112,275.2217391304347,0.0,0.0,-100.0,-26.52173913043473,81.588,0.0,0.0,0.0
143,2025-07-15 11:30:00,2025-07-15,0.68,270.154,276.6,0.0,0.0,-97.0,-21.0,82.546,0.0,0.0,0.0
144,2025-07-15 11:45:00,2025-07-15,0.68,271.41063,277.70000000000005,0.0,0.0,-100.0526316,-21.0,85.342,0.0,0.0,0.0
145,2025-07-15 12:00:00,2025-07-15,0.68,227.08621,240.40000000000003,0.0,0.0,-91.6842105,-21.0,83.998,0.0,0.0,0.0
146,2025-07-15 12:15:00,2025-07-15,0.68,218.75063,242.84347826086963,0.0,0.0,-76.05263164,-17.043478260869605,83.102,0.0,0.0,0.0
147,2025-07-15 12:30:00,2025-07-15,0.68,211.83703,218.90000000000003,0.0,0.0,-82.34903059999999,-7.0,82.412,0.0,0.0,0.0
148,2025-07-15 12:45:00,2025-07-15,0.68,226.964,221.1,0.0,0.0,-94.0,-7.0,81.136,0.0,0.0,0.0
149,2025-07-15 13:00:00,2025-07-15,0.68,234.01021,232.0,0.0,0.0,-90.6842105,-7.0,81.574,0.0,0.0,0.0
150,2025-07-15 13:15:00,2025-07-15,0.68,229.158,221.97391304347832,0.0,0.0,-91.0,-5.173913043478312,78.642,0.0,0.0,0.0
151,2025-07-15 13:30:00,2025-07-15,0.68,226.422,236.2,0.0,0.0,-69.0,0.0,78.77799999999999,0.0,0.0,0.0
152,2025-07-15 13:45:00,2025-07-15,0.68,208.80986,246.7,0.0,0.0,-43.531856,0.0,81.422,0.0,0.0,0.0
153,2025-07-15 14:00:00,2025-07-15,0.68,252.748,301.40000000000003,0.0,0.0,-33.0,0.0,81.652,0.0,0.0,0.0
154,2025-07-15 14:15:00,2025-07-15,0.68,307.818,328.70000000000005,0.0,0.0,-61.0,0.0,81.882,0.0,0.0,0.0
155,2025-07-15 14:30:00,2025-07-15,0.68,318.954,348.5,0.0,0.0,-54.0,0.0,83.54599999999999,0.0,0.0,0.0
156,2025-07-15 14:45:00,2025-07-15,0.68,354.89,378.19999999999993,0.0,0.0,-61.0,0.0,84.31,0.0,0.0,0.0
157,2025-07-15 15:00:00,2025-07-15,0.82,253.936,388.1,0.0,0.0,0.0,0.0,134.164,0.0,0.0,0.0
158,2025-07-15 15:15:00,2025-07-15,0.82,280.298,415.6,0.0,0.0,0.0,0.0,135.402,0.0,0.0,0.0
159,2025-07-15 15:30:00,2025-07-15,0.82,293.636,428.1,0.0,0.0,0.0,0.0,134.464,0.0,0.0,0.0
160,2025-07-15 15:45:00,2025-07-15,0.82,322.434,458.8,0.0,0.0,0.0,0.0,136.366,0.0,0.0,0.0
161,2025-07-15 16:00:00,2025-07-15,0.82,353.754,491.50000000000006,0.0,0.0,0.0,0.0,137.646,0.0,0.0,0.0
162,2025-07-15 16:15:00,2025-07-15,0.82,365.608,501.9,0.0,0.0,0.0,0.0,136.392,0.0,0.0,0.0
163,2025-07-15 16:30:00,2025-07-15,0.82,417.948,557.6,0.0,0.0,0.0,0.0,139.652,0.0,0.0,0.0
164,2025-07-15 16:45:00,2025-07-15,0.82,437.738,576.0,0.0,0.0,0.0,0.0,138.262,0.0,0.0,0.0
165,2025-07-15 17:00:00,2025-07-15,1.28,350.066,568.7,48.0,0.0,40.0,0.0,130.73399999999998,0.0,0.0,0.0
166,2025-07-15 17:15:00,2025-07-15,1.28,415.154,583.6,0.0,0.0,40.0,0.0,128.446,0.0,0.0,0.0
167,2025-07-15 17:30:00,2025-07-15,1.28,410.534,571.5,0.0,0.0,40.0,0.0,120.866,0.0,0.0,0.0
168,2025-07-15 17:45:00,2025-07-15,1.28,421.022,575.7,0.0,0.0,40.0,0.0,114.778,0.0,0.0,0.0
169,2025-07-15 18:00:00,2025-07-15,1.28,126.222,567.4,300.0,0.0,30.0,0.0,111.178,0.0,0.0,0.0
170,2025-07-15 18:15:00,2025-07-15,1.28,185.55,597.8,300.0,0.0,0.04,0.0,112.11,0.0,0.0,0.0
171,2025-07-15 18:30:00,2025-07-15,1.28,164.516,587.2,300.0,0.0,16.5,0.0,106.284,0.0,0.0,0.0
172,2025-07-15 18:45:00,2025-07-15,1.28,175.204,587.9,300.0,0.0,10.0,0.0,102.696,0.0,0.0,0.0
173,2025-07-15 19:00:00,2025-07-15,1.28,191.222,593.0,300.0,0.0,0.0,0.0,101.778,0.0,0.0,0.0
174,2025-07-15 19:15:00,2025-07-15,1.28,176.508,573.0,300.0,0.0,0.0,0.0,96.492,0.0,0.0,0.0
175,2025-07-15 19:30:00,2025-07-15,1.28,164.898,557.5,300.0,0.0,0.0,0.0,92.702,0.0,0.0,0.0
176,2025-07-15 19:45:00,2025-07-15,1.28,147.938,536.9,300.0,0.0,0.0,0.0,89.06200000000001,0.0,0.0,0.0
177,2025-07-15 20:00:00,2025-07-15,1.28,114.794,497.1,300.0,0.0,0.0,0.0,82.20599999999999,0.0,0.0,0.0
178,2025-07-15 20:15:00,2025-07-15,1.28,114.116,494.6,300.0,0.0,0.0,0.0,80.584,0.0,0.0,0.0
179,2025-07-15 20:30:00,2025-07-15,1.28,109.986,490.1,300.0,0.0,0.0,0.0,80.214,0.0,0.0,0.0
180,2025-07-15 20:45:00,2025-07-15,1.28,101.362,479.3,300.0,0.0,0.0,0.0,78.038,0.0,0.0,0.0
181,2025-07-15 21:00:00,2025-07-15,0.72,387.376,463.0,0.0,0.0,0.0,0.0,75.624,0.0,0.0,0.0
182,2025-07-15 21:15:00,2025-07-15,0.72,391.444,467.3,0.0,0.0,0.0,0.0,75.856,0.0,0.0,0.0
183,2025-07-15 21:30:00,2025-07-15,0.72,379.882,452.4,0.0,0.0,0.0,0.0,72.518,0.0,0.0,0.0
184,2025-07-15 21:45:00,2025-07-15,0.72,380.746,453.5,0.0,0.0,0.0,0.0,72.754,0.0,0.0,0.0
185,2025-07-15 22:00:00,2025-07-15,0.72,381.53,455.6,0.0,0.0,0.0,0.0,74.07,0.0,0.0,0.0
186,2025-07-15 22:15:00,2025-07-15,0.72,351.766,419.6,0.0,0.0,0.0,0.0,67.834,0.0,0.0,0.0
187,2025-07-15 22:30:00,2025-07-15,0.72,357.966,426.3,0.0,0.0,0.0,0.0,68.434,0.0,0.0,0.0
188,2025-07-15 22:45:00,2025-07-15,0.72,342.134,407.2,0.0,0.0,0.0,0.0,65.066,0.0,0.0,0.0
189,2025-07-15 23:00:00,2025-07-15,0.72,352.95,422.5,0.0,0.0,0.0,0.0,69.55,0.0,0.0,0.0
190,2025-07-15 23:15:00,2025-07-15,0.72,346.828,413.9,0.0,0.0,0.0,0.0,67.072,0.0,0.0,0.0
191,2025-07-15 23:30:00,2025-07-15,0.72,355.106,421.5,0.0,0.0,0.0,0.0,66.39399999999999,0.0,0.0,0.0
192,2025-07-15 23:45:00,2025-07-15,0.72,345.248,411.7,0.0,0.0,0.0,0.0,66.352,0.0,0.0,0.0
193,2025-07-16 00:00:00,2025-07-16,0.42,547.5,384.1,0.0,0.0,0.0,0.0,-163.5,0.0,0.0,0.0
194,2025-07-16 00:15:00,2025-07-16,0.42,540.8,377.3,0.0,0.0,0.0,0.0,-163.5,0.0,0.0,0.0
195,2025-07-16 00:30:00,2025-07-16,0.42,539.0,375.5,0.0,0.0,0.0,0.0,-163.5,0.0,0.0,0.0
196,2025-07-16 00:45:00,2025-07-16,0.42,536.9,373.4,0.0,0.0,0.0,0.0,-163.5,0.0,0.0,0.0
197,2025-07-16 01:00:00,2025-07-16,0.42,548.4,384.9,0.0,0.0,0.0,0.0,-163.5,0.0,0.0,0.0
198,2025-07-16 01:15:00,2025-07-16,0.42,534.6,371.1,0.0,0.0,0.0,0.0,-163.5,0.0,0.0,0.0
199,2025-07-16 01:30:00,2025-07-16,0.42,531.2,367.6,0.0,0.0,0.0,0.0,-163.5,0.0,0.0,0.0
200,2025-07-16 01:45:00,2025-07-16,0.42,541.4,378.0,0.0,0.0,0.0,0.0,-163.5,0.0,0.0,0.0
201,2025-07-16 02:00:00,2025-07-16,0.42,535.5,372.0,0.0,0.0,0.0,0.0,-163.5,0.0,0.0,0.0
202,2025-07-16 02:15:00,2025-07-16,0.42,537.0,373.4,0.0,0.0,0.0,0.0,-163.5,0.0,0.0,0.0
203,2025-07-16 02:30:00,2025-07-16,0.42,532.7,369.2,0.0,0.0,0.0,0.0,-163.5,0.0,0.0,0.0
204,2025-07-16 02:45:00,2025-07-16,0.42,540.0,376.5,0.0,0.0,0.0,0.0,-163.5,0.0,0.0,0.0
205,2025-07-16 03:00:00,2025-07-16,0.42,545.7,382.2,0.0,0.0,0.0,0.0,-163.5,0.0,0.0,0.0
206,2025-07-16 03:15:00,2025-07-16,0.42,854.5,391.0,-300.0,0.0,0.0,0.0,-163.5,0.0,0.0,0.0
207,2025-07-16 03:30:00,2025-07-16,0.42,850.6,387.1,-300.0,0.0,0.0,0.0,-163.5,0.0,0.0,0.0
208,2025-07-16 03:45:00,2025-07-16,0.42,670.00526,364.4,-142.10526,0.0,0.0,0.0,-163.5,0.0,0.0,0.0
209,2025-07-16 04:00:00,2025-07-16,0.42,835.9,372.5,-300.0,0.0,0.0,0.0,-163.5,0.0,0.0,0.0
210,2025-07-16 04:15:00,2025-07-16,0.42,838.8,375.3,-300.0,0.0,0.0,0.0,-163.5,0.0,0.0,0.0
211,2025-07-16 04:30:00,2025-07-16,0.42,836.7,373.2,-300.0,0.0,0.0,0.0,-163.5,0.0,0.0,0.0
212,2025-07-16 04:45:00,2025-07-16,0.42,849.3,385.8,-300.0,0.0,0.0,0.0,-163.5,0.0,0.0,0.0
213,2025-07-16 05:00:00,2025-07-16,0.42,831.6,368.1,-300.0,0.0,0.0,0.0,-163.5,0.0,0.0,0.0
214,2025-07-16 05:15:00,2025-07-16,0.42,848.7,385.1,-300.0,0.0,0.0,0.0,-163.5,0.0,0.0,0.0
215,2025-07-16 05:30:00,2025-07-16,0.42,839.5,376.0,-300.0,0.0,0.0,0.0,-163.5,0.0,0.0,0.0
216,2025-07-16 05:45:00,2025-07-16,0.42,839.1,375.7000000000001,-300.0,0.0,0.0,0.0,-163.5,0.0,0.0,0.0
217,2025-07-16 06:00:00,2025-07-16,0.42,553.1,389.7,0.0,0.0,0.0,0.0,-163.5,0.0,0.0,0.0
218,2025-07-16 06:15:00,2025-07-16,0.42,854.6,391.1,-300.0,0.0,0.0,0.0,-163.5,0.0,0.0,0.0
219,2025-07-16 06:30:00,2025-07-16,0.42,848.4,384.9,-300.0,0.0,0.0,0.0,-163.5,0.0,0.0,0.0
220,2025-07-16 06:45:00,2025-07-16,0.42,863.7,400.2000000000001,-300.0,0.0,-18.0,-18.0,-163.5,0.0,0.0,0.0
221,2025-07-16 07:00:00,2025-07-16,0.75,313.74,406.7,0.0,0.0,0.0,-18.0,74.96000000000001,0.0,0.0,0.0
222,2025-07-16 07:15:00,2025-07-16,0.75,326.904,425.0,0.0,0.0,-7.0,-25.0,79.99600000000001,0.0,0.0,0.0
223,2025-07-16 07:30:00,2025-07-16,0.75,325.732,435.0,0.0,0.0,-7.0,-32.0,84.168,0.0,0.0,0.0
224,2025-07-16 07:45:00,2025-07-16,0.75,328.788,442.7,0.0,0.0,-7.0,-32.0,89.012,0.0,0.0,0.0
225,2025-07-16 08:00:00,2025-07-16,0.75,319.91737,455.2652173913043,0.0,0.0,-0.94736842,-43.565217391304365,92.63,0.0,0.0,0.0
226,2025-07-16 08:15:00,2025-07-16,0.75,316.672,473.4391304347826,0.0,0.0,0.0,-58.73913043478258,98.128,0.0,0.0,0.0
227,2025-07-16 08:30:00,2025-07-16,0.75,316.068,472.6434782608696,0.0,0.0,-7.0,-62.04347826086958,101.532,0.0,0.0,0.0
228,2025-07-16 08:45:00,2025-07-16,0.75,327.172,485.0,0.0,0.0,-7.0,-57.0,107.828,0.0,0.0,0.0
229,2025-07-16 09:00:00,2025-07-16,0.75,324.382,492.7000000000001,0.0,0.0,-7.0,-64.0,111.31799999999998,0.0,0.0,0.0
230,2025-07-16 09:15:00,2025-07-16,0.75,314.084,504.5,0.0,0.0,-7.0,-85.0,112.516,0.0,0.0,0.0
231,2025-07-16 09:30:00,2025-07-16,0.75,313.38203,503.5304347826087,0.0,0.0,-12.5900277,-89.13043478260872,113.508,0.0,0.0,0.0
232,2025-07-16 09:45:00,2025-07-16,0.75,322.68,495.8,0.0,0.0,-28.0,-85.0,116.12,0.0,0.0,0.0
233,2025-07-16 10:00:00,2025-07-16,0.75,313.976,506.19999999999993,0.0,0.0,-14.0,-85.0,121.124,0.0,0.0,0.0
234,2025-07-16 10:15:00,2025-07-16,0.75,301.89776,495.2,0.0,0.0,-20.2077562,-96.0,117.51,0.0,0.0,0.0
235,2025-07-16 10:30:00,2025-07-16,0.75,302.67,497.1347826086956,0.0,0.0,-14.0,-86.43478260869563,122.03,0.0,0.0,0.0
236,2025-07-16 10:45:00,2025-07-16,0.75,304.45811,485.508695652174,0.0,0.0,-14.84210526,-71.60869565217396,124.184,0.0,0.0,0.0
237,2025-07-16 11:00:00,2025-07-16,0.68,520.00789,587.1652173913043,0.0,0.0,-67.1578947,-56.56521739130432,77.85,0.0,0.0,0.0
238,2025-07-16 11:15:00,2025-07-16,0.68,539.82943,588.8,0.0,0.0,-77.1634349,-46.0,80.134,0.0,0.0,0.0
239,2025-07-16 11:30:00,2025-07-16,0.68,552.17271,583.6608695652174,0.0,0.0,-83.8227147,-33.260869565217426,82.15,0.0,0.0,0.0
240,2025-07-16 11:45:00,2025-07-16,0.68,562.754,578.3,0.0,0.0,-89.0,-21.0,83.646,0.0,0.0,0.0
241,2025-07-16 12:00:00,2025-07-16,0.68,508.176,539.0391304347827,0.0,0.0,-68.00000004,-15.739130434782634,83.124,0.0,0.0,0.0
242,2025-07-16 12:15:00,2025-07-16,0.68,529.078,531.8,0.0,0.0,-93.0,-14.0,81.822,0.0,0.0,0.0
243,2025-07-16 12:30:00,2025-07-16,0.68,504.228,515.0999999999999,0.0,0.0,-82.0,-14.0,78.872,0.0,0.0,0.0
244,2025-07-16 12:45:00,2025-07-16,0.68,509.39,507.3869565217391,0.0,0.0,-89.0,-8.086956521739161,78.91,0.0,0.0,0.0
245,2025-07-16 13:00:00,2025-07-16,0.68,502.598,496.1,0.0,0.0,-89.0,-7.0,75.502,0.0,0.0,0.0
246,2025-07-16 13:15:00,2025-07-16,0.68,523.058,509.42173913043473,0.0,0.0,-96.0,-4.52173913043481,77.942,0.0,0.0,0.0
247,2025-07-16 13:30:00,2025-07-16,0.68,530.516,510.80000000000007,0.0,0.0,-96.0,0.0,76.284,0.0,0.0,0.0
248,2025-07-16 13:45:00,2025-07-16,0.68,512.814,508.6,0.0,0.0,-82.0,0.0,77.68599999999999,0.0,0.0,0.0
249,2025-07-16 14:00:00,2025-07-16,0.68,549.56474,549.2,0.0,0.0,-77.8947368,0.0,77.53,0.0,0.0,0.0
250,2025-07-16 14:15:00,2025-07-16,0.68,469.05537,462.8,0.0,0.0,-86.9473684,0.0,80.69200000000001,0.0,0.0,0.0
251,2025-07-16 14:30:00,2025-07-16,0.68,481.31,478.19999999999993,0.0,0.0,-85.0,0.0,81.89,0.0,0.0,0.0
252,2025-07-16 14:45:00,2025-07-16,0.68,494.63684,498.19999999999993,0.0,0.0,-78.73684211,0.0,82.3,0.0,0.0,0.0
253,2025-07-16 15:00:00,2025-07-16,0.82,371.498,513.5,0.0,0.0,9.28,0.0,132.622,0.0,0.0,0.0
254,2025-07-16 15:15:00,2025-07-16,0.82,391.62,535.4,0.0,0.0,10.0,0.0,133.88,0.0,0.0,0.0
255,2025-07-16 15:30:00,2025-07-16,0.82,401.618,534.3000000000001,0.0,0.0,0.0,0.0,132.78199999999998,0.0,0.0,0.0
256,2025-07-16 15:45:00,2025-07-16,0.82,427.58,561.5999999999999,0.0,0.0,0.0,0.0,134.02,0.0,0.0,0.0
257,2025-07-16 16:00:00,2025-07-16,0.82,444.578,580.8,0.0,0.0,0.0,0.0,136.122,0.0,0.0,0.0
258,2025-07-16 16:15:00,2025-07-16,0.82,447.848,580.7,0.0,0.0,0.0,0.0,132.752,0.0,0.0,0.0
259,2025-07-16 16:30:00,2025-07-16,0.82,474.638,611.3,0.0,0.0,0.0,0.0,136.762,0.0,0.0,0.0
260,2025-07-16 16:45:00,2025-07-16,0.82,481.106,615.0,0.0,0.0,0.0,0.0,133.994,0.0,0.0,0.0
261,2025-07-16 17:00:00,2025-07-16,1.28,436.91,620.5,0.0,0.0,55.0,0.0,128.59,0.0,0.0,0.0
262,2025-07-16 17:15:00,2025-07-16,1.28,443.77,624.8000000000001,0.0,0.0,55.0,0.0,126.03,0.0,0.0,0.0
263,2025-07-16 17:30:00,2025-07-16,1.28,433.292,603.4,0.0,0.0,51.1,0.0,119.008,0.0,0.0,0.0
264,2025-07-16 17:45:00,2025-07-16,1.28,139.926,594.2,300.0,0.0,41.0,0.0,113.374,0.0,0.0,0.0
265,2025-07-16 18:00:00,2025-07-16,1.28,151.386,593.0,300.0,0.0,31.0,0.0,110.614,0.0,0.0,0.0
266,2025-07-16 18:15:00,2025-07-16,1.28,152.998,577.4,300.0,0.0,21.0,0.0,103.402,0.0,0.0,0.0
267,2025-07-16 18:30:00,2025-07-16,1.28,160.934,574.0999999999999,300.0,0.0,10.6,0.0,102.566,0.0,0.0,0.0
268,2025-07-16 18:45:00,2025-07-16,1.28,171.67,579.1,300.0,0.0,7.0,0.0,100.43,0.0,0.0,0.0
269,2025-07-16 19:00:00,2025-07-16,1.28,172.888,568.4,300.0,0.0,0.0,0.0,95.612,0.0,0.0,0.0
270,2025-07-16 19:15:00,2025-07-16,1.28,164.532,558.0,300.0,0.0,0.0,0.0,93.368,0.0,0.0,0.0
271,2025-07-16 19:30:00,2025-07-16,1.28,150.814,542.1,300.0,0.0,0.0,0.0,91.28600000000002,0.0,0.0,0.0
272,2025-07-16 19:45:00,2025-07-16,1.28,145.928,533.9,300.0,0.0,0.0,0.0,87.972,0.0,0.0,0.0
273,2025-07-16 20:00:00,2025-07-16,1.28,103.844,481.8,300.0,0.0,0.0,0.0,77.956,0.0,0.0,0.0
274,2025-07-16 20:15:00,2025-07-16,1.28,105.21,483.2,300.0,0.0,0.0,0.0,77.89,0.0,0.0,0.0
275,2025-07-16 20:30:00,2025-07-16,1.28,93.074,468.0,300.0,0.0,0.0,0.0,74.926,0.0,0.0,0.0
276,2025-07-16 20:45:00,2025-07-16,1.28,343.358,464.9,48.0,0.0,0.0,0.0,73.542,0.0,0.0,0.0
277,2025-07-16 21:00:00,2025-07-16,0.72,382.984,455.6,0.0,0.0,0.0,0.0,72.616,0.0,0.0,0.0
278,2025-07-16 21:15:00,2025-07-16,0.72,380.53,454.2,0.0,0.0,0.0,0.0,73.67,0.0,0.0,0.0
279,2025-07-16 21:30:00,2025-07-16,0.72,376.508,448.9,0.0,0.0,0.0,0.0,72.492,0.0,0.0,0.0
280,2025-07-16 21:45:00,2025-07-16,0.72,374.808,447.3,0.0,0.0,0.0,0.0,72.392,0.0,0.0,0.0
281,2025-07-16 22:00:00,2025-07-16,0.72,361.318,430.5,0.0,0.0,0.0,0.0,69.182,0.0,0.0,0.0
282,2025-07-16 22:15:00,2025-07-16,0.72,350.572,417.1,0.0,0.0,0.0,0.0,66.628,0.0,0.0,0.0
283,2025-07-16 22:30:00,2025-07-16,0.72,351.27,418.8,0.0,0.0,0.0,0.0,67.63,0.0,0.0,0.0
284,2025-07-16 22:45:00,2025-07-16,0.72,349.522,417.2,0.0,0.0,0.0,0.0,67.678,0.0,0.0,0.0
285,2025-07-16 23:00:00,2025-07-16,0.72,344.724,410.5,0.0,0.0,0.0,0.0,65.776,0.0,0.0,0.0
286,2025-07-16 23:15:00,2025-07-16,0.72,345.628,412.4,0.0,0.0,0.0,0.0,66.772,0.0,0.0,0.0
287,2025-07-16 23:30:00,2025-07-16,0.72,332.398,395.8,0.0,0.0,0.0,0.0,63.402,0.0,0.0,0.0
288,2025-07-16 23:45:00,2025-07-16,0.72,328.198,390.2,0.0,0.0,0.0,0.0,61.902,0.0,0.0,0.0
289,2025-07-17 00:00:00,2025-07-17,0.42,544.4,380.9,0.0,0.0,0.0,0.0,-163.5,0.0,0.0,0.0
290,2025-07-17 00:15:00,2025-07-17,0.42,551.4,387.9,0.0,0.0,0.0,0.0,-163.5,0.0,0.0,0.0
291,2025-07-17 00:30:00,2025-07-17,0.42,535.9,372.3,0.0,0.0,0.0,0.0,-163.5,0.0,0.0,0.0
292,2025-07-17 00:45:00,2025-07-17,0.42,556.9,393.4,0.0,0.0,0.0,0.0,-163.5,0.0,0.0,0.0
293,2025-07-17 01:00:00,2025-07-17,0.42,546.5,383.1,0.0,0.0,0.0,0.0,-163.5,0.0,0.0,0.0
294,2025-07-17 01:15:00,2025-07-17,0.42,533.6,370.1,0.0,0.0,0.0,0.0,-163.5,0.0,0.0,0.0
295,2025-07-17 01:30:00,2025-07-17,0.42,529.9,366.4,0.0,0.0,0.0,0.0,-163.5,0.0,0.0,0.0
296,2025-07-17 01:45:00,2025-07-17,0.42,544.0,380.4,0.0,0.0,0.0,0.0,-163.5,0.0,0.0,0.0
297,2025-07-17 02:00:00,2025-07-17,0.42,536.7,373.2,0.0,0.0,0.0,0.0,-163.5,0.0,0.0,0.0
298,2025-07-17 02:15:00,2025-07-17,0.42,531.1,367.7,0.0,0.0,0.0,0.0,-163.5,0.0,0.0,0.0
299,2025-07-17 02:30:00,2025-07-17,0.42,533.1,369.6,0.0,0.0,0.0,0.0,-163.5,0.0,0.0,0.0
300,2025-07-17 02:45:00,2025-07-17,0.42,545.9,382.4,0.0,0.0,0.0,0.0,-163.5,0.0,0.0,0.0
301,2025-07-17 03:00:00,2025-07-17,0.42,539.0,375.5,0.0,0.0,0.0,0.0,-163.5,0.0,0.0,0.0
302,2025-07-17 03:15:00,2025-07-17,0.42,533.2,369.7,0.0,0.0,0.0,0.0,-163.5,0.0,0.0,0.0
303,2025-07-17 03:30:00,2025-07-17,0.42,837.2,373.7,-300.0,0.0,0.0,0.0,-163.5,0.0,0.0,0.0
304,2025-07-17 03:45:00,2025-07-17,0.42,686.40526,380.8,-142.10526,0.0,0.0,0.0,-163.5,0.0,0.0,0.0
305,2025-07-17 04:00:00,2025-07-17,0.42,841.8,378.4,-300.0,0.0,0.0,0.0,-163.5,0.0,0.0,0.0
306,2025-07-17 04:15:00,2025-07-17,0.42,844.1,380.6,-300.0,0.0,0.0,0.0,-163.5,0.0,0.0,0.0
307,2025-07-17 04:30:00,2025-07-17,0.42,837.8,374.3,-300.0,0.0,0.0,0.0,-163.5,0.0,0.0,0.0
308,2025-07-17 04:45:00,2025-07-17,0.42,840.4,376.9,-300.0,0.0,0.0,0.0,-163.5,0.0,0.0,0.0
309,2025-07-17 05:00:00,2025-07-17,0.42,849.7,386.2,-300.0,0.0,0.0,0.0,-163.5,0.0,0.0,0.0
310,2025-07-17 05:15:00,2025-07-17,0.42,844.0,380.5,-300.0,0.0,0.0,0.0,-163.5,0.0,0.0,0.0
311,2025-07-17 05:30:00,2025-07-17,0.42,831.8,368.2,-300.0,0.0,0.0,0.0,-163.5,0.0,0.0,0.0
312,2025-07-17 05:45:00,2025-07-17,0.42,822.0,358.5,-300.0,0.0,0.0,0.0,-163.5,0.0,0.0,0.0
313,2025-07-17 06:00:00,2025-07-17,0.42,842.4,378.8,-300.0,0.0,0.0,0.0,-163.5,0.0,0.0,0.0
314,2025-07-17 06:15:00,2025-07-17,0.42,840.1,376.7,-300.0,0.0,0.0,0.0,-163.5,0.0,0.0,0.0
315,2025-07-17 06:30:00,2025-07-17,0.42,826.5,363.0,-300.0,0.0,0.0,0.0,-163.5,0.0,0.0,0.0
316,2025-07-17 06:45:00,2025-07-17,0.42,823.8,360.3,-300.0,0.0,-7.0,-7.0,-163.5,0.0,0.0,0.0
317,2025-07-17 07:00:00,2025-07-17,0.75,274.52,365.1,0.0,0.0,0.0,-18.0,72.58,0.0,0.0,0.0
318,2025-07-17 07:15:00,2025-07-17,0.75,281.674,380.3,0.0,0.0,0.0,-18.0,80.626,0.0,0.0,0.0
319,2025-07-17 07:30:00,2025-07-17,0.75,266.6,374.5,0.0,0.0,0.0,-25.0,82.8,0.0,0.0,0.0
320,2025-07-17 07:45:00,2025-07-17,0.75,264.85,397.1,0.0,0.0,0.0,-43.0,89.35,0.0,0.0,0.0
321,2025-07-17 08:00:00,2025-07-17,0.75,268.91,414.5,0.0,0.0,-7.0,-57.0,95.49,0.0,0.0,0.0
322,2025-07-17 08:15:00,2025-07-17,0.75,234.70632,441.80000000000007,0.0,0.0,-0.52631579,-111.0,96.62,0.0,0.0,0.0
323,2025-07-17 08:30:00,2025-07-17,0.75,236.652,456.0695652173914,0.0,0.0,0.0,-116.86956521739133,102.548,0.0,0.0,0.0
324,2025-07-17 08:45:00,2025-07-17,0.75,245.88158,463.9,0.0,0.0,-11.6315789,-122.0,107.65,0.0,0.0,0.0
325,2025-07-17 09:00:00,2025-07-17,0.75,251.97,489.8,0.0,0.0,-25.0,-151.0,111.83,0.0,0.0,0.0
326,2025-07-17 09:15:00,2025-07-17,0.75,230.28863,457.791304347826,0.0,0.0,-20.0526316,-134.39130434782606,113.16400000000002,0.0,0.0,0.0
327,2025-07-17 09:30:00,2025-07-17,0.75,211.92394,454.50000000000006,0.0,0.0,-12.8199446,-140.0,115.396,0.0,0.0,0.0
328,2025-07-17 09:45:00,2025-07-17,0.75,209.02621,449.80869565217387,0.0,0.0,-12.6842105,-133.60869565217388,119.958,0.0,0.0,0.0
329,2025-07-17 10:00:00,2025-07-17,0.75,205.032,430.5,0.0,0.0,-21.0,-126.00000000000004,120.468,0.0,0.0,0.0
330,2025-07-17 10:15:00,2025-07-17,0.75,186.978,408.8,0.0,0.0,-21.0,-122.0,120.822,0.0,0.0,0.0
331,2025-07-17 10:30:00,2025-07-17,0.75,189.672,398.33913043478265,0.0,0.0,-21.0,-104.7391304347826,124.928,0.0,0.0,0.0
332,2025-07-17 10:45:00,2025-07-17,0.75,163.872,366.30000000000007,0.0,0.0,-14.0,-93.0,123.428,0.0,0.0,0.0
333,2025-07-17 11:00:00,2025-07-17,0.68,334.42737,375.8173913043478,0.0,0.0,-121.9473684,-83.2173913043478,80.22,0.0,0.0,0.0
334,2025-07-17 11:15:00,2025-07-17,0.68,350.866,352.0695652173913,0.0,0.0,-147.0,-65.86956521739127,82.334,0.0,0.0,0.0
335,2025-07-17 11:30:00,2025-07-17,0.68,333.25937,338.6217391304349,0.0,0.0,-138.94736840000002,-62.52173913043482,81.788,0.0,0.0,0.0
336,2025-07-17 11:45:00,2025-07-17,0.68,377.50579,335.2739130434783,0.0,0.0,-162.3157895,-47.17391304347821,72.91,0.0,0.0,0.0
337,2025-07-17 12:00:00,2025-07-17,0.68,318.16947,269.5826086956521,0.0,0.0,-146.789474,-39.78260869565217,58.52,0.0,0.0,0.0
338,2025-07-17 12:15:00,2025-07-17,0.68,297.48014,243.5,0.0,0.0,-132.95013849999998,-21.0,57.97,0.0,0.0,0.0
339,2025-07-17 12:30:00,2025-07-17,0.68,332.01116,253.4,0.0,0.0,-158.26315789,-21.0,58.652,0.0,0.0,0.0
340,2025-07-17 12:45:00,2025-07-17,0.68,307.59516,252.4,0.0,0.0,-133.26315789,-21.0,57.068,0.0,0.0,0.0
341,2025-07-17 13:00:00,2025-07-17,0.68,328.182,261.80000000000007,0.0,0.0,-144.0,-21.0,56.518,0.0,0.0,0.0
342,2025-07-17 13:15:00,2025-07-17,0.68,327.826,259.2434782608698,0.0,0.0,-138.0,-14.043478260869676,55.374,0.0,0.0,0.0
343,2025-07-17 13:30:00,2025-07-17,0.68,311.082,254.8652173913044,0.0,0.0,-115.0,-5.565217391304383,53.218,0.0,0.0,0.0
344,2025-07-17 13:45:00,2025-07-17,0.68,330.182,261.4,0.0,0.0,-122.0,0.0,53.218,0.0,0.0,0.0
345,2025-07-17 14:00:00,2025-07-17,0.68,494.962,440.6,0.0,0.0,-111.0,0.0,56.738,0.0,0.0,0.0
346,2025-07-17 14:15:00,2025-07-17,0.68,501.74,461.5,0.0,0.0,-97.0,0.0,56.76,0.0,0.0,0.0
347,2025-07-17 14:30:00,2025-07-17,0.68,531.78572,483.7,0.0,0.0,-98.5817175,0.0,50.396,0.0,0.0,0.0
348,2025-07-17 14:45:00,2025-07-17,0.68,571.98947,483.2,0.0,0.0,-88.7894737,0.0,0.0,0.0,0.0,0.0
349,2025-07-17 15:00:00,2025-07-17,0.82,375.508,509.50000000000006,0.0,0.0,0.0,0.0,133.99200000000002,0.0,0.0,0.0
350,2025-07-17 15:15:00,2025-07-17,0.82,291.34,423.80000000000007,0.0,0.0,0.0,0.0,132.46,0.0,0.0,0.0
351,2025-07-17 15:30:00,2025-07-17,0.82,323.68,458.8,0.0,0.0,0.0,0.0,135.12,0.0,0.0,0.0
352,2025-07-17 15:45:00,2025-07-17,0.82,339.548,474.0,0.0,0.0,0.0,0.0,134.55200000000002,0.0,0.0,0.0
353,2025-07-17 16:00:00,2025-07-17,0.82,370.34,506.6,0.0,0.0,0.0,0.0,136.16,0.0,0.0,0.0
354,2025-07-17 16:15:00,2025-07-17,0.82,395.716,534.2,0.0,0.0,0.0,0.0,138.48399999999998,0.0,0.0,0.0
355,2025-07-17 16:30:00,2025-07-17,0.82,420.732,558.7,0.0,0.0,0.0,0.0,137.868,0.0,0.0,0.0
356,2025-07-17 16:45:00,2025-07-17,0.82,436.628,573.6,0.0,0.0,0.0,0.0,136.972,0.0,0.0,0.0
357,2025-07-17 17:00:00,2025-07-17,1.28,57.96,565.4,300.0,0.0,81.0,0.0,126.44,0.0,0.0,0.0
358,2025-07-17 17:15:00,2025-07-17,1.28,96.186,591.8,300.0,0.0,67.0,0.0,128.514,0.0,0.0,0.0
359,2025-07-17 17:30:00,2025-07-17,1.28,96.668,569.3000000000001,300.0,0.0,54.14,0.0,118.492,0.0,0.0,0.0
360,2025-07-17 17:45:00,2025-07-17,1.28,119.238,587.5,300.0,0.0,51.0,0.0,117.262,0.0,0.0,0.0
361,2025-07-17 18:00:00,2025-07-17,1.28,128.234,578.8,300.0,0.0,38.94,0.0,111.626,0.0,0.0,0.0
362,2025-07-17 18:15:00,2025-07-17,1.28,148.756,577.8,300.0,0.0,21.0,0.0,108.044,0.0,0.0,0.0
363,2025-07-17 18:30:00,2025-07-17,1.28,172.708,594.0,300.0,0.0,14.0,0.0,107.292,0.0,0.0,0.0
364,2025-07-17 18:45:00,2025-07-17,1.28,186.332,591.8,300.0,0.0,2.84,0.0,102.628,0.0,0.0,0.0
365,2025-07-17 19:00:00,2025-07-17,1.28,190.208,590.4,300.0,0.0,0.0,0.0,100.192,0.0,0.0,0.0
366,2025-07-17 19:15:00,2025-07-17,1.28,161.172,554.1,300.0,0.0,0.0,0.0,92.928,0.0,0.0,0.0
367,2025-07-17 19:30:00,2025-07-17,1.28,165.148,558.0,300.0,0.0,0.0,0.0,92.752,0.0,0.0,0.0
368,2025-07-17 19:45:00,2025-07-17,1.28,447.106,534.9,0.0,0.0,0.0,0.0,87.79399999999998,0.0,0.0,0.0
369,2025-07-17 20:00:00,2025-07-17,1.28,409.512,489.6,0.0,0.0,0.0,0.0,80.088,0.0,0.0,0.0
370,2025-07-17 20:15:00,2025-07-17,1.28,402.364,480.6,0.0,0.0,0.0,0.0,78.23599999999999,0.0,0.0,0.0
371,2025-07-17 20:30:00,2025-07-17,1.28,108.626,486.5,300.0,0.0,0.0,0.0,77.974,0.0,0.0,0.0
372,2025-07-17 20:45:00,2025-07-17,1.28,340.138,463.2,48.0,0.0,0.0,0.0,75.062,0.0,0.0,0.0
373,2025-07-17 21:00:00,2025-07-17,0.72,391.648,468.8,0.0,0.0,0.0,0.0,77.25200000000001,0.0,0.0,0.0
374,2025-07-17 21:15:00,2025-07-17,0.72,393.57,469.6,0.0,0.0,0.0,0.0,76.03,0.0,0.0,0.0
375,2025-07-17 21:30:00,2025-07-17,0.72,393.028,468.9,0.0,0.0,0.0,0.0,75.97200000000001,0.0,0.0,0.0
376,2025-07-17 21:45:00,2025-07-17,0.72,368.408,439.5,0.0,0.0,0.0,0.0,71.092,0.0,0.0,0.0
377,2025-07-17 22:00:00,2025-07-17,0.72,363.776,434.2,0.0,0.0,0.0,0.0,70.324,0.0,0.0,0.0
378,2025-07-17 22:15:00,2025-07-17,0.72,355.35,424.8,0.0,0.0,0.0,0.0,69.35,0.0,0.0,0.0
379,2025-07-17 22:30:00,2025-07-17,0.72,343.576,408.9,0.0,0.0,0.0,0.0,65.324,0.0,0.0,0.0
380,2025-07-17 22:45:00,2025-07-17,0.72,353.256,422.6,0.0,0.0,0.0,0.0,69.34400000000001,0.0,0.0,0.0
381,2025-07-17 23:00:00,2025-07-17,0.72,346.004,411.9,0.0,0.0,0.0,0.0,65.896,0.0,0.0,0.0
382,2025-07-17 23:15:00,2025-07-17,0.72,358.12,426.8,0.0,0.0,0.0,0.0,68.67999999999999,0.0,0.0,0.0
383,2025-07-17 23:30:00,2025-07-17,0.72,333.814,396.5,0.0,0.0,0.0,0.0,62.586,0.0,0.0,0.0
384,2025-07-17 23:45:00,2025-07-17,0.72,334.056,397.3,0.0,0.0,0.0,0.0,63.244,0.0,0.0,0.0
385,2025-07-18 00:00:00,2025-07-18,0.42,525.4,361.9,0.0,0.0,0.0,0.0,-163.5,0.0,0.0,0.0
386,2025-07-18 00:15:00,2025-07-18,0.42,554.5,391.0,0.0,0.0,0.0,0.0,-163.5,0.0,0.0,0.0
387,2025-07-18 00:30:00,2025-07-18,0.42,536.9,373.4,0.0,0.0,0.0,0.0,-163.5,0.0,0.0,0.0
388,2025-07-18 00:45:00,2025-07-18,0.42,543.7,380.2,0.0,0.0,0.0,0.0,-163.5,0.0,0.0,0.0
389,2025-07-18 01:00:00,2025-07-18,0.42,535.2,371.7,0.0,0.0,0.0,0.0,-163.5,0.0,0.0,0.0
390,2025-07-18 01:15:00,2025-07-18,0.42,542.3,378.8,0.0,0.0,0.0,0.0,-163.5,0.0,0.0,0.0
391,2025-07-18 01:30:00,2025-07-18,0.42,526.1,362.5,0.0,0.0,0.0,0.0,-163.5,0.0,0.0,0.0
392,2025-07-18 01:45:00,2025-07-18,0.42,539.2,375.8,0.0,0.0,0.0,0.0,-163.5,0.0,0.0,0.0
393,2025-07-18 02:00:00,2025-07-18,0.42,536.6,373.1,0.0,0.0,0.0,0.0,-163.5,0.0,0.0,0.0
394,2025-07-18 02:15:00,2025-07-18,0.42,535.3,371.8,0.0,0.0,0.0,0.0,-163.5,0.0,0.0,0.0
395,2025-07-18 02:30:00,2025-07-18,0.42,537.1,373.6,0.0,0.0,0.0,0.0,-163.5,0.0,0.0,0.0
396,2025-07-18 02:45:00,2025-07-18,0.42,538.2,374.7,0.0,0.0,0.0,0.0,-163.5,0.0,0.0,0.0
397,2025-07-18 03:00:00,2025-07-18,0.42,541.1,377.6,0.0,0.0,0.0,0.0,-163.5,0.0,0.0,0.0
398,2025-07-18 03:15:00,2025-07-18,0.42,524.6,361.2,0.0,0.0,0.0,0.0,-163.5,0.0,0.0,0.0
399,2025-07-18 03:30:00,2025-07-18,0.42,827.3,363.8,-300.0,0.0,0.0,0.0,-163.5,0.0,0.0,0.0
400,2025-07-18 03:45:00,2025-07-18,0.42,844.6,381.1,-300.0,0.0,0.0,0.0,-163.5,0.0,0.0,0.0
401,2025-07-18 04:00:00,2025-07-18,0.42,838.4,374.9,-300.0,0.0,0.0,0.0,-163.5,0.0,0.0,0.0
402,2025-07-18 04:15:00,2025-07-18,0.42,840.2,376.7,-300.0,0.0,0.0,0.0,-163.5,0.0,0.0,0.0
403,2025-07-18 04:30:00,2025-07-18,0.42,831.3,367.8,-300.0,0.0,0.0,0.0,-163.5,0.0,0.0,0.0
404,2025-07-18 04:45:00,2025-07-18,0.42,847.2,383.7,-300.0,0.0,0.0,0.0,-163.5,0.0,0.0,0.0
405,2025-07-18 05:00:00,2025-07-18,0.42,837.0,373.5,-300.0,0.0,0.0,0.0,-163.5,0.0,0.0,0.0
406,2025-07-18 05:15:00,2025-07-18,0.42,678.10526,372.5,-142.10526,0.0,0.0,0.0,-163.5,0.0,0.0,0.0
407,2025-07-18 05:30:00,2025-07-18,0.42,847.8,384.3,-300.0,0.0,0.0,0.0,-163.5,0.0,0.0,0.0
408,2025-07-18 05:45:00,2025-07-18,0.42,832.7,369.1,-300.0,0.0,0.0,0.0,-163.5,0.0,0.0,0.0
409,2025-07-18 06:00:00,2025-07-18,0.42,843.0,379.5,-300.0,0.0,0.0,0.0,-163.5,0.0,0.0,0.0
410,2025-07-18 06:15:00,2025-07-18,0.42,839.5,376.1,-300.0,0.0,0.0,0.0,-163.5,0.0,0.0,0.0
411,2025-07-18 06:30:00,2025-07-18,0.42,827.5,364.0,-300.0,0.0,0.0,0.0,-163.5,0.0,0.0,0.0
412,2025-07-18 06:45:00,2025-07-18,0.42,808.2,344.8,-300.0,0.0,0.0,0.0,-163.5,0.0,0.0,0.0
413,2025-07-18 07:00:00,2025-07-18,0.75,284.182,375.2000000000001,0.0,0.0,0.0,-11.0,80.118,0.0,0.0,0.0
414,2025-07-18 07:15:00,2025-07-18,0.75,258.19,349.8,0.0,0.0,0.0,-11.0,80.71000000000001,0.0,0.0,0.0
415,2025-07-18 07:30:00,2025-07-18,0.75,247.966,346.4,0.0,0.0,0.0,-11.0,87.434,0.0,0.0,0.0
416,2025-07-18 07:45:00,2025-07-18,0.75,225.476,326.00000000000006,0.0,0.0,0.0,-11.0,89.424,0.0,0.0,0.0
417,2025-07-18 08:00:00,2025-07-18,0.75,226.516,352.30000000000007,0.0,0.0,0.0,-29.0,96.784,0.0,0.0,0.0
418,2025-07-18 08:15:00,2025-07-18,0.75,217.302,354.9,0.0,0.0,0.0,-36.0,101.598,0.0,0.0,0.0
419,2025-07-18 08:30:00,2025-07-18,0.75,211.936,369.5739130434782,0.0,0.0,-7.0,-60.17391304347824,104.464,0.0,0.0,0.0
420,2025-07-18 08:45:00,2025-07-18,0.75,201.774,367.3,0.0,0.0,0.0,-54.0,111.52599999999998,0.0,0.0,0.0
421,2025-07-18 09:00:00,2025-07-18,0.75,178.06121,364.8,0.0,0.0,-2.9252078,-76.0,113.664,0.0,0.0,0.0
422,2025-07-18 09:15:00,2025-07-18,0.75,174.154,373.3,0.0,0.0,-14.0,-97.0,116.146,0.0,0.0,0.0
423,2025-07-18 09:30:00,2025-07-18,0.75,162.278,370.2,0.0,0.0,-14.0,-104.0,118.022,0.0,0.0,0.0
424,2025-07-18 09:45:00,2025-07-18,0.75,149.792,363.704347826087,0.0,0.0,-14.0,-106.30434782608694,121.708,0.0,0.0,0.0
425,2025-07-18 10:00:00,2025-07-18,0.75,132.152,350.9,0.0,0.0,-14.0,-111.0,121.748,0.0,0.0,0.0
426,2025-07-18 10:15:00,2025-07-18,0.75,130.974,349.4260869565217,0.0,0.0,-14.0,-105.82608695652176,126.526,0.0,0.0,0.0
427,2025-07-18 10:30:00,2025-07-18,0.75,127.952,324.0652173913043,0.0,0.0,-21.0,-88.56521739130433,128.448,0.0,0.0,0.0
428,2025-07-18 10:45:00,2025-07-18,0.75,110.866,286.604347826087,0.0,0.0,-18.0,-66.30434782608694,127.434,0.0,0.0,0.0
429,2025-07-18 11:00:00,2025-07-18,0.68,301.98421,271.29999999999995,0.0,0.0,-94.6842105,-64.0,0.0,0.0,0.0,0.0
430,2025-07-18 11:15:00,2025-07-18,0.68,307.21053,290.0,0.0,0.0,-92.2105263,-75.0,0.0,0.0,0.0,0.0
431,2025-07-18 11:30:00,2025-07-18,0.68,327.09474,280.95217391304345,0.0,0.0,-111.8947368,-65.6521739130434,0.0,0.0,0.0,0.0
432,2025-07-18 11:45:00,2025-07-18,0.68,329.32105,268.6391304347826,0.0,0.0,-119.4210526,-58.73913043478264,0.0,0.0,0.0,0.0
433,2025-07-18 12:00:00,2025-07-18,0.68,297.5,227.6304347826088,0.0,0.0,-122.0,-52.13043478260873,0.0,0.0,0.0,0.0
434,2025-07-18 12:15:00,2025-07-18,0.68,265.16842,205.43913043478256,0.0,0.0,-101.3684211,-41.73913043478259,0.0,0.0,0.0,0.0
435,2025-07-18 12:30:00,2025-07-18,0.68,270.8,205.70000000000005,0.0,0.0,-104.0,-39.0,0.0,0.0,0.0,0.0
436,2025-07-18 12:45:00,2025-07-18,0.68,269.6,207.6,0.0,0.0,-101.0,-39.0,0.0,0.0,0.0,0.0
437,2025-07-18 13:00:00,2025-07-18,0.68,284.1,212.1,0.0,0.0,-111.0,-39.0,0.0,0.0,0.0,0.0
438,2025-07-18 13:15:00,2025-07-18,0.68,295.97895,195.7913043478262,0.0,0.0,-128.57894720000002,-28.39130434782621,0.0,0.0,0.0,0.0
439,2025-07-18 13:30:00,2025-07-18,0.68,289.5,191.1521739130435,0.0,0.0,-111.0,-12.65217391304352,0.0,0.0,0.0,0.0
440,2025-07-18 13:45:00,2025-07-18,0.68,325.5,225.6,0.0,0.0,-111.0,-11.0,0.0,0.0,0.0,0.0
441,2025-07-18 14:00:00,2025-07-18,0.68,369.1,268.99999999999994,0.0,0.0,-111.0,-11.0,0.0,0.0,0.0,0.0
442,2025-07-18 14:15:00,2025-07-18,0.68,368.9,293.90000000000003,0.0,0.0,-86.0,-11.0,0.0,0.0,0.0,0.0
443,2025-07-18 14:30:00,2025-07-18,0.68,384.1,320.1,0.0,0.0,-75.0,-11.0,0.0,0.0,0.0,0.0
444,2025-07-18 14:45:00,2025-07-18,0.68,405.93823,321.09130434782605,0.0,0.0,-88.23822709999999,-3.39130434782603,0.0,0.0,0.0,0.0
445,2025-07-18 15:00:00,2025-07-18,0.82,219.716,346.90000000000003,0.0,0.0,-7.0,0.0,134.284,0.0,0.0,0.0
446,2025-07-18 15:15:00,2025-07-18,0.82,243.176,370.3,0.0,0.0,-7.0,0.0,134.224,0.0,0.0,0.0
447,2025-07-18 15:30:00,2025-07-18,0.82,276.13758,399.4,0.0,0.0,-11.6315789,0.0,134.894,0.0,0.0,0.0
448,2025-07-18 15:45:00,2025-07-18,0.82,296.978,434.50000000000006,0.0,0.0,0.0,0.0,137.522,0.0,0.0,0.0
449,2025-07-18 16:00:00,2025-07-18,0.82,333.17723,466.5,0.0,0.0,-4.9972299,0.0,138.22,0.0,0.0,0.0
450,2025-07-18 16:15:00,2025-07-18,0.82,357.37,495.2000000000001,0.0,0.0,0.0,0.0,137.82999999999998,0.0,0.0,0.0
451,2025-07-18 16:30:00,2025-07-18,0.82,382.204,520.7,0.0,0.0,0.0,0.0,138.49599999999998,0.0,0.0,0.0
452,2025-07-18 16:45:00,2025-07-18,0.82,404.022,541.0,0.0,0.0,0.0,0.0,136.978,0.0,0.0,0.0
453,2025-07-18 17:00:00,2025-07-18,1.28,53.38,549.5,300.0,0.0,65.0,0.0,131.12,0.0,0.0,0.0
454,2025-07-18 17:15:00,2025-07-18,1.28,96.616,582.7,300.0,0.0,54.68,0.0,131.404,0.0,0.0,0.0
455,2025-07-18 17:30:00,2025-07-18,1.28,95.998,546.6999999999999,300.0,0.0,32.980000000000004,0.0,117.622,0.0,0.0,0.0
456,2025-07-18 17:45:00,2025-07-18,1.28,132.924,570.8000000000001,300.0,0.0,21.0,0.0,116.876,0.0,0.0,0.0
457,2025-07-18 18:00:00,2025-07-18,1.28,130.694,576.6,300.0,0.0,31.0,0.0,115.006,0.0,0.0,0.0
458,2025-07-18 18:15:00,2025-07-18,1.28,146.588,588.4,300.0,0.0,31.0,0.0,110.912,0.0,0.0,0.0
459,2025-07-18 18:30:00,2025-07-18,1.28,154.122,593.3000000000001,300.0,0.0,31.0,0.0,108.178,0.0,0.0,0.0
460,2025-07-18 18:45:00,2025-07-18,1.28,169.102,589.6,300.0,0.0,17.32,0.0,103.078,0.0,0.0,0.0
461,2025-07-18 19:00:00,2025-07-18,1.28,471.218,580.1,0.0,0.0,10.0,0.0,98.782,0.0,0.0,0.0
462,2025-07-18 19:15:00,2025-07-18,1.28,479.618,575.9,0.0,0.0,0.0,0.0,96.282,0.0,0.0,0.0
463,2025-07-18 19:30:00,2025-07-18,1.28,471.532,567.9,0.0,0.0,0.0,0.0,96.368,0.0,0.0,0.0
464,2025-07-18 19:45:00,2025-07-18,1.28,409.806,548.3,48.0,0.0,0.0,0.0,90.494,0.0,0.0,0.0
465,2025-07-18 20:00:00,2025-07-18,1.28,127.344,510.7,300.0,0.0,0.0,0.0,83.35600000000001,0.0,0.0,0.0
466,2025-07-18 20:15:00,2025-07-18,1.28,118.74,499.2,300.0,0.0,0.0,0.0,80.46,0.0,0.0,0.0
467,2025-07-18 20:30:00,2025-07-18,1.28,116.482,497.1,300.0,0.0,0.0,0.0,80.718,0.0,0.0,0.0
468,2025-07-18 20:45:00,2025-07-18,1.28,95.234,472.2,300.0,0.0,0.0,0.0,76.966,0.0,0.0,0.0
469,2025-07-18 21:00:00,2025-07-18,0.72,409.788,489.5,0.0,0.0,0.0,0.0,79.712,0.0,0.0,0.0
470,2025-07-18 21:15:00,2025-07-18,0.72,381.824,456.1,0.0,0.0,0.0,0.0,74.27600000000001,0.0,0.0,0.0
471,2025-07-18 21:30:00,2025-07-18,0.72,388.556,464.6,0.0,0.0,0.0,0.0,76.044,0.0,0.0,0.0
472,2025-07-18 21:45:00,2025-07-18,0.72,379.93,454.0,0.0,0.0,0.0,0.0,74.07,0.0,0.0,0.0
473,2025-07-18 22:00:00,2025-07-18,0.72,371.886,443.9,0.0,0.0,0.0,0.0,72.01400000000001,0.0,0.0,0.0
474,2025-07-18 22:15:00,2025-07-18,0.72,363.714,434.0,0.0,0.0,0.0,0.0,70.286,0.0,0.0,0.0
475,2025-07-18 22:30:00,2025-07-18,0.72,368.506,439.7,0.0,0.0,0.0,0.0,71.194,0.0,0.0,0.0
476,2025-07-18 22:45:00,2025-07-18,0.72,365.186,435.1,0.0,0.0,0.0,0.0,69.914,0.0,0.0,0.0
477,2025-07-18 23:00:00,2025-07-18,0.72,345.66,412.2,0.0,0.0,0.0,0.0,66.64,0.0,0.0,0.0
478,2025-07-18 23:15:00,2025-07-18,0.72,359.908,428.9,0.0,0.0,0.0,0.0,68.992,0.0,0.0,0.0
479,2025-07-18 23:30:00,2025-07-18,0.72,340.182,405.8,0.0,0.0,0.0,0.0,65.618,0.0,0.0,0.0
480,2025-07-18 23:45:00,2025-07-18,0.72,339.002,403.2,0.0,0.0,0.0,0.0,64.198,0.0,0.0,0.0
481,2025-07-19 00:00:00,2025-07-19,0.4,496.8,333.3,0.0,0.0,0.0,0.0,-163.5,0.0,0.0,0.0
482,2025-07-19 00:15:00,2025-07-19,0.4,483.8,320.3,0.0,0.0,0.0,0.0,-163.5,0.0,0.0,0.0
483,2025-07-19 00:30:00,2025-07-19,0.4,502.3,338.8,0.0,0.0,0.0,0.0,-163.5,0.0,0.0,0.0
484,2025-07-19 00:45:00,2025-07-19,0.4,506.8,343.3,0.0,0.0,0.0,0.0,-163.5,0.0,0.0,0.0
485,2025-07-19 01:00:00,2025-07-19,0.4,506.1,342.6,0.0,0.0,0.0,0.0,-163.5,0.0,0.0,0.0
486,2025-07-19 01:15:00,2025-07-19,0.4,497.2,333.7,0.0,0.0,0.0,0.0,-163.5,0.0,0.0,0.0
487,2025-07-19 01:30:00,2025-07-19,0.4,498.8,335.3,0.0,0.0,0.0,0.0,-163.5,0.0,0.0,0.0
488,2025-07-19 01:45:00,2025-07-19,0.4,493.2,329.7,0.0,0.0,0.0,0.0,-163.5,0.0,0.0,0.0
489,2025-07-19 02:00:00,2025-07-19,0.4,497.0,333.5,0.0,0.0,0.0,0.0,-163.5,0.0,0.0,0.0
490,2025-07-19 02:15:00,2025-07-19,0.4,517.1,353.5,0.0,0.0,0.0,0.0,-163.5,0.0,0.0,0.0
491,2025-07-19 02:30:00,2025-07-19,0.4,504.1,340.7,0.0,0.0,0.0,0.0,-163.5,0.0,0.0,0.0
492,2025-07-19 02:45:00,2025-07-19,0.4,639.50526,333.9,-142.10526,0.0,0.0,0.0,-163.5,0.0,0.0,0.0
493,2025-07-19 03:00:00,2025-07-19,0.4,497.2,333.7,0.0,0.0,0.0,0.0,-163.5,0.0,0.0,0.0
494,2025-07-19 03:15:00,2025-07-19,0.4,498.0,334.5,0.0,0.0,0.0,0.0,-163.5,0.0,0.0,0.0
495,2025-07-19 03:30:00,2025-07-19,0.4,499.6,336.1,0.0,0.0,0.0,0.0,-163.5,0.0,0.0,0.0
496,2025-07-19 03:45:00,2025-07-19,0.4,492.5,328.9,0.0,0.0,0.0,0.0,-163.5,0.0,0.0,0.0
497,2025-07-19 04:00:00,2025-07-19,0.4,505.7,342.2,0.0,0.0,0.0,0.0,-163.5,0.0,0.0,0.0
498,2025-07-19 04:15:00,2025-07-19,0.4,506.5,343.0,0.0,0.0,0.0,0.0,-163.5,0.0,0.0,0.0
499,2025-07-19 04:30:00,2025-07-19,0.4,506.3,342.8,0.0,0.0,0.0,0.0,-163.5,0.0,0.0,0.0
500,2025-07-19 04:45:00,2025-07-19,0.4,792.0,328.4,-300.0,0.0,0.0,0.0,-163.5,0.0,0.0,0.0
501,2025-07-19 05:00:00,2025-07-19,0.4,793.0,329.5,-300.0,0.0,0.0,0.0,-163.5,0.0,0.0,0.0
502,2025-07-19 05:15:00,2025-07-19,0.4,796.9,333.4,-300.0,0.0,0.0,0.0,-163.5,0.0,0.0,0.0
503,2025-07-19 05:30:00,2025-07-19,0.4,792.1,328.5,-300.0,0.0,0.0,0.0,-163.5,0.0,0.0,0.0
504,2025-07-19 05:45:00,2025-07-19,0.4,789.5,326.1,-300.0,0.0,0.0,0.0,-163.5,0.0,0.0,0.0
505,2025-07-19 06:00:00,2025-07-19,0.4,768.6,305.0,-300.0,0.0,0.0,0.0,-163.5,0.0,0.0,0.0
506,2025-07-19 06:15:00,2025-07-19,0.4,766.5,303.0,-300.0,0.0,0.0,0.0,-163.5,0.0,0.0,0.0
507,2025-07-19 06:30:00,2025-07-19,0.4,756.1,292.7,-300.0,0.0,0.0,0.0,-163.5,0.0,0.0,0.0
508,2025-07-19 06:45:00,2025-07-19,0.4,727.6,264.0,-300.0,0.0,0.0,0.0,-163.5,0.0,0.0,0.0
509,2025-07-19 07:00:00,2025-07-19,0.4,738.0,274.5,-300.0,0.0,0.0,0.0,-163.5,0.0,0.0,0.0
510,2025-07-19 07:15:00,2025-07-19,0.4,700.2,236.7,-300.0,0.0,0.0,0.0,-163.5,0.0,0.0,0.0
511,2025-07-19 07:30:00,2025-07-19,0.4,685.3,221.7,-300.0,0.0,0.0,0.0,-163.5,0.0,0.0,0.0
512,2025-07-19 07:45:00,2025-07-19,0.4,678.0,214.50000000000003,-300.0,0.0,0.0,0.0,-163.5,0.0,0.0,0.0
513,2025-07-19 08:00:00,2025-07-19,0.62,269.6,244.00000000000003,0.0,0.0,0.0,0.0,-25.5,0.0,0.0,0.0
514,2025-07-19 08:15:00,2025-07-19,0.62,194.4,216.9,48.0,0.0,0.0,0.0,-25.5,0.0,0.0,0.0
515,2025-07-19 08:30:00,2025-07-19,0.62,245.6,220.1,0.0,0.0,0.0,0.0,-25.5,0.0,0.0,0.0
516,2025-07-19 08:45:00,2025-07-19,0.62,233.3,207.8,0.0,0.0,0.0,0.0,-25.5,0.0,0.0,0.0
517,2025-07-19 09:00:00,2025-07-19,0.62,203.4,177.89999999999998,0.0,0.0,0.0,0.0,-25.5,0.0,0.0,0.0
518,2025-07-19 09:15:00,2025-07-19,0.62,223.4,197.9,0.0,0.0,0.0,0.0,-25.5,0.0,0.0,0.0
519,2025-07-19 09:30:00,2025-07-19,0.62,193.1,167.60000000000002,0.0,0.0,0.0,0.0,-25.5,0.0,0.0,0.0
520,2025-07-19 09:45:00,2025-07-19,0.62,191.7,173.3,0.0,0.0,0.0,-7.0,-25.5,0.0,0.0,0.0
521,2025-07-19 10:00:00,2025-07-19,0.62,161.1,142.70000000000005,0.0,0.0,0.0,-7.0,-25.5,0.0,0.0,0.0
522,2025-07-19 10:15:00,2025-07-19,0.62,154.4,142.89999999999998,0.0,0.0,0.0,-14.0,-25.5,0.0,0.0,0.0
523,2025-07-19 10:30:00,2025-07-19,0.62,164.71053,151.99999999999994,0.0,0.0,-1.2105263,-14.0,-25.5,0.0,0.0,0.0
524,2025-07-19 10:45:00,2025-07-19,0.62,153.2,141.8,0.0,0.0,0.0,-14.0,-25.5,0.0,0.0,0.0
525,2025-07-19 11:00:00,2025-07-19,0.62,145.7,127.2,0.0,0.0,-7.0,-14.0,-25.5,0.0,0.0,0.0
526,2025-07-19 11:15:00,2025-07-19,0.62,153.6,128.0,0.0,0.0,-14.0,-14.0,-25.5,0.0,0.0,0.0
527,2025-07-19 11:30:00,2025-07-19,0.62,147.9,135.7913043478261,0.0,0.0,-7.0,-20.391304347826107,-25.5,0.0,0.0,0.0
528,2025-07-19 11:45:00,2025-07-19,0.62,145.8,131.19999999999993,0.0,0.0,-7.0,-18.0,-25.5,0.0,0.0,0.0
529,2025-07-19 12:00:00,2025-07-19,0.62,161.2,146.7,0.0,0.0,-21.0,-32.0,-25.5,0.0,0.0,0.0
530,2025-07-19 12:15:00,2025-07-19,0.62,149.50526,139.90000000000003,0.0,0.0,-23.1052632,-39.0,-25.5,0.0,0.0,0.0
531,2025-07-19 12:30:00,2025-07-19,0.62,180.2,172.7,0.0,0.0,-21.0,-39.0,-25.5,0.0,0.0,0.0
532,2025-07-19 12:45:00,2025-07-19,0.62,167.7,164.1260869565217,0.0,0.0,-14.0,-35.82608695652175,-25.5,0.0,0.0,0.0
533,2025-07-19 13:00:00,2025-07-19,0.62,182.6,175.10000000000002,0.0,0.0,-14.0,-32.0,-25.5,0.0,0.0,0.0
534,2025-07-19 13:15:00,2025-07-19,0.62,184.6,174.23043478260877,0.0,0.0,-14.0,-29.13043478260871,-25.5,0.0,0.0,0.0
535,2025-07-19 13:30:00,2025-07-19,0.62,202.9,174.39999999999998,0.0,0.0,-28.0,-25.0,-25.5,0.0,0.0,0.0
536,2025-07-19 13:45:00,2025-07-19,0.62,213.1,191.6,0.0,0.0,-21.0,-25.0,-25.5,0.0,0.0,0.0
537,2025-07-19 14:00:00,2025-07-19,0.62,224.4,181.90000000000003,0.0,0.0,-28.0,-11.000000000000009,-25.5,0.0,0.0,0.0
538,2025-07-19 14:15:00,2025-07-19,0.62,235.89474,193.5,0.0,0.0,-23.8947368,-7.0,-25.5,0.0,0.0,0.0
539,2025-07-19 14:30:00,2025-07-19,0.62,236.75263,203.20000000000005,0.0,0.0,-15.0526316,-7.0,-25.5,0.0,0.0,0.0
540,2025-07-19 14:45:00,2025-07-19,0.62,263.3,230.8,0.0,0.0,-14.0,-7.0,-25.5,0.0,0.0,0.0
541,2025-07-19 15:00:00,2025-07-19,0.62,276.6,244.1,0.0,0.0,-14.0,-7.0,-25.5,0.0,0.0,0.0
542,2025-07-19 15:15:00,2025-07-19,0.62,277.13158,247.4913043478261,0.0,0.0,-7.63157895,-3.3913043478261224,-25.5,0.0,0.0,0.0
543,2025-07-19 15:30:00,2025-07-19,0.62,305.8,273.29999999999995,0.0,0.0,-7.0,0.0,-25.5,0.0,0.0,0.0
544,2025-07-19 15:45:00,2025-07-19,0.62,311.9,286.50000000000006,0.0,0.0,0.0,0.0,-25.5,0.0,0.0,0.0
545,2025-07-19 16:00:00,2025-07-19,0.62,333.6,308.0,0.0,0.0,0.0,0.0,-25.5,0.0,0.0,0.0
546,2025-07-19 16:15:00,2025-07-19,0.62,347.2,321.70000000000005,0.0,0.0,0.0,0.0,-25.5,0.0,0.0,0.0
547,2025-07-19 16:30:00,2025-07-19,0.62,354.6,329.1,0.0,0.0,0.0,0.0,-25.5,0.0,0.0,0.0
548,2025-07-19 16:45:00,2025-07-19,0.62,376.0,350.5,0.0,0.0,0.0,0.0,-25.5,0.0,0.0,0.0
549,2025-07-19 17:00:00,2025-07-19,0.62,384.7,359.1,0.0,0.0,0.0,0.0,-25.5,0.0,0.0,0.0
550,2025-07-19 17:15:00,2025-07-19,0.62,400.0,374.5,0.0,0.0,0.0,0.0,-25.5,0.0,0.0,0.0
551,2025-07-19 17:30:00,2025-07-19,0.62,420.8,395.3,0.0,0.0,0.0,0.0,-25.5,0.0,0.0,0.0
552,2025-07-19 17:45:00,2025-07-19,0.62,437.1,411.7000000000001,0.0,0.0,0.0,0.0,-25.5,0.0,0.0,0.0
553,2025-07-19 18:00:00,2025-07-19,0.78,13.634,387.3,300.0,0.0,0.0,0.0,73.76599999999999,0.0,0.0,0.0
554,2025-07-19 18:15:00,2025-07-19,0.78,32.404,405.6,300.0,0.0,0.0,0.0,73.196,0.0,0.0,0.0
555,2025-07-19 18:30:00,2025-07-19,0.78,52.66,424.9,300.0,0.0,0.0,0.0,72.24000000000001,0.0,0.0,0.0
556,2025-07-19 18:45:00,2025-07-19,0.78,54.328,424.6,300.0,0.0,0.0,0.0,70.272,0.0,0.0,0.0
557,2025-07-19 19:00:00,2025-07-19,0.78,66.44,437.1,300.0,0.0,0.0,0.0,70.66,0.0,0.0,0.0
558,2025-07-19 19:15:00,2025-07-19,0.78,51.074,420.0,300.0,0.0,0.0,0.0,68.926,0.0,0.0,0.0
559,2025-07-19 19:30:00,2025-07-19,0.78,43.51,410.9,300.0,0.0,0.0,0.0,67.39,0.0,0.0,0.0
560,2025-07-19 19:45:00,2025-07-19,0.78,42.468,408.7,300.0,0.0,0.0,0.0,66.232,0.0,0.0,0.0
561,2025-07-19 20:00:00,2025-07-19,0.78,49.344,414.8,300.0,0.0,0.0,0.0,65.456,0.0,0.0,0.0
562,2025-07-19 20:15:00,2025-07-19,0.78,34.76,398.7,300.0,0.0,0.0,0.0,63.94,0.0,0.0,0.0
563,2025-07-19 20:30:00,2025-07-19,0.78,37.288,402.4,300.0,0.0,0.0,0.0,65.212,0.0,0.0,0.0
564,2025-07-19 20:45:00,2025-07-19,0.78,18.672,379.5,300.0,0.0,0.0,0.0,60.928,0.0,0.0,0.0
565,2025-07-19 21:00:00,2025-07-19,0.55,523.5,360.0,0.0,0.0,0.0,0.0,-163.5,0.0,0.0,0.0
566,2025-07-19 21:15:00,2025-07-19,0.55,536.8,373.3,0.0,0.0,0.0,0.0,-163.5,0.0,0.0,0.0
567,2025-07-19 21:30:00,2025-07-19,0.55,526.1,362.7,0.0,0.0,0.0,0.0,-163.5,0.0,0.0,0.0
568,2025-07-19 21:45:00,2025-07-19,0.55,521.5,358.0,0.0,0.0,0.0,0.0,-163.5,0.0,0.0,0.0
569,2025-07-19 22:00:00,2025-07-19,0.55,493.7,330.2,0.0,0.0,0.0,0.0,-163.5,0.0,0.0,0.0
570,2025-07-19 22:15:00,2025-07-19,0.55,503.4,340.0,0.0,0.0,0.0,0.0,-163.5,0.0,0.0,0.0
571,2025-07-19 22:30:00,2025-07-19,0.55,491.8,328.4,0.0,0.0,0.0,0.0,-163.5,0.0,0.0,0.0
572,2025-07-19 22:45:00,2025-07-19,0.55,497.4,334.0,0.0,0.0,0.0,0.0,-163.5,0.0,0.0,0.0
573,2025-07-19 23:00:00,2025-07-19,0.55,506.0,342.5,0.0,0.0,0.0,0.0,-163.5,0.0,0.0,0.0
574,2025-07-19 23:15:00,2025-07-19,0.55,482.0,318.5,0.0,0.0,0.0,0.0,-163.5,0.0,0.0,0.0
575,2025-07-19 23:30:00,2025-07-19,0.55,491.2,327.7,0.0,0.0,0.0,0.0,-163.5,0.0,0.0,0.0
576,2025-07-19 23:45:00,2025-07-19,0.55,481.5,318.0,0.0,0.0,0.0,0.0,-163.5,0.0,0.0,0.0
577,2025-07-20 00:00:00,2025-07-20,0.4,513.7,350.2,0.0,0.0,0.0,0.0,-163.5,0.0,0.0,0.0
578,2025-07-20 00:15:00,2025-07-20,0.4,505.9,342.3,0.0,0.0,0.0,0.0,-163.5,0.0,0.0,0.0
579,2025-07-20 00:30:00,2025-07-20,0.4,505.1,341.6,0.0,0.0,0.0,0.0,-163.5,0.0,0.0,0.0
580,2025-07-20 00:45:00,2025-07-20,0.4,489.9,326.4,0.0,0.0,0.0,0.0,-163.5,0.0,0.0,0.0
581,2025-07-20 01:00:00,2025-07-20,0.4,508.9,345.4,0.0,0.0,0.0,0.0,-163.5,0.0,0.0,0.0
582,2025-07-20 01:15:00,2025-07-20,0.4,494.5,331.1,0.0,0.0,0.0,0.0,-163.5,0.0,0.0,0.0
583,2025-07-20 01:30:00,2025-07-20,0.4,500.2,336.7,0.0,0.0,0.0,0.0,-163.5,0.0,0.0,0.0
584,2025-07-20 01:45:00,2025-07-20,0.4,503.3,339.7,0.0,0.0,0.0,0.0,-163.5,0.0,0.0,0.0
585,2025-07-20 02:00:00,2025-07-20,0.4,496.7,333.3,0.0,0.0,0.0,0.0,-163.5,0.0,0.0,0.0
586,2025-07-20 02:15:00,2025-07-20,0.4,501.1,337.6,0.0,0.0,0.0,0.0,-163.5,0.0,0.0,0.0
587,2025-07-20 02:30:00,2025-07-20,0.4,497.9,334.4,0.0,0.0,0.0,0.0,-163.5,0.0,0.0,0.0
588,2025-07-20 02:45:00,2025-07-20,0.4,504.1,340.6,0.0,0.0,0.0,0.0,-163.5,0.0,0.0,0.0
589,2025-07-20 03:00:00,2025-07-20,0.4,499.9,336.4,0.0,0.0,0.0,0.0,-163.5,0.0,0.0,0.0
590,2025-07-20 03:15:00,2025-07-20,0.4,491.4,327.9,0.0,0.0,0.0,0.0,-163.5,0.0,0.0,0.0
591,2025-07-20 03:30:00,2025-07-20,0.4,488.8,325.3,0.0,0.0,0.0,0.0,-163.5,0.0,0.0,0.0
592,2025-07-20 03:45:00,2025-07-20,0.4,496.8,333.3,0.0,0.0,0.0,0.0,-163.5,0.0,0.0,0.0
593,2025-07-20 04:00:00,2025-07-20,0.4,501.0,337.5,0.0,0.0,0.0,0.0,-163.5,0.0,0.0,0.0
594,2025-07-20 04:15:00,2025-07-20,0.4,510.4,346.9,0.0,0.0,0.0,0.0,-163.5,0.0,0.0,0.0
595,2025-07-20 04:30:00,2025-07-20,0.4,791.9,328.4,-300.0,0.0,0.0,0.0,-163.5,0.0,0.0,0.0
596,2025-07-20 04:45:00,2025-07-20,0.4,796.3,332.7,-300.0,0.0,0.0,0.0,-163.5,0.0,0.0,0.0
597,2025-07-20 05:00:00,2025-07-20,0.4,791.5,328.0,-300.0,0.0,0.0,0.0,-163.5,0.0,0.0,0.0
598,2025-07-20 05:15:00,2025-07-20,0.4,790.6,327.1,-300.0,0.0,0.0,0.0,-163.5,0.0,0.0,0.0
599,2025-07-20 05:30:00,2025-07-20,0.4,791.2,327.6,-300.0,0.0,0.0,0.0,-163.5,0.0,0.0,0.0
600,2025-07-20 05:45:00,2025-07-20,0.4,787.6,324.1,-300.0,0.0,0.0,0.0,-163.5,0.0,0.0,0.0
601,2025-07-20 06:00:00,2025-07-20,0.4,775.1,311.6,-300.0,0.0,0.0,0.0,-163.5,0.0,0.0,0.0
602,2025-07-20 06:15:00,2025-07-20,0.4,765.2,301.6,-300.0,0.0,0.0,0.0,-163.5,0.0,0.0,0.0
603,2025-07-20 06:30:00,2025-07-20,0.4,751.3,287.79999999999995,-300.0,0.0,0.0,0.0,-163.5,0.0,0.0,0.0
604,2025-07-20 06:45:00,2025-07-20,0.4,730.8,267.29999999999995,-300.0,0.0,0.0,0.0,-163.5,0.0,0.0,0.0
605,2025-07-20 07:00:00,2025-07-20,0.4,721.8,258.29999999999995,-300.0,0.0,0.0,0.0,-163.5,0.0,0.0,0.0
606,2025-07-20 07:15:00,2025-07-20,0.4,711.7,248.3,-300.0,0.0,0.0,0.0,-163.5,0.0,0.0,0.0
607,2025-07-20 07:30:00,2025-07-20,0.4,535.80526,230.2,-142.10526,0.0,0.0,0.0,-163.5,0.0,0.0,0.0
608,2025-07-20 07:45:00,2025-07-20,0.4,680.1,216.6,-300.0,0.0,0.0,0.0,-163.5,0.0,0.0,0.0
609,2025-07-20 08:00:00,2025-07-20,0.62,270.6,245.1,0.0,0.0,0.0,0.0,-25.5,0.0,0.0,0.0
610,2025-07-20 08:15:00,2025-07-20,0.62,255.1,229.6,0.0,0.0,0.0,0.0,-25.5,0.0,0.0,0.0
611,2025-07-20 08:30:00,2025-07-20,0.62,254.6,229.2,0.0,0.0,0.0,0.0,-25.5,0.0,0.0,0.0
612,2025-07-20 08:45:00,2025-07-20,0.62,236.3,217.9,0.0,0.0,0.0,-7.0,-25.5,0.0,0.0,0.0
613,2025-07-20 09:00:00,2025-07-20,0.62,213.2,194.7,0.0,0.0,0.0,-7.0,-25.5,0.0,0.0,0.0
614,2025-07-20 09:15:00,2025-07-20,0.62,220.7,202.2,0.0,0.0,0.0,-7.0,-25.5,0.0,0.0,0.0
615,2025-07-20 09:30:00,2025-07-20,0.62,209.7,191.2,0.0,0.0,0.0,-7.0,-25.5,0.0,0.0,0.0
616,2025-07-20 09:45:00,2025-07-20,0.62,200.9,182.3,0.0,0.0,0.0,-7.0,-25.5,0.0,0.0,0.0
617,2025-07-20 10:00:00,2025-07-20,0.62,188.7,170.2,0.0,0.0,0.0,-7.0,-25.5,0.0,0.0,0.0
618,2025-07-20 10:15:00,2025-07-20,0.62,199.0,180.6,0.0,0.0,-7.0,-14.0,-25.5,0.0,0.0,0.0
619,2025-07-20 10:30:00,2025-07-20,0.62,174.0,155.5,0.0,0.0,-7.0,-14.0,-25.5,0.0,0.0,0.0
620,2025-07-20 10:45:00,2025-07-20,0.62,175.96316,162.20000000000005,0.0,0.0,-9.2631579,-21.0,-25.5,0.0,0.0,0.0
621,2025-07-20 11:00:00,2025-07-20,0.62,188.6,181.2,0.0,0.0,-14.0,-32.0,-25.5,0.0,0.0,0.0
622,2025-07-20 11:15:00,2025-07-20,0.62,166.1,183.9043478260869,0.0,0.0,-7.0,-50.30434782608695,-25.5,0.0,0.0,0.0
623,2025-07-20 11:30:00,2025-07-20,0.62,166.5,170.0,0.0,0.0,-18.0,-47.0,-25.5,0.0,0.0,0.0
624,2025-07-20 11:45:00,2025-07-20,0.62,178.71579,179.89999999999998,0.0,0.0,-20.3157895,-47.0,-25.5,0.0,0.0,0.0
625,2025-07-20 12:00:00,2025-07-20,0.62,191.5,195.0,0.0,0.0,-29.0,-58.0,-25.5,0.0,0.0,0.0
626,2025-07-20 12:15:00,2025-07-20,0.62,200.33158,190.1,0.0,0.0,-35.6315789,-51.0,-25.5,0.0,0.0,0.0
627,2025-07-20 12:30:00,2025-07-20,0.62,217.8,203.30000000000007,0.0,0.0,-40.0,-51.0,-25.5,0.0,0.0,0.0
628,2025-07-20 12:45:00,2025-07-20,0.62,194.6,191.20000000000005,0.0,0.0,-29.0,-51.0,-25.5,0.0,0.0,0.0
629,2025-07-20 13:00:00,2025-07-20,0.62,219.6,202.3913043478261,0.0,0.0,-40.0,-48.39130434782608,-25.5,0.0,0.0,0.0
630,2025-07-20 13:15:00,2025-07-20,0.62,195.9,184.1391304347825,0.0,0.0,-22.0,-35.73913043478256,-25.5,0.0,0.0,0.0
631,2025-07-20 13:30:00,2025-07-20,0.62,252.6,214.3608695652174,0.0,0.0,-44.0,-31.26086956521737,-25.5,0.0,0.0,0.0
632,2025-07-20 13:45:00,2025-07-20,0.62,258.3,210.3347826086956,0.0,0.0,-44.0,-21.434782608695613,-25.5,0.0,0.0,0.0
633,2025-07-20 14:00:00,2025-07-20,0.62,262.7,204.2,0.0,0.0,-44.0,-11.0,-25.5,0.0,0.0,0.0
634,2025-07-20 14:15:00,2025-07-20,0.62,268.0,209.50000000000009,0.0,0.0,-44.0,-11.0,-25.5,0.0,0.0,0.0
635,2025-07-20 14:30:00,2025-07-20,0.62,286.32632,228.40000000000003,0.0,0.0,-43.526316,-11.0,-25.5,0.0,0.0,0.0
636,2025-07-20 14:45:00,2025-07-20,0.62,278.3,223.71304347826072,0.0,0.0,-32.0,-2.913043478260815,-25.5,0.0,0.0,0.0
637,2025-07-20 15:00:00,2025-07-20,0.62,277.74211,246.40000000000003,0.0,0.0,-5.8421053,0.0,-25.5,0.0,0.0,0.0
638,2025-07-20 15:15:00,2025-07-20,0.62,284.0,258.40000000000003,0.0,0.0,0.0,0.0,-25.5,0.0,0.0,0.0
639,2025-07-20 15:30:00,2025-07-20,0.62,306.6,281.1,0.0,0.0,0.0,0.0,-25.5,0.0,0.0,0.0
640,2025-07-20 15:45:00,2025-07-20,0.62,312.7,287.20000000000005,0.0,0.0,0.0,0.0,-25.5,0.0,0.0,0.0
641,2025-07-20 16:00:00,2025-07-20,0.62,326.8,301.3,0.0,0.0,0.0,0.0,-25.5,0.0,0.0,0.0
642,2025-07-20 16:15:00,2025-07-20,0.62,342.6,317.1,0.0,0.0,0.0,0.0,-25.5,0.0,0.0,0.0
643,2025-07-20 16:30:00,2025-07-20,0.62,364.7,339.20000000000005,0.0,0.0,0.0,0.0,-25.5,0.0,0.0,0.0
644,2025-07-20 16:45:00,2025-07-20,0.62,391.7,366.1,0.0,0.0,0.0,0.0,-25.5,0.0,0.0,0.0
645,2025-07-20 17:00:00,2025-07-20,0.62,399.9,374.4,0.0,0.0,0.0,0.0,-25.5,0.0,0.0,0.0
646,2025-07-20 17:15:00,2025-07-20,0.62,405.0,379.5,0.0,0.0,0.0,0.0,-25.5,0.0,0.0,0.0
647,2025-07-20 17:30:00,2025-07-20,0.62,407.0,381.4,0.0,0.0,0.0,0.0,-25.5,0.0,0.0,0.0
648,2025-07-20 17:45:00,2025-07-20,0.62,427.7,402.2000000000001,0.0,0.0,0.0,0.0,-25.5,0.0,0.0,0.0
649,2025-07-20 18:00:00,2025-07-20,0.78,14.4,384.9,300.0,0.0,0.0,0.0,70.5,0.0,0.0,0.0
650,2025-07-20 18:15:00,2025-07-20,0.78,31.464,402.5,300.0,0.0,0.0,0.0,71.036,0.0,0.0,0.0
651,2025-07-20 18:30:00,2025-07-20,0.78,30.3,398.5,300.0,0.0,0.0,0.0,68.2,0.0,0.0,0.0
652,2025-07-20 18:45:00,2025-07-20,0.78,37.712,404.1,300.0,0.0,0.0,0.0,66.388,0.0,0.0,0.0
653,2025-07-20 19:00:00,2025-07-20,0.78,58.516,427.6,300.0,0.0,0.0,0.0,69.084,0.0,0.0,0.0
654,2025-07-20 19:15:00,2025-07-20,0.78,50.812,418.5,300.0,0.0,0.0,0.0,67.78800000000001,0.0,0.0,0.0
655,2025-07-20 19:30:00,2025-07-20,0.78,46.154,413.3,300.0,0.0,0.0,0.0,67.04599999999999,0.0,0.0,0.0
656,2025-07-20 19:45:00,2025-07-20,0.78,46.176,413.5,300.0,0.0,0.0,0.0,67.324,0.0,0.0,0.0
657,2025-07-20 20:00:00,2025-07-20,0.78,40.352,404.8,300.0,0.0,0.0,0.0,64.44800000000001,0.0,0.0,0.0
658,2025-07-20 20:15:00,2025-07-20,0.78,28.99,391.4,300.0,0.0,0.0,0.0,62.41,0.0,0.0,0.0
659,2025-07-20 20:30:00,2025-07-20,0.78,36.41,399.9,300.0,0.0,0.0,0.0,63.49,0.0,0.0,0.0
660,2025-07-20 20:45:00,2025-07-20,0.78,19.806,381.0,300.0,0.0,0.0,0.0,61.194,0.0,0.0,0.0
661,2025-07-20 21:00:00,2025-07-20,0.55,524.4,361.0,0.0,0.0,0.0,0.0,-163.5,0.0,0.0,0.0
662,2025-07-20 21:15:00,2025-07-20,0.55,508.6,345.1,0.0,0.0,0.0,0.0,-163.5,0.0,0.0,0.0
663,2025-07-20 21:30:00,2025-07-20,0.55,521.5,358.0,0.0,0.0,0.0,0.0,-163.5,0.0,0.0,0.0
664,2025-07-20 21:45:00,2025-07-20,0.55,519.3,355.7,0.0,0.0,0.0,0.0,-163.5,0.0,0.0,0.0
665,2025-07-20 22:00:00,2025-07-20,0.55,497.8,334.2,0.0,0.0,0.0,0.0,-163.5,0.0,0.0,0.0
666,2025-07-20 22:15:00,2025-07-20,0.55,784.3,320.8,-300.0,0.0,0.0,0.0,-163.5,0.0,0.0,0.0
667,2025-07-20 22:30:00,2025-07-20,0.55,784.9,321.5,-300.0,0.0,0.0,0.0,-163.5,0.0,0.0,0.0
668,2025-07-20 22:45:00,2025-07-20,0.55,787.8,324.4,-300.0,0.0,0.0,0.0,-163.5,0.0,0.0,0.0
669,2025-07-20 23:00:00,2025-07-20,0.55,772.6,309.1,-300.0,0.0,0.0,0.0,-163.5,0.0,0.0,0.0
670,2025-07-20 23:15:00,2025-07-20,0.55,778.1,314.7,-300.0,0.0,0.0,0.0,-163.5,0.0,0.0,0.0
671,2025-07-20 23:30:00,2025-07-20,0.55,783.5,319.9,-300.0,0.0,0.0,0.0,-163.5,0.0,0.0,0.0
672,2025-07-20 23:45:00,2025-07-20,0.55,650.36704,319.0,-167.86704,0.0,0.0,0.0,-163.5,0.0,0.0,0.0
