slot_id,timestamp,date,price_buy_yuan_per_kwh,p1_ess_charge_kw,p1_ess_discharge_kw,bl_ess_charge_kw,bl_ess_discharge_kw
1,2025-07-14 00:00:00,2025-07-14,0.42,0.0,0.0,0.0,0.0
2,2025-07-14 00:15:00,2025-07-14,0.42,0.0,0.0,0.0,0.0
3,2025-07-14 00:30:00,2025-07-14,0.42,0.0,0.0,0.0,0.0
4,2025-07-14 00:45:00,2025-07-14,0.42,0.0,0.0,0.0,0.0
5,2025-07-14 01:00:00,2025-07-14,0.42,0.0,0.0,0.0,0.0
6,2025-07-14 01:15:00,2025-07-14,0.42,0.0,0.0,0.0,0.0
7,2025-07-14 01:30:00,2025-07-14,0.42,0.0,0.0,0.0,0.0
8,2025-07-14 01:45:00,2025-07-14,0.42,0.0,0.0,0.0,0.0
9,2025-07-14 02:00:00,2025-07-14,0.42,0.0,0.0,0.0,0.0
10,2025-07-14 02:15:00,2025-07-14,0.42,0.0,0.0,0.0,0.0
11,2025-07-14 02:30:00,2025-07-14,0.42,0.0,0.0,0.0,0.0
12,2025-07-14 02:45:00,2025-07-14,0.42,0.0,0.0,0.0,0.0
13,2025-07-14 03:00:00,2025-07-14,0.42,0.0,0.0,0.0,0.0
14,2025-07-14 03:15:00,2025-07-14,0.42,0.0,0.0,0.0,0.0
15,2025-07-14 03:30:00,2025-07-14,0.42,0.0,0.0,0.0,0.0
16,2025-07-14 03:45:00,2025-07-14,0.42,0.0,0.0,0.0,0.0
17,2025-07-14 04:00:00,2025-07-14,0.42,0.0,0.0,0.0,0.0
18,2025-07-14 04:15:00,2025-07-14,0.42,0.0,0.0,0.0,0.0
19,2025-07-14 04:30:00,2025-07-14,0.42,0.0,0.0,0.0,0.0
20,2025-07-14 04:45:00,2025-07-14,0.42,0.0,0.0,0.0,0.0
21,2025-07-14 05:00:00,2025-07-14,0.42,0.0,0.0,0.0,0.0
22,2025-07-14 05:15:00,2025-07-14,0.42,300.0,0.0,0.0,0.0
23,2025-07-14 05:30:00,2025-07-14,0.42,300.0,0.0,0.0,0.0
24,2025-07-14 05:45:00,2025-07-14,0.42,221.05263,0.0,0.0,0.0
25,2025-07-14 06:00:00,2025-07-14,0.42,300.0,0.0,0.0,0.0
26,2025-07-14 06:15:00,2025-07-14,0.42,300.0,0.0,0.0,0.0
27,2025-07-14 06:30:00,2025-07-14,0.42,300.0,0.0,0.0,0.0
28,2025-07-14 06:45:00,2025-07-14,0.42,300.0,0.0,0.0,0.0
29,2025-07-14 07:00:00,2025-07-14,0.75,0.0,0.0,0.0,0.0
30,2025-07-14 07:15:00,2025-07-14,0.75,0.0,0.0,0.0,0.0
31,2025-07-14 07:30:00,2025-07-14,0.75,0.0,0.0,0.0,0.0
32,2025-07-14 07:45:00,2025-07-14,0.75,0.0,0.0,0.0,0.0
33,2025-07-14 08:00:00,2025-07-14,0.75,0.0,0.0,0.0,0.0
34,2025-07-14 08:15:00,2025-07-14,0.75,0.0,0.0,0.0,0.0
35,2025-07-14 08:30:00,2025-07-14,0.75,0.0,0.0,0.0,0.0
36,2025-07-14 08:45:00,2025-07-14,0.75,0.0,0.0,0.0,0.0
37,2025-07-14 09:00:00,2025-07-14,0.75,0.0,0.0,0.0,0.0
38,2025-07-14 09:15:00,2025-07-14,0.75,0.0,0.0,0.0,0.0
39,2025-07-14 09:30:00,2025-07-14,0.75,0.0,0.0,0.0,0.0
40,2025-07-14 09:45:00,2025-07-14,0.75,0.0,0.0,0.0,0.0
41,2025-07-14 10:00:00,2025-07-14,0.75,0.0,0.0,0.0,0.0
42,2025-07-14 10:15:00,2025-07-14,0.75,0.0,0.0,0.0,0.0
43,2025-07-14 10:30:00,2025-07-14,0.75,0.0,0.0,0.0,0.0
44,2025-07-14 10:45:00,2025-07-14,0.75,0.0,0.0,0.0,0.0
45,2025-07-14 11:00:00,2025-07-14,0.68,0.0,0.0,0.0,0.0
46,2025-07-14 11:15:00,2025-07-14,0.68,0.0,0.0,0.0,0.0
47,2025-07-14 11:30:00,2025-07-14,0.68,0.0,0.0,0.0,0.0
48,2025-07-14 11:45:00,2025-07-14,0.68,0.0,0.0,0.0,0.0
49,2025-07-14 12:00:00,2025-07-14,0.68,0.0,0.0,0.0,0.0
50,2025-07-14 12:15:00,2025-07-14,0.68,0.0,0.0,0.0,0.0
51,2025-07-14 12:30:00,2025-07-14,0.68,0.0,0.0,0.0,0.0
52,2025-07-14 12:45:00,2025-07-14,0.68,0.0,0.0,0.0,0.0
53,2025-07-14 13:00:00,2025-07-14,0.68,0.0,0.0,0.0,0.0
54,2025-07-14 13:15:00,2025-07-14,0.68,0.0,0.0,0.0,0.0
55,2025-07-14 13:30:00,2025-07-14,0.68,0.0,0.0,0.0,0.0
56,2025-07-14 13:45:00,2025-07-14,0.68,0.0,0.0,0.0,0.0
57,2025-07-14 14:00:00,2025-07-14,0.68,0.0,0.0,0.0,0.0
58,2025-07-14 14:15:00,2025-07-14,0.68,0.0,0.0,0.0,0.0
59,2025-07-14 14:30:00,2025-07-14,0.68,0.0,0.0,0.0,0.0
60,2025-07-14 14:45:00,2025-07-14,0.68,0.0,0.0,0.0,0.0
61,2025-07-14 15:00:00,2025-07-14,0.82,0.0,0.0,0.0,300.0
62,2025-07-14 15:15:00,2025-07-14,0.82,0.0,0.0,0.0,300.0
63,2025-07-14 15:30:00,2025-07-14,0.82,0.0,0.0,0.0,300.0
64,2025-07-14 15:45:00,2025-07-14,0.82,0.0,0.0,0.0,300.0
65,2025-07-14 16:00:00,2025-07-14,0.82,0.0,0.0,0.0,300.0
66,2025-07-14 16:15:00,2025-07-14,0.82,0.0,0.0,0.0,300.0
67,2025-07-14 16:30:00,2025-07-14,0.82,0.0,0.0,0.0,24.000000000000465
68,2025-07-14 16:45:00,2025-07-14,0.82,0.0,0.0,0.0,0.0
69,2025-07-14 17:00:00,2025-07-14,1.28,0.0,300.0,0.0,0.0
70,2025-07-14 17:15:00,2025-07-14,1.28,0.0,300.0,0.0,0.0
71,2025-07-14 17:30:00,2025-07-14,1.28,0.0,0.0,0.0,0.0
72,2025-07-14 17:45:00,2025-07-14,1.28,0.0,0.0,0.0,0.0
73,2025-07-14 18:00:00,2025-07-14,1.28,0.0,300.0,0.0,0.0
74,2025-07-14 18:15:00,2025-07-14,1.28,0.0,300.0,0.0,0.0
75,2025-07-14 18:30:00,2025-07-14,1.28,0.0,48.0,0.0,0.0
76,2025-07-14 18:45:00,2025-07-14,1.28,0.0,0.0,0.0,0.0
77,2025-07-14 19:00:00,2025-07-14,1.28,0.0,300.0,0.0,0.0
78,2025-07-14 19:15:00,2025-07-14,1.28,0.0,300.0,0.0,0.0
79,2025-07-14 19:30:00,2025-07-14,1.28,0.0,300.0,0.0,0.0
80,2025-07-14 19:45:00,2025-07-14,1.28,0.0,300.0,0.0,0.0
81,2025-07-14 20:00:00,2025-07-14,1.28,0.0,300.0,0.0,0.0
82,2025-07-14 20:15:00,2025-07-14,1.28,0.0,300.0,0.0,0.0
83,2025-07-14 20:30:00,2025-07-14,1.28,0.0,300.0,0.0,0.0
84,2025-07-14 20:45:00,2025-07-14,1.28,0.0,300.0,0.0,0.0
85,2025-07-14 21:00:00,2025-07-14,0.72,0.0,0.0,0.0,0.0
86,2025-07-14 21:15:00,2025-07-14,0.72,0.0,0.0,0.0,0.0
87,2025-07-14 21:30:00,2025-07-14,0.72,0.0,0.0,0.0,0.0
88,2025-07-14 21:45:00,2025-07-14,0.72,0.0,0.0,0.0,0.0
89,2025-07-14 22:00:00,2025-07-14,0.72,0.0,0.0,0.0,0.0
90,2025-07-14 22:15:00,2025-07-14,0.72,0.0,0.0,0.0,0.0
91,2025-07-14 22:30:00,2025-07-14,0.72,0.0,0.0,0.0,0.0
92,2025-07-14 22:45:00,2025-07-14,0.72,0.0,0.0,0.0,0.0
93,2025-07-14 23:00:00,2025-07-14,0.72,0.0,0.0,0.0,0.0
94,2025-07-14 23:15:00,2025-07-14,0.72,0.0,0.0,0.0,0.0
95,2025-07-14 23:30:00,2025-07-14,0.72,0.0,0.0,0.0,0.0
96,2025-07-14 23:45:00,2025-07-14,0.72,0.0,0.0,0.0,0.0
97,2025-07-15 00:00:00,2025-07-15,0.42,0.0,0.0,0.0,0.0
98,2025-07-15 00:15:00,2025-07-15,0.42,0.0,0.0,0.0,0.0
99,2025-07-15 00:30:00,2025-07-15,0.42,0.0,0.0,0.0,0.0
100,2025-07-15 00:45:00,2025-07-15,0.42,0.0,0.0,0.0,0.0
101,2025-07-15 01:00:00,2025-07-15,0.42,0.0,0.0,0.0,0.0
102,2025-07-15 01:15:00,2025-07-15,0.42,0.0,0.0,0.0,0.0
103,2025-07-15 01:30:00,2025-07-15,0.42,0.0,0.0,0.0,0.0
104,2025-07-15 01:45:00,2025-07-15,0.42,0.0,0.0,0.0,0.0
105,2025-07-15 02:00:00,2025-07-15,0.42,0.0,0.0,0.0,0.0
106,2025-07-15 02:15:00,2025-07-15,0.42,0.0,0.0,0.0,0.0
107,2025-07-15 02:30:00,2025-07-15,0.42,0.0,0.0,0.0,0.0
108,2025-07-15 02:45:00,2025-07-15,0.42,0.0,0.0,0.0,0.0
109,2025-07-15 03:00:00,2025-07-15,0.42,0.0,0.0,0.0,0.0
110,2025-07-15 03:15:00,2025-07-15,0.42,0.0,0.0,0.0,0.0
111,2025-07-15 03:30:00,2025-07-15,0.42,300.0,0.0,0.0,0.0
112,2025-07-15 03:45:00,2025-07-15,0.42,300.0,0.0,0.0,0.0
113,2025-07-15 04:00:00,2025-07-15,0.42,300.0,0.0,0.0,0.0
114,2025-07-15 04:15:00,2025-07-15,0.42,300.0,0.0,0.0,0.0
115,2025-07-15 04:30:00,2025-07-15,0.42,300.0,0.0,0.0,0.0
116,2025-07-15 04:45:00,2025-07-15,0.42,300.0,0.0,0.0,0.0
117,2025-07-15 05:00:00,2025-07-15,0.42,300.0,0.0,0.0,0.0
118,2025-07-15 05:15:00,2025-07-15,0.42,300.0,0.0,0.0,0.0
119,2025-07-15 05:30:00,2025-07-15,0.42,300.0,0.0,0.0,0.0
120,2025-07-15 05:45:00,2025-07-15,0.42,300.0,0.0,0.0,0.0
121,2025-07-15 06:00:00,2025-07-15,0.42,300.0,0.0,0.0,0.0
122,2025-07-15 06:15:00,2025-07-15,0.42,300.0,0.0,0.0,0.0
123,2025-07-15 06:30:00,2025-07-15,0.42,142.10526,0.0,0.0,0.0
124,2025-07-15 06:45:00,2025-07-15,0.42,300.0,0.0,0.0,0.0
125,2025-07-15 07:00:00,2025-07-15,0.75,0.0,0.0,0.0,0.0
126,2025-07-15 07:15:00,2025-07-15,0.75,0.0,0.0,0.0,0.0
127,2025-07-15 07:30:00,2025-07-15,0.75,0.0,0.0,0.0,0.0
128,2025-07-15 07:45:00,2025-07-15,0.75,0.0,0.0,0.0,0.0
129,2025-07-15 08:00:00,2025-07-15,0.75,0.0,0.0,0.0,0.0
130,2025-07-15 08:15:00,2025-07-15,0.75,0.0,0.0,0.0,0.0
131,2025-07-15 08:30:00,2025-07-15,0.75,0.0,0.0,0.0,0.0
132,2025-07-15 08:45:00,2025-07-15,0.75,0.0,0.0,0.0,0.0
133,2025-07-15 09:00:00,2025-07-15,0.75,0.0,0.0,0.0,0.0
134,2025-07-15 09:15:00,2025-07-15,0.75,0.0,0.0,0.0,0.0
135,2025-07-15 09:30:00,2025-07-15,0.75,0.0,0.0,0.0,0.0
136,2025-07-15 09:45:00,2025-07-15,0.75,0.0,0.0,0.0,0.0
137,2025-07-15 10:00:00,2025-07-15,0.75,0.0,0.0,0.0,0.0
138,2025-07-15 10:15:00,2025-07-15,0.75,0.0,0.0,0.0,0.0
139,2025-07-15 10:30:00,2025-07-15,0.75,0.0,0.0,0.0,0.0
140,2025-07-15 10:45:00,2025-07-15,0.75,0.0,0.0,0.0,0.0
141,2025-07-15 11:00:00,2025-07-15,0.68,0.0,0.0,0.0,0.0
142,2025-07-15 11:15:00,2025-07-15,0.68,0.0,0.0,0.0,0.0
143,2025-07-15 11:30:00,2025-07-15,0.68,0.0,0.0,0.0,0.0
144,2025-07-15 11:45:00,2025-07-15,0.68,0.0,0.0,0.0,0.0
145,2025-07-15 12:00:00,2025-07-15,0.68,0.0,0.0,0.0,0.0
146,2025-07-15 12:15:00,2025-07-15,0.68,0.0,0.0,0.0,0.0
147,2025-07-15 12:30:00,2025-07-15,0.68,0.0,0.0,0.0,0.0
148,2025-07-15 12:45:00,2025-07-15,0.68,0.0,0.0,0.0,0.0
149,2025-07-15 13:00:00,2025-07-15,0.68,0.0,0.0,0.0,0.0
150,2025-07-15 13:15:00,2025-07-15,0.68,0.0,0.0,0.0,0.0
151,2025-07-15 13:30:00,2025-07-15,0.68,0.0,0.0,0.0,0.0
152,2025-07-15 13:45:00,2025-07-15,0.68,0.0,0.0,0.0,0.0
153,2025-07-15 14:00:00,2025-07-15,0.68,0.0,0.0,0.0,0.0
154,2025-07-15 14:15:00,2025-07-15,0.68,0.0,0.0,0.0,0.0
155,2025-07-15 14:30:00,2025-07-15,0.68,0.0,0.0,0.0,0.0
156,2025-07-15 14:45:00,2025-07-15,0.68,0.0,0.0,0.0,0.0
157,2025-07-15 15:00:00,2025-07-15,0.82,0.0,0.0,0.0,0.0
158,2025-07-15 15:15:00,2025-07-15,0.82,0.0,0.0,0.0,0.0
159,2025-07-15 15:30:00,2025-07-15,0.82,0.0,0.0,0.0,0.0
160,2025-07-15 15:45:00,2025-07-15,0.82,0.0,0.0,0.0,0.0
161,2025-07-15 16:00:00,2025-07-15,0.82,0.0,0.0,0.0,0.0
162,2025-07-15 16:15:00,2025-07-15,0.82,0.0,0.0,0.0,0.0
163,2025-07-15 16:30:00,2025-07-15,0.82,0.0,0.0,0.0,0.0
164,2025-07-15 16:45:00,2025-07-15,0.82,0.0,0.0,0.0,0.0
165,2025-07-15 17:00:00,2025-07-15,1.28,0.0,48.0,0.0,0.0
166,2025-07-15 17:15:00,2025-07-15,1.28,0.0,0.0,0.0,0.0
167,2025-07-15 17:30:00,2025-07-15,1.28,0.0,0.0,0.0,0.0
168,2025-07-15 17:45:00,2025-07-15,1.28,0.0,0.0,0.0,0.0
169,2025-07-15 18:00:00,2025-07-15,1.28,0.0,300.0,0.0,0.0
170,2025-07-15 18:15:00,2025-07-15,1.28,0.0,300.0,0.0,0.0
171,2025-07-15 18:30:00,2025-07-15,1.28,0.0,300.0,0.0,0.0
172,2025-07-15 18:45:00,2025-07-15,1.28,0.0,300.0,0.0,0.0
173,2025-07-15 19:00:00,2025-07-15,1.28,0.0,300.0,0.0,0.0
174,2025-07-15 19:15:00,2025-07-15,1.28,0.0,300.0,0.0,0.0
175,2025-07-15 19:30:00,2025-07-15,1.28,0.0,300.0,0.0,0.0
176,2025-07-15 19:45:00,2025-07-15,1.28,0.0,300.0,0.0,0.0
177,2025-07-15 20:00:00,2025-07-15,1.28,0.0,300.0,0.0,0.0
178,2025-07-15 20:15:00,2025-07-15,1.28,0.0,300.0,0.0,0.0
179,2025-07-15 20:30:00,2025-07-15,1.28,0.0,300.0,0.0,0.0
180,2025-07-15 20:45:00,2025-07-15,1.28,0.0,300.0,0.0,0.0
181,2025-07-15 21:00:00,2025-07-15,0.72,0.0,0.0,0.0,0.0
182,2025-07-15 21:15:00,2025-07-15,0.72,0.0,0.0,0.0,0.0
183,2025-07-15 21:30:00,2025-07-15,0.72,0.0,0.0,0.0,0.0
184,2025-07-15 21:45:00,2025-07-15,0.72,0.0,0.0,0.0,0.0
185,2025-07-15 22:00:00,2025-07-15,0.72,0.0,0.0,0.0,0.0
186,2025-07-15 22:15:00,2025-07-15,0.72,0.0,0.0,0.0,0.0
187,2025-07-15 22:30:00,2025-07-15,0.72,0.0,0.0,0.0,0.0
188,2025-07-15 22:45:00,2025-07-15,0.72,0.0,0.0,0.0,0.0
189,2025-07-15 23:00:00,2025-07-15,0.72,0.0,0.0,0.0,0.0
190,2025-07-15 23:15:00,2025-07-15,0.72,0.0,0.0,0.0,0.0
191,2025-07-15 23:30:00,2025-07-15,0.72,0.0,0.0,0.0,0.0
192,2025-07-15 23:45:00,2025-07-15,0.72,0.0,0.0,0.0,0.0
193,2025-07-16 00:00:00,2025-07-16,0.42,0.0,0.0,0.0,0.0
194,2025-07-16 00:15:00,2025-07-16,0.42,0.0,0.0,0.0,0.0
195,2025-07-16 00:30:00,2025-07-16,0.42,0.0,0.0,0.0,0.0
196,2025-07-16 00:45:00,2025-07-16,0.42,0.0,0.0,0.0,0.0
197,2025-07-16 01:00:00,2025-07-16,0.42,0.0,0.0,0.0,0.0
198,2025-07-16 01:15:00,2025-07-16,0.42,0.0,0.0,0.0,0.0
199,2025-07-16 01:30:00,2025-07-16,0.42,0.0,0.0,0.0,0.0
200,2025-07-16 01:45:00,2025-07-16,0.42,0.0,0.0,0.0,0.0
201,2025-07-16 02:00:00,2025-07-16,0.42,0.0,0.0,0.0,0.0
202,2025-07-16 02:15:00,2025-07-16,0.42,0.0,0.0,0.0,0.0
203,2025-07-16 02:30:00,2025-07-16,0.42,0.0,0.0,0.0,0.0
204,2025-07-16 02:45:00,2025-07-16,0.42,0.0,0.0,0.0,0.0
205,2025-07-16 03:00:00,2025-07-16,0.42,0.0,0.0,0.0,0.0
206,2025-07-16 03:15:00,2025-07-16,0.42,300.0,0.0,0.0,0.0
207,2025-07-16 03:30:00,2025-07-16,0.42,300.0,0.0,0.0,0.0
208,2025-07-16 03:45:00,2025-07-16,0.42,142.10526,0.0,0.0,0.0
209,2025-07-16 04:00:00,2025-07-16,0.42,300.0,0.0,0.0,0.0
210,2025-07-16 04:15:00,2025-07-16,0.42,300.0,0.0,0.0,0.0
211,2025-07-16 04:30:00,2025-07-16,0.42,300.0,0.0,0.0,0.0
212,2025-07-16 04:45:00,2025-07-16,0.42,300.0,0.0,0.0,0.0
213,2025-07-16 05:00:00,2025-07-16,0.42,300.0,0.0,0.0,0.0
214,2025-07-16 05:15:00,2025-07-16,0.42,300.0,0.0,0.0,0.0
215,2025-07-16 05:30:00,2025-07-16,0.42,300.0,0.0,0.0,0.0
216,2025-07-16 05:45:00,2025-07-16,0.42,300.0,0.0,0.0,0.0
217,2025-07-16 06:00:00,2025-07-16,0.42,0.0,0.0,0.0,0.0
218,2025-07-16 06:15:00,2025-07-16,0.42,300.0,0.0,0.0,0.0
219,2025-07-16 06:30:00,2025-07-16,0.42,300.0,0.0,0.0,0.0
220,2025-07-16 06:45:00,2025-07-16,0.42,300.0,0.0,0.0,0.0
221,2025-07-16 07:00:00,2025-07-16,0.75,0.0,0.0,0.0,0.0
222,2025-07-16 07:15:00,2025-07-16,0.75,0.0,0.0,0.0,0.0
223,2025-07-16 07:30:00,2025-07-16,0.75,0.0,0.0,0.0,0.0
224,2025-07-16 07:45:00,2025-07-16,0.75,0.0,0.0,0.0,0.0
225,2025-07-16 08:00:00,2025-07-16,0.75,0.0,0.0,0.0,0.0
226,2025-07-16 08:15:00,2025-07-16,0.75,0.0,0.0,0.0,0.0
227,2025-07-16 08:30:00,2025-07-16,0.75,0.0,0.0,0.0,0.0
228,2025-07-16 08:45:00,2025-07-16,0.75,0.0,0.0,0.0,0.0
229,2025-07-16 09:00:00,2025-07-16,0.75,0.0,0.0,0.0,0.0
230,2025-07-16 09:15:00,2025-07-16,0.75,0.0,0.0,0.0,0.0
231,2025-07-16 09:30:00,2025-07-16,0.75,0.0,0.0,0.0,0.0
232,2025-07-16 09:45:00,2025-07-16,0.75,0.0,0.0,0.0,0.0
233,2025-07-16 10:00:00,2025-07-16,0.75,0.0,0.0,0.0,0.0
234,2025-07-16 10:15:00,2025-07-16,0.75,0.0,0.0,0.0,0.0
235,2025-07-16 10:30:00,2025-07-16,0.75,0.0,0.0,0.0,0.0
236,2025-07-16 10:45:00,2025-07-16,0.75,0.0,0.0,0.0,0.0
237,2025-07-16 11:00:00,2025-07-16,0.68,0.0,0.0,0.0,0.0
238,2025-07-16 11:15:00,2025-07-16,0.68,0.0,0.0,0.0,0.0
239,2025-07-16 11:30:00,2025-07-16,0.68,0.0,0.0,0.0,0.0
240,2025-07-16 11:45:00,2025-07-16,0.68,0.0,0.0,0.0,0.0
241,2025-07-16 12:00:00,2025-07-16,0.68,0.0,0.0,0.0,0.0
242,2025-07-16 12:15:00,2025-07-16,0.68,0.0,0.0,0.0,0.0
243,2025-07-16 12:30:00,2025-07-16,0.68,0.0,0.0,0.0,0.0
244,2025-07-16 12:45:00,2025-07-16,0.68,0.0,0.0,0.0,0.0
245,2025-07-16 13:00:00,2025-07-16,0.68,0.0,0.0,0.0,0.0
246,2025-07-16 13:15:00,2025-07-16,0.68,0.0,0.0,0.0,0.0
247,2025-07-16 13:30:00,2025-07-16,0.68,0.0,0.0,0.0,0.0
248,2025-07-16 13:45:00,2025-07-16,0.68,0.0,0.0,0.0,0.0
249,2025-07-16 14:00:00,2025-07-16,0.68,0.0,0.0,0.0,0.0
250,2025-07-16 14:15:00,2025-07-16,0.68,0.0,0.0,0.0,0.0
251,2025-07-16 14:30:00,2025-07-16,0.68,0.0,0.0,0.0,0.0
252,2025-07-16 14:45:00,2025-07-16,0.68,0.0,0.0,0.0,0.0
253,2025-07-16 15:00:00,2025-07-16,0.82,0.0,0.0,0.0,0.0
254,2025-07-16 15:15:00,2025-07-16,0.82,0.0,0.0,0.0,0.0
255,2025-07-16 15:30:00,2025-07-16,0.82,0.0,0.0,0.0,0.0
256,2025-07-16 15:45:00,2025-07-16,0.82,0.0,0.0,0.0,0.0
257,2025-07-16 16:00:00,2025-07-16,0.82,0.0,0.0,0.0,0.0
258,2025-07-16 16:15:00,2025-07-16,0.82,0.0,0.0,0.0,0.0
259,2025-07-16 16:30:00,2025-07-16,0.82,0.0,0.0,0.0,0.0
260,2025-07-16 16:45:00,2025-07-16,0.82,0.0,0.0,0.0,0.0
261,2025-07-16 17:00:00,2025-07-16,1.28,0.0,0.0,0.0,0.0
262,2025-07-16 17:15:00,2025-07-16,1.28,0.0,0.0,0.0,0.0
263,2025-07-16 17:30:00,2025-07-16,1.28,0.0,0.0,0.0,0.0
264,2025-07-16 17:45:00,2025-07-16,1.28,0.0,300.0,0.0,0.0
265,2025-07-16 18:00:00,2025-07-16,1.28,0.0,300.0,0.0,0.0
266,2025-07-16 18:15:00,2025-07-16,1.28,0.0,300.0,0.0,0.0
267,2025-07-16 18:30:00,2025-07-16,1.28,0.0,300.0,0.0,0.0
268,2025-07-16 18:45:00,2025-07-16,1.28,0.0,300.0,0.0,0.0
269,2025-07-16 19:00:00,2025-07-16,1.28,0.0,300.0,0.0,0.0
270,2025-07-16 19:15:00,2025-07-16,1.28,0.0,300.0,0.0,0.0
271,2025-07-16 19:30:00,2025-07-16,1.28,0.0,300.0,0.0,0.0
272,2025-07-16 19:45:00,2025-07-16,1.28,0.0,300.0,0.0,0.0
273,2025-07-16 20:00:00,2025-07-16,1.28,0.0,300.0,0.0,0.0
274,2025-07-16 20:15:00,2025-07-16,1.28,0.0,300.0,0.0,0.0
275,2025-07-16 20:30:00,2025-07-16,1.28,0.0,300.0,0.0,0.0
276,2025-07-16 20:45:00,2025-07-16,1.28,0.0,48.0,0.0,0.0
277,2025-07-16 21:00:00,2025-07-16,0.72,0.0,0.0,0.0,0.0
278,2025-07-16 21:15:00,2025-07-16,0.72,0.0,0.0,0.0,0.0
279,2025-07-16 21:30:00,2025-07-16,0.72,0.0,0.0,0.0,0.0
280,2025-07-16 21:45:00,2025-07-16,0.72,0.0,0.0,0.0,0.0
281,2025-07-16 22:00:00,2025-07-16,0.72,0.0,0.0,0.0,0.0
282,2025-07-16 22:15:00,2025-07-16,0.72,0.0,0.0,0.0,0.0
283,2025-07-16 22:30:00,2025-07-16,0.72,0.0,0.0,0.0,0.0
284,2025-07-16 22:45:00,2025-07-16,0.72,0.0,0.0,0.0,0.0
285,2025-07-16 23:00:00,2025-07-16,0.72,0.0,0.0,0.0,0.0
286,2025-07-16 23:15:00,2025-07-16,0.72,0.0,0.0,0.0,0.0
287,2025-07-16 23:30:00,2025-07-16,0.72,0.0,0.0,0.0,0.0
288,2025-07-16 23:45:00,2025-07-16,0.72,0.0,0.0,0.0,0.0
289,2025-07-17 00:00:00,2025-07-17,0.42,0.0,0.0,0.0,0.0
290,2025-07-17 00:15:00,2025-07-17,0.42,0.0,0.0,0.0,0.0
291,2025-07-17 00:30:00,2025-07-17,0.42,0.0,0.0,0.0,0.0
292,2025-07-17 00:45:00,2025-07-17,0.42,0.0,0.0,0.0,0.0
293,2025-07-17 01:00:00,2025-07-17,0.42,0.0,0.0,0.0,0.0
294,2025-07-17 01:15:00,2025-07-17,0.42,0.0,0.0,0.0,0.0
295,2025-07-17 01:30:00,2025-07-17,0.42,0.0,0.0,0.0,0.0
296,2025-07-17 01:45:00,2025-07-17,0.42,0.0,0.0,0.0,0.0
297,2025-07-17 02:00:00,2025-07-17,0.42,0.0,0.0,0.0,0.0
298,2025-07-17 02:15:00,2025-07-17,0.42,0.0,0.0,0.0,0.0
299,2025-07-17 02:30:00,2025-07-17,0.42,0.0,0.0,0.0,0.0
300,2025-07-17 02:45:00,2025-07-17,0.42,0.0,0.0,0.0,0.0
301,2025-07-17 03:00:00,2025-07-17,0.42,0.0,0.0,0.0,0.0
302,2025-07-17 03:15:00,2025-07-17,0.42,0.0,0.0,0.0,0.0
303,2025-07-17 03:30:00,2025-07-17,0.42,300.0,0.0,0.0,0.0
304,2025-07-17 03:45:00,2025-07-17,0.42,142.10526,0.0,0.0,0.0
305,2025-07-17 04:00:00,2025-07-17,0.42,300.0,0.0,0.0,0.0
306,2025-07-17 04:15:00,2025-07-17,0.42,300.0,0.0,0.0,0.0
307,2025-07-17 04:30:00,2025-07-17,0.42,300.0,0.0,0.0,0.0
308,2025-07-17 04:45:00,2025-07-17,0.42,300.0,0.0,0.0,0.0
309,2025-07-17 05:00:00,2025-07-17,0.42,300.0,0.0,0.0,0.0
310,2025-07-17 05:15:00,2025-07-17,0.42,300.0,0.0,0.0,0.0
311,2025-07-17 05:30:00,2025-07-17,0.42,300.0,0.0,0.0,0.0
312,2025-07-17 05:45:00,2025-07-17,0.42,300.0,0.0,0.0,0.0
313,2025-07-17 06:00:00,2025-07-17,0.42,300.0,0.0,0.0,0.0
314,2025-07-17 06:15:00,2025-07-17,0.42,300.0,0.0,0.0,0.0
315,2025-07-17 06:30:00,2025-07-17,0.42,300.0,0.0,0.0,0.0
316,2025-07-17 06:45:00,2025-07-17,0.42,300.0,0.0,0.0,0.0
317,2025-07-17 07:00:00,2025-07-17,0.75,0.0,0.0,0.0,0.0
318,2025-07-17 07:15:00,2025-07-17,0.75,0.0,0.0,0.0,0.0
319,2025-07-17 07:30:00,2025-07-17,0.75,0.0,0.0,0.0,0.0
320,2025-07-17 07:45:00,2025-07-17,0.75,0.0,0.0,0.0,0.0
321,2025-07-17 08:00:00,2025-07-17,0.75,0.0,0.0,0.0,0.0
322,2025-07-17 08:15:00,2025-07-17,0.75,0.0,0.0,0.0,0.0
323,2025-07-17 08:30:00,2025-07-17,0.75,0.0,0.0,0.0,0.0
324,2025-07-17 08:45:00,2025-07-17,0.75,0.0,0.0,0.0,0.0
325,2025-07-17 09:00:00,2025-07-17,0.75,0.0,0.0,0.0,0.0
326,2025-07-17 09:15:00,2025-07-17,0.75,0.0,0.0,0.0,0.0
327,2025-07-17 09:30:00,2025-07-17,0.75,0.0,0.0,0.0,0.0
328,2025-07-17 09:45:00,2025-07-17,0.75,0.0,0.0,0.0,0.0
329,2025-07-17 10:00:00,2025-07-17,0.75,0.0,0.0,0.0,0.0
330,2025-07-17 10:15:00,2025-07-17,0.75,0.0,0.0,0.0,0.0
331,2025-07-17 10:30:00,2025-07-17,0.75,0.0,0.0,0.0,0.0
332,2025-07-17 10:45:00,2025-07-17,0.75,0.0,0.0,0.0,0.0
333,2025-07-17 11:00:00,2025-07-17,0.68,0.0,0.0,0.0,0.0
334,2025-07-17 11:15:00,2025-07-17,0.68,0.0,0.0,0.0,0.0
335,2025-07-17 11:30:00,2025-07-17,0.68,0.0,0.0,0.0,0.0
336,2025-07-17 11:45:00,2025-07-17,0.68,0.0,0.0,0.0,0.0
337,2025-07-17 12:00:00,2025-07-17,0.68,0.0,0.0,0.0,0.0
338,2025-07-17 12:15:00,2025-07-17,0.68,0.0,0.0,0.0,0.0
339,2025-07-17 12:30:00,2025-07-17,0.68,0.0,0.0,0.0,0.0
340,2025-07-17 12:45:00,2025-07-17,0.68,0.0,0.0,0.0,0.0
341,2025-07-17 13:00:00,2025-07-17,0.68,0.0,0.0,0.0,0.0
342,2025-07-17 13:15:00,2025-07-17,0.68,0.0,0.0,0.0,0.0
343,2025-07-17 13:30:00,2025-07-17,0.68,0.0,0.0,0.0,0.0
344,2025-07-17 13:45:00,2025-07-17,0.68,0.0,0.0,0.0,0.0
345,2025-07-17 14:00:00,2025-07-17,0.68,0.0,0.0,0.0,0.0
346,2025-07-17 14:15:00,2025-07-17,0.68,0.0,0.0,0.0,0.0
347,2025-07-17 14:30:00,2025-07-17,0.68,0.0,0.0,0.0,0.0
348,2025-07-17 14:45:00,2025-07-17,0.68,0.0,0.0,0.0,0.0
349,2025-07-17 15:00:00,2025-07-17,0.82,0.0,0.0,0.0,0.0
350,2025-07-17 15:15:00,2025-07-17,0.82,0.0,0.0,0.0,0.0
351,2025-07-17 15:30:00,2025-07-17,0.82,0.0,0.0,0.0,0.0
352,2025-07-17 15:45:00,2025-07-17,0.82,0.0,0.0,0.0,0.0
353,2025-07-17 16:00:00,2025-07-17,0.82,0.0,0.0,0.0,0.0
354,2025-07-17 16:15:00,2025-07-17,0.82,0.0,0.0,0.0,0.0
355,2025-07-17 16:30:00,2025-07-17,0.82,0.0,0.0,0.0,0.0
356,2025-07-17 16:45:00,2025-07-17,0.82,0.0,0.0,0.0,0.0
357,2025-07-17 17:00:00,2025-07-17,1.28,0.0,300.0,0.0,0.0
358,2025-07-17 17:15:00,2025-07-17,1.28,0.0,300.0,0.0,0.0
359,2025-07-17 17:30:00,2025-07-17,1.28,0.0,300.0,0.0,0.0
360,2025-07-17 17:45:00,2025-07-17,1.28,0.0,300.0,0.0,0.0
361,2025-07-17 18:00:00,2025-07-17,1.28,0.0,300.0,0.0,0.0
362,2025-07-17 18:15:00,2025-07-17,1.28,0.0,300.0,0.0,0.0
363,2025-07-17 18:30:00,2025-07-17,1.28,0.0,300.0,0.0,0.0
364,2025-07-17 18:45:00,2025-07-17,1.28,0.0,300.0,0.0,0.0
365,2025-07-17 19:00:00,2025-07-17,1.28,0.0,300.0,0.0,0.0
366,2025-07-17 19:15:00,2025-07-17,1.28,0.0,300.0,0.0,0.0
367,2025-07-17 19:30:00,2025-07-17,1.28,0.0,300.0,0.0,0.0
368,2025-07-17 19:45:00,2025-07-17,1.28,0.0,0.0,0.0,0.0
369,2025-07-17 20:00:00,2025-07-17,1.28,0.0,0.0,0.0,0.0
370,2025-07-17 20:15:00,2025-07-17,1.28,0.0,0.0,0.0,0.0
371,2025-07-17 20:30:00,2025-07-17,1.28,0.0,300.0,0.0,0.0
372,2025-07-17 20:45:00,2025-07-17,1.28,0.0,48.0,0.0,0.0
373,2025-07-17 21:00:00,2025-07-17,0.72,0.0,0.0,0.0,0.0
374,2025-07-17 21:15:00,2025-07-17,0.72,0.0,0.0,0.0,0.0
375,2025-07-17 21:30:00,2025-07-17,0.72,0.0,0.0,0.0,0.0
376,2025-07-17 21:45:00,2025-07-17,0.72,0.0,0.0,0.0,0.0
377,2025-07-17 22:00:00,2025-07-17,0.72,0.0,0.0,0.0,0.0
378,2025-07-17 22:15:00,2025-07-17,0.72,0.0,0.0,0.0,0.0
379,2025-07-17 22:30:00,2025-07-17,0.72,0.0,0.0,0.0,0.0
380,2025-07-17 22:45:00,2025-07-17,0.72,0.0,0.0,0.0,0.0
381,2025-07-17 23:00:00,2025-07-17,0.72,0.0,0.0,0.0,0.0
382,2025-07-17 23:15:00,2025-07-17,0.72,0.0,0.0,0.0,0.0
383,2025-07-17 23:30:00,2025-07-17,0.72,0.0,0.0,0.0,0.0
384,2025-07-17 23:45:00,2025-07-17,0.72,0.0,0.0,0.0,0.0
385,2025-07-18 00:00:00,2025-07-18,0.42,0.0,0.0,0.0,0.0
386,2025-07-18 00:15:00,2025-07-18,0.42,0.0,0.0,0.0,0.0
387,2025-07-18 00:30:00,2025-07-18,0.42,0.0,0.0,0.0,0.0
388,2025-07-18 00:45:00,2025-07-18,0.42,0.0,0.0,0.0,0.0
389,2025-07-18 01:00:00,2025-07-18,0.42,0.0,0.0,0.0,0.0
390,2025-07-18 01:15:00,2025-07-18,0.42,0.0,0.0,0.0,0.0
391,2025-07-18 01:30:00,2025-07-18,0.42,0.0,0.0,0.0,0.0
392,2025-07-18 01:45:00,2025-07-18,0.42,0.0,0.0,0.0,0.0
393,2025-07-18 02:00:00,2025-07-18,0.42,0.0,0.0,0.0,0.0
394,2025-07-18 02:15:00,2025-07-18,0.42,0.0,0.0,0.0,0.0
395,2025-07-18 02:30:00,2025-07-18,0.42,0.0,0.0,0.0,0.0
396,2025-07-18 02:45:00,2025-07-18,0.42,0.0,0.0,0.0,0.0
397,2025-07-18 03:00:00,2025-07-18,0.42,0.0,0.0,0.0,0.0
398,2025-07-18 03:15:00,2025-07-18,0.42,0.0,0.0,0.0,0.0
399,2025-07-18 03:30:00,2025-07-18,0.42,300.0,0.0,0.0,0.0
400,2025-07-18 03:45:00,2025-07-18,0.42,300.0,0.0,0.0,0.0
401,2025-07-18 04:00:00,2025-07-18,0.42,300.0,0.0,0.0,0.0
402,2025-07-18 04:15:00,2025-07-18,0.42,300.0,0.0,0.0,0.0
403,2025-07-18 04:30:00,2025-07-18,0.42,300.0,0.0,0.0,0.0
404,2025-07-18 04:45:00,2025-07-18,0.42,300.0,0.0,0.0,0.0
405,2025-07-18 05:00:00,2025-07-18,0.42,300.0,0.0,0.0,0.0
406,2025-07-18 05:15:00,2025-07-18,0.42,142.10526,0.0,0.0,0.0
407,2025-07-18 05:30:00,2025-07-18,0.42,300.0,0.0,0.0,0.0
408,2025-07-18 05:45:00,2025-07-18,0.42,300.0,0.0,0.0,0.0
409,2025-07-18 06:00:00,2025-07-18,0.42,300.0,0.0,0.0,0.0
410,2025-07-18 06:15:00,2025-07-18,0.42,300.0,0.0,0.0,0.0
411,2025-07-18 06:30:00,2025-07-18,0.42,300.0,0.0,0.0,0.0
412,2025-07-18 06:45:00,2025-07-18,0.42,300.0,0.0,0.0,0.0
413,2025-07-18 07:00:00,2025-07-18,0.75,0.0,0.0,0.0,0.0
414,2025-07-18 07:15:00,2025-07-18,0.75,0.0,0.0,0.0,0.0
415,2025-07-18 07:30:00,2025-07-18,0.75,0.0,0.0,0.0,0.0
416,2025-07-18 07:45:00,2025-07-18,0.75,0.0,0.0,0.0,0.0
417,2025-07-18 08:00:00,2025-07-18,0.75,0.0,0.0,0.0,0.0
418,2025-07-18 08:15:00,2025-07-18,0.75,0.0,0.0,0.0,0.0
419,2025-07-18 08:30:00,2025-07-18,0.75,0.0,0.0,0.0,0.0
420,2025-07-18 08:45:00,2025-07-18,0.75,0.0,0.0,0.0,0.0
421,2025-07-18 09:00:00,2025-07-18,0.75,0.0,0.0,0.0,0.0
422,2025-07-18 09:15:00,2025-07-18,0.75,0.0,0.0,0.0,0.0
423,2025-07-18 09:30:00,2025-07-18,0.75,0.0,0.0,0.0,0.0
424,2025-07-18 09:45:00,2025-07-18,0.75,0.0,0.0,0.0,0.0
425,2025-07-18 10:00:00,2025-07-18,0.75,0.0,0.0,0.0,0.0
426,2025-07-18 10:15:00,2025-07-18,0.75,0.0,0.0,0.0,0.0
427,2025-07-18 10:30:00,2025-07-18,0.75,0.0,0.0,0.0,0.0
428,2025-07-18 10:45:00,2025-07-18,0.75,0.0,0.0,0.0,0.0
429,2025-07-18 11:00:00,2025-07-18,0.68,0.0,0.0,0.0,0.0
430,2025-07-18 11:15:00,2025-07-18,0.68,0.0,0.0,0.0,0.0
431,2025-07-18 11:30:00,2025-07-18,0.68,0.0,0.0,0.0,0.0
432,2025-07-18 11:45:00,2025-07-18,0.68,0.0,0.0,0.0,0.0
433,2025-07-18 12:00:00,2025-07-18,0.68,0.0,0.0,0.0,0.0
434,2025-07-18 12:15:00,2025-07-18,0.68,0.0,0.0,0.0,0.0
435,2025-07-18 12:30:00,2025-07-18,0.68,0.0,0.0,0.0,0.0
436,2025-07-18 12:45:00,2025-07-18,0.68,0.0,0.0,0.0,0.0
437,2025-07-18 13:00:00,2025-07-18,0.68,0.0,0.0,0.0,0.0
438,2025-07-18 13:15:00,2025-07-18,0.68,0.0,0.0,0.0,0.0
439,2025-07-18 13:30:00,2025-07-18,0.68,0.0,0.0,0.0,0.0
440,2025-07-18 13:45:00,2025-07-18,0.68,0.0,0.0,0.0,0.0
441,2025-07-18 14:00:00,2025-07-18,0.68,0.0,0.0,0.0,0.0
442,2025-07-18 14:15:00,2025-07-18,0.68,0.0,0.0,0.0,0.0
443,2025-07-18 14:30:00,2025-07-18,0.68,0.0,0.0,0.0,0.0
444,2025-07-18 14:45:00,2025-07-18,0.68,0.0,0.0,0.0,0.0
445,2025-07-18 15:00:00,2025-07-18,0.82,0.0,0.0,0.0,0.0
446,2025-07-18 15:15:00,2025-07-18,0.82,0.0,0.0,0.0,0.0
447,2025-07-18 15:30:00,2025-07-18,0.82,0.0,0.0,0.0,0.0
448,2025-07-18 15:45:00,2025-07-18,0.82,0.0,0.0,0.0,0.0
449,2025-07-18 16:00:00,2025-07-18,0.82,0.0,0.0,0.0,0.0
450,2025-07-18 16:15:00,2025-07-18,0.82,0.0,0.0,0.0,0.0
451,2025-07-18 16:30:00,2025-07-18,0.82,0.0,0.0,0.0,0.0
452,2025-07-18 16:45:00,2025-07-18,0.82,0.0,0.0,0.0,0.0
453,2025-07-18 17:00:00,2025-07-18,1.28,0.0,300.0,0.0,0.0
454,2025-07-18 17:15:00,2025-07-18,1.28,0.0,300.0,0.0,0.0
455,2025-07-18 17:30:00,2025-07-18,1.28,0.0,300.0,0.0,0.0
456,2025-07-18 17:45:00,2025-07-18,1.28,0.0,300.0,0.0,0.0
457,2025-07-18 18:00:00,2025-07-18,1.28,0.0,300.0,0.0,0.0
458,2025-07-18 18:15:00,2025-07-18,1.28,0.0,300.0,0.0,0.0
459,2025-07-18 18:30:00,2025-07-18,1.28,0.0,300.0,0.0,0.0
460,2025-07-18 18:45:00,2025-07-18,1.28,0.0,300.0,0.0,0.0
461,2025-07-18 19:00:00,2025-07-18,1.28,0.0,0.0,0.0,0.0
462,2025-07-18 19:15:00,2025-07-18,1.28,0.0,0.0,0.0,0.0
463,2025-07-18 19:30:00,2025-07-18,1.28,0.0,0.0,0.0,0.0
464,2025-07-18 19:45:00,2025-07-18,1.28,0.0,48.0,0.0,0.0
465,2025-07-18 20:00:00,2025-07-18,1.28,0.0,300.0,0.0,0.0
466,2025-07-18 20:15:00,2025-07-18,1.28,0.0,300.0,0.0,0.0
467,2025-07-18 20:30:00,2025-07-18,1.28,0.0,300.0,0.0,0.0
468,2025-07-18 20:45:00,2025-07-18,1.28,0.0,300.0,0.0,0.0
469,2025-07-18 21:00:00,2025-07-18,0.72,0.0,0.0,0.0,0.0
470,2025-07-18 21:15:00,2025-07-18,0.72,0.0,0.0,0.0,0.0
471,2025-07-18 21:30:00,2025-07-18,0.72,0.0,0.0,0.0,0.0
472,2025-07-18 21:45:00,2025-07-18,0.72,0.0,0.0,0.0,0.0
473,2025-07-18 22:00:00,2025-07-18,0.72,0.0,0.0,0.0,0.0
474,2025-07-18 22:15:00,2025-07-18,0.72,0.0,0.0,0.0,0.0
475,2025-07-18 22:30:00,2025-07-18,0.72,0.0,0.0,0.0,0.0
476,2025-07-18 22:45:00,2025-07-18,0.72,0.0,0.0,0.0,0.0
477,2025-07-18 23:00:00,2025-07-18,0.72,0.0,0.0,0.0,0.0
478,2025-07-18 23:15:00,2025-07-18,0.72,0.0,0.0,0.0,0.0
479,2025-07-18 23:30:00,2025-07-18,0.72,0.0,0.0,0.0,0.0
480,2025-07-18 23:45:00,2025-07-18,0.72,0.0,0.0,0.0,0.0
481,2025-07-19 00:00:00,2025-07-19,0.4,0.0,0.0,0.0,0.0
482,2025-07-19 00:15:00,2025-07-19,0.4,0.0,0.0,0.0,0.0
483,2025-07-19 00:30:00,2025-07-19,0.4,0.0,0.0,0.0,0.0
484,2025-07-19 00:45:00,2025-07-19,0.4,0.0,0.0,0.0,0.0
485,2025-07-19 01:00:00,2025-07-19,0.4,0.0,0.0,0.0,0.0
486,2025-07-19 01:15:00,2025-07-19,0.4,0.0,0.0,0.0,0.0
487,2025-07-19 01:30:00,2025-07-19,0.4,0.0,0.0,0.0,0.0
488,2025-07-19 01:45:00,2025-07-19,0.4,0.0,0.0,0.0,0.0
489,2025-07-19 02:00:00,2025-07-19,0.4,0.0,0.0,0.0,0.0
490,2025-07-19 02:15:00,2025-07-19,0.4,0.0,0.0,0.0,0.0
491,2025-07-19 02:30:00,2025-07-19,0.4,0.0,0.0,0.0,0.0
492,2025-07-19 02:45:00,2025-07-19,0.4,142.10526,0.0,0.0,0.0
493,2025-07-19 03:00:00,2025-07-19,0.4,0.0,0.0,0.0,0.0
494,2025-07-19 03:15:00,2025-07-19,0.4,0.0,0.0,0.0,0.0
495,2025-07-19 03:30:00,2025-07-19,0.4,0.0,0.0,0.0,0.0
496,2025-07-19 03:45:00,2025-07-19,0.4,0.0,0.0,0.0,0.0
497,2025-07-19 04:00:00,2025-07-19,0.4,0.0,0.0,0.0,0.0
498,2025-07-19 04:15:00,2025-07-19,0.4,0.0,0.0,0.0,0.0
499,2025-07-19 04:30:00,2025-07-19,0.4,0.0,0.0,0.0,0.0
500,2025-07-19 04:45:00,2025-07-19,0.4,300.0,0.0,0.0,0.0
501,2025-07-19 05:00:00,2025-07-19,0.4,300.0,0.0,0.0,0.0
502,2025-07-19 05:15:00,2025-07-19,0.4,300.0,0.0,0.0,0.0
503,2025-07-19 05:30:00,2025-07-19,0.4,300.0,0.0,0.0,0.0
504,2025-07-19 05:45:00,2025-07-19,0.4,300.0,0.0,0.0,0.0
505,2025-07-19 06:00:00,2025-07-19,0.4,300.0,0.0,0.0,0.0
506,2025-07-19 06:15:00,2025-07-19,0.4,300.0,0.0,0.0,0.0
507,2025-07-19 06:30:00,2025-07-19,0.4,300.0,0.0,0.0,0.0
508,2025-07-19 06:45:00,2025-07-19,0.4,300.0,0.0,0.0,0.0
509,2025-07-19 07:00:00,2025-07-19,0.4,300.0,0.0,0.0,0.0
510,2025-07-19 07:15:00,2025-07-19,0.4,300.0,0.0,0.0,0.0
511,2025-07-19 07:30:00,2025-07-19,0.4,300.0,0.0,0.0,0.0
512,2025-07-19 07:45:00,2025-07-19,0.4,300.0,0.0,0.0,0.0
513,2025-07-19 08:00:00,2025-07-19,0.62,0.0,0.0,0.0,0.0
514,2025-07-19 08:15:00,2025-07-19,0.62,0.0,48.0,0.0,0.0
515,2025-07-19 08:30:00,2025-07-19,0.62,0.0,0.0,0.0,0.0
516,2025-07-19 08:45:00,2025-07-19,0.62,0.0,0.0,0.0,0.0
517,2025-07-19 09:00:00,2025-07-19,0.62,0.0,0.0,0.0,0.0
518,2025-07-19 09:15:00,2025-07-19,0.62,0.0,0.0,0.0,0.0
519,2025-07-19 09:30:00,2025-07-19,0.62,0.0,0.0,0.0,0.0
520,2025-07-19 09:45:00,2025-07-19,0.62,0.0,0.0,0.0,0.0
521,2025-07-19 10:00:00,2025-07-19,0.62,0.0,0.0,0.0,0.0
522,2025-07-19 10:15:00,2025-07-19,0.62,0.0,0.0,0.0,0.0
523,2025-07-19 10:30:00,2025-07-19,0.62,0.0,0.0,0.0,0.0
524,2025-07-19 10:45:00,2025-07-19,0.62,0.0,0.0,0.0,0.0
525,2025-07-19 11:00:00,2025-07-19,0.62,0.0,0.0,0.0,0.0
526,2025-07-19 11:15:00,2025-07-19,0.62,0.0,0.0,0.0,0.0
527,2025-07-19 11:30:00,2025-07-19,0.62,0.0,0.0,0.0,0.0
528,2025-07-19 11:45:00,2025-07-19,0.62,0.0,0.0,0.0,0.0
529,2025-07-19 12:00:00,2025-07-19,0.62,0.0,0.0,0.0,0.0
530,2025-07-19 12:15:00,2025-07-19,0.62,0.0,0.0,0.0,0.0
531,2025-07-19 12:30:00,2025-07-19,0.62,0.0,0.0,0.0,0.0
532,2025-07-19 12:45:00,2025-07-19,0.62,0.0,0.0,0.0,0.0
533,2025-07-19 13:00:00,2025-07-19,0.62,0.0,0.0,0.0,0.0
534,2025-07-19 13:15:00,2025-07-19,0.62,0.0,0.0,0.0,0.0
535,2025-07-19 13:30:00,2025-07-19,0.62,0.0,0.0,0.0,0.0
536,2025-07-19 13:45:00,2025-07-19,0.62,0.0,0.0,0.0,0.0
537,2025-07-19 14:00:00,2025-07-19,0.62,0.0,0.0,0.0,0.0
538,2025-07-19 14:15:00,2025-07-19,0.62,0.0,0.0,0.0,0.0
539,2025-07-19 14:30:00,2025-07-19,0.62,0.0,0.0,0.0,0.0
540,2025-07-19 14:45:00,2025-07-19,0.62,0.0,0.0,0.0,0.0
541,2025-07-19 15:00:00,2025-07-19,0.62,0.0,0.0,0.0,0.0
542,2025-07-19 15:15:00,2025-07-19,0.62,0.0,0.0,0.0,0.0
543,2025-07-19 15:30:00,2025-07-19,0.62,0.0,0.0,0.0,0.0
544,2025-07-19 15:45:00,2025-07-19,0.62,0.0,0.0,0.0,0.0
545,2025-07-19 16:00:00,2025-07-19,0.62,0.0,0.0,0.0,0.0
546,2025-07-19 16:15:00,2025-07-19,0.62,0.0,0.0,0.0,0.0
547,2025-07-19 16:30:00,2025-07-19,0.62,0.0,0.0,0.0,0.0
548,2025-07-19 16:45:00,2025-07-19,0.62,0.0,0.0,0.0,0.0
549,2025-07-19 17:00:00,2025-07-19,0.62,0.0,0.0,0.0,0.0
550,2025-07-19 17:15:00,2025-07-19,0.62,0.0,0.0,0.0,0.0
551,2025-07-19 17:30:00,2025-07-19,0.62,0.0,0.0,0.0,0.0
552,2025-07-19 17:45:00,2025-07-19,0.62,0.0,0.0,0.0,0.0
553,2025-07-19 18:00:00,2025-07-19,0.78,0.0,300.0,0.0,0.0
554,2025-07-19 18:15:00,2025-07-19,0.78,0.0,300.0,0.0,0.0
555,2025-07-19 18:30:00,2025-07-19,0.78,0.0,300.0,0.0,0.0
556,2025-07-19 18:45:00,2025-07-19,0.78,0.0,300.0,0.0,0.0
557,2025-07-19 19:00:00,2025-07-19,0.78,0.0,300.0,0.0,0.0
558,2025-07-19 19:15:00,2025-07-19,0.78,0.0,300.0,0.0,0.0
559,2025-07-19 19:30:00,2025-07-19,0.78,0.0,300.0,0.0,0.0
560,2025-07-19 19:45:00,2025-07-19,0.78,0.0,300.0,0.0,0.0
561,2025-07-19 20:00:00,2025-07-19,0.78,0.0,300.0,0.0,0.0
562,2025-07-19 20:15:00,2025-07-19,0.78,0.0,300.0,0.0,0.0
563,2025-07-19 20:30:00,2025-07-19,0.78,0.0,300.0,0.0,0.0
564,2025-07-19 20:45:00,2025-07-19,0.78,0.0,300.0,0.0,0.0
565,2025-07-19 21:00:00,2025-07-19,0.55,0.0,0.0,0.0,0.0
566,2025-07-19 21:15:00,2025-07-19,0.55,0.0,0.0,0.0,0.0
567,2025-07-19 21:30:00,2025-07-19,0.55,0.0,0.0,0.0,0.0
568,2025-07-19 21:45:00,2025-07-19,0.55,0.0,0.0,0.0,0.0
569,2025-07-19 22:00:00,2025-07-19,0.55,0.0,0.0,0.0,0.0
570,2025-07-19 22:15:00,2025-07-19,0.55,0.0,0.0,0.0,0.0
571,2025-07-19 22:30:00,2025-07-19,0.55,0.0,0.0,0.0,0.0
572,2025-07-19 22:45:00,2025-07-19,0.55,0.0,0.0,0.0,0.0
573,2025-07-19 23:00:00,2025-07-19,0.55,0.0,0.0,0.0,0.0
574,2025-07-19 23:15:00,2025-07-19,0.55,0.0,0.0,0.0,0.0
575,2025-07-19 23:30:00,2025-07-19,0.55,0.0,0.0,0.0,0.0
576,2025-07-19 23:45:00,2025-07-19,0.55,0.0,0.0,0.0,0.0
577,2025-07-20 00:00:00,2025-07-20,0.4,0.0,0.0,0.0,0.0
578,2025-07-20 00:15:00,2025-07-20,0.4,0.0,0.0,0.0,0.0
579,2025-07-20 00:30:00,2025-07-20,0.4,0.0,0.0,0.0,0.0
580,2025-07-20 00:45:00,2025-07-20,0.4,0.0,0.0,0.0,0.0
581,2025-07-20 01:00:00,2025-07-20,0.4,0.0,0.0,0.0,0.0
582,2025-07-20 01:15:00,2025-07-20,0.4,0.0,0.0,0.0,0.0
583,2025-07-20 01:30:00,2025-07-20,0.4,0.0,0.0,0.0,0.0
584,2025-07-20 01:45:00,2025-07-20,0.4,0.0,0.0,0.0,0.0
585,2025-07-20 02:00:00,2025-07-20,0.4,0.0,0.0,0.0,0.0
586,2025-07-20 02:15:00,2025-07-20,0.4,0.0,0.0,0.0,0.0
587,2025-07-20 02:30:00,2025-07-20,0.4,0.0,0.0,0.0,0.0
588,2025-07-20 02:45:00,2025-07-20,0.4,0.0,0.0,0.0,0.0
589,2025-07-20 03:00:00,2025-07-20,0.4,0.0,0.0,0.0,0.0
590,2025-07-20 03:15:00,2025-07-20,0.4,0.0,0.0,0.0,0.0
591,2025-07-20 03:30:00,2025-07-20,0.4,0.0,0.0,0.0,0.0
592,2025-07-20 03:45:00,2025-07-20,0.4,0.0,0.0,0.0,0.0
593,2025-07-20 04:00:00,2025-07-20,0.4,0.0,0.0,0.0,0.0
594,2025-07-20 04:15:00,2025-07-20,0.4,0.0,0.0,0.0,0.0
595,2025-07-20 04:30:00,2025-07-20,0.4,300.0,0.0,0.0,0.0
596,2025-07-20 04:45:00,2025-07-20,0.4,300.0,0.0,0.0,0.0
597,2025-07-20 05:00:00,2025-07-20,0.4,300.0,0.0,0.0,0.0
598,2025-07-20 05:15:00,2025-07-20,0.4,300.0,0.0,0.0,0.0
599,2025-07-20 05:30:00,2025-07-20,0.4,300.0,0.0,0.0,0.0
600,2025-07-20 05:45:00,2025-07-20,0.4,300.0,0.0,0.0,0.0
601,2025-07-20 06:00:00,2025-07-20,0.4,300.0,0.0,0.0,0.0
602,2025-07-20 06:15:00,2025-07-20,0.4,300.0,0.0,0.0,0.0
603,2025-07-20 06:30:00,2025-07-20,0.4,300.0,0.0,0.0,0.0
604,2025-07-20 06:45:00,2025-07-20,0.4,300.0,0.0,0.0,0.0
605,2025-07-20 07:00:00,2025-07-20,0.4,300.0,0.0,0.0,0.0
606,2025-07-20 07:15:00,2025-07-20,0.4,300.0,0.0,0.0,0.0
607,2025-07-20 07:30:00,2025-07-20,0.4,142.10526,0.0,0.0,0.0
608,2025-07-20 07:45:00,2025-07-20,0.4,300.0,0.0,0.0,0.0
609,2025-07-20 08:00:00,2025-07-20,0.62,0.0,0.0,0.0,0.0
610,2025-07-20 08:15:00,2025-07-20,0.62,0.0,0.0,0.0,0.0
611,2025-07-20 08:30:00,2025-07-20,0.62,0.0,0.0,0.0,0.0
612,2025-07-20 08:45:00,2025-07-20,0.62,0.0,0.0,0.0,0.0
613,2025-07-20 09:00:00,2025-07-20,0.62,0.0,0.0,0.0,0.0
614,2025-07-20 09:15:00,2025-07-20,0.62,0.0,0.0,0.0,0.0
615,2025-07-20 09:30:00,2025-07-20,0.62,0.0,0.0,0.0,0.0
616,2025-07-20 09:45:00,2025-07-20,0.62,0.0,0.0,0.0,0.0
617,2025-07-20 10:00:00,2025-07-20,0.62,0.0,0.0,0.0,0.0
618,2025-07-20 10:15:00,2025-07-20,0.62,0.0,0.0,0.0,0.0
619,2025-07-20 10:30:00,2025-07-20,0.62,0.0,0.0,0.0,0.0
620,2025-07-20 10:45:00,2025-07-20,0.62,0.0,0.0,0.0,0.0
621,2025-07-20 11:00:00,2025-07-20,0.62,0.0,0.0,0.0,0.0
622,2025-07-20 11:15:00,2025-07-20,0.62,0.0,0.0,0.0,0.0
623,2025-07-20 11:30:00,2025-07-20,0.62,0.0,0.0,0.0,0.0
624,2025-07-20 11:45:00,2025-07-20,0.62,0.0,0.0,0.0,0.0
625,2025-07-20 12:00:00,2025-07-20,0.62,0.0,0.0,0.0,0.0
626,2025-07-20 12:15:00,2025-07-20,0.62,0.0,0.0,0.0,0.0
627,2025-07-20 12:30:00,2025-07-20,0.62,0.0,0.0,0.0,0.0
628,2025-07-20 12:45:00,2025-07-20,0.62,0.0,0.0,0.0,0.0
629,2025-07-20 13:00:00,2025-07-20,0.62,0.0,0.0,0.0,0.0
630,2025-07-20 13:15:00,2025-07-20,0.62,0.0,0.0,0.0,0.0
631,2025-07-20 13:30:00,2025-07-20,0.62,0.0,0.0,0.0,0.0
632,2025-07-20 13:45:00,2025-07-20,0.62,0.0,0.0,0.0,0.0
633,2025-07-20 14:00:00,2025-07-20,0.62,0.0,0.0,0.0,0.0
634,2025-07-20 14:15:00,2025-07-20,0.62,0.0,0.0,0.0,0.0
635,2025-07-20 14:30:00,2025-07-20,0.62,0.0,0.0,0.0,0.0
636,2025-07-20 14:45:00,2025-07-20,0.62,0.0,0.0,0.0,0.0
637,2025-07-20 15:00:00,2025-07-20,0.62,0.0,0.0,0.0,0.0
638,2025-07-20 15:15:00,2025-07-20,0.62,0.0,0.0,0.0,0.0
639,2025-07-20 15:30:00,2025-07-20,0.62,0.0,0.0,0.0,0.0
640,2025-07-20 15:45:00,2025-07-20,0.62,0.0,0.0,0.0,0.0
641,2025-07-20 16:00:00,2025-07-20,0.62,0.0,0.0,0.0,0.0
642,2025-07-20 16:15:00,2025-07-20,0.62,0.0,0.0,0.0,0.0
643,2025-07-20 16:30:00,2025-07-20,0.62,0.0,0.0,0.0,0.0
644,2025-07-20 16:45:00,2025-07-20,0.62,0.0,0.0,0.0,0.0
645,2025-07-20 17:00:00,2025-07-20,0.62,0.0,0.0,0.0,0.0
646,2025-07-20 17:15:00,2025-07-20,0.62,0.0,0.0,0.0,0.0
647,2025-07-20 17:30:00,2025-07-20,0.62,0.0,0.0,0.0,0.0
648,2025-07-20 17:45:00,2025-07-20,0.62,0.0,0.0,0.0,0.0
649,2025-07-20 18:00:00,2025-07-20,0.78,0.0,300.0,0.0,0.0
650,2025-07-20 18:15:00,2025-07-20,0.78,0.0,300.0,0.0,0.0
651,2025-07-20 18:30:00,2025-07-20,0.78,0.0,300.0,0.0,0.0
652,2025-07-20 18:45:00,2025-07-20,0.78,0.0,300.0,0.0,0.0
653,2025-07-20 19:00:00,2025-07-20,0.78,0.0,300.0,0.0,0.0
654,2025-07-20 19:15:00,2025-07-20,0.78,0.0,300.0,0.0,0.0
655,2025-07-20 19:30:00,2025-07-20,0.78,0.0,300.0,0.0,0.0
656,2025-07-20 19:45:00,2025-07-20,0.78,0.0,300.0,0.0,0.0
657,2025-07-20 20:00:00,2025-07-20,0.78,0.0,300.0,0.0,0.0
658,2025-07-20 20:15:00,2025-07-20,0.78,0.0,300.0,0.0,0.0
659,2025-07-20 20:30:00,2025-07-20,0.78,0.0,300.0,0.0,0.0
660,2025-07-20 20:45:00,2025-07-20,0.78,0.0,300.0,0.0,0.0
661,2025-07-20 21:00:00,2025-07-20,0.55,0.0,0.0,0.0,0.0
662,2025-07-20 21:15:00,2025-07-20,0.55,0.0,0.0,0.0,0.0
663,2025-07-20 21:30:00,2025-07-20,0.55,0.0,0.0,0.0,0.0
664,2025-07-20 21:45:00,2025-07-20,0.55,0.0,0.0,0.0,0.0
665,2025-07-20 22:00:00,2025-07-20,0.55,0.0,0.0,0.0,0.0
666,2025-07-20 22:15:00,2025-07-20,0.55,300.0,0.0,0.0,0.0
667,2025-07-20 22:30:00,2025-07-20,0.55,300.0,0.0,0.0,0.0
668,2025-07-20 22:45:00,2025-07-20,0.55,300.0,0.0,0.0,0.0
669,2025-07-20 23:00:00,2025-07-20,0.55,300.0,0.0,0.0,0.0
670,2025-07-20 23:15:00,2025-07-20,0.55,300.0,0.0,0.0,0.0
671,2025-07-20 23:30:00,2025-07-20,0.55,300.0,0.0,0.0,0.0
672,2025-07-20 23:45:00,2025-07-20,0.55,167.86704,0.0,0.0,0.0
