P_buy,P_sell,P_ess_ch,P_ess_dis,E_ess,P_shift,P_shed,P_curtail,P_ev_ch_sum,P_ev_dis_sum
537.7,0.0,0.0,0.0,600.0,155.0,0.0,0.0,0.0,0.0
539.3,0.0,0.0,0.0,600.0,155.0,0.0,0.0,0.0,0.0
528.5,0.0,0.0,0.0,600.0,155.0,0.0,0.0,0.0,0.0
512.0,0.0,0.0,0.0,600.0,155.0,0.0,0.0,0.0,0.0
522.5,0.0,0.0,0.0,600.0,155.0,0.0,0.0,0.0,0.0
525.2,0.0,0.0,0.0,600.0,155.0,0.0,0.0,0.0,0.0
525.8,0.0,0.0,0.0,600.0,155.0,0.0,0.0,0.0,0.0
531.4,0.0,0.0,0.0,600.0,155.0,0.0,0.0,0.0,0.0
526.2,0.0,0.0,0.0,600.0,155.0,0.0,0.0,0.0,0.0
516.1,0.0,0.0,0.0,600.0,155.0,0.0,0.0,0.0,0.0
529.2,0.0,0.0,0.0,600.0,155.0,0.0,0.0,0.0,0.0
528.0,0.0,0.0,0.0,600.0,155.0,0.0,0.0,0.0,0.0
523.4,0.0,0.0,0.0,600.0,155.0,0.0,0.0,0.0,0.0
540.4,0.0,0.0,0.0,600.0,155.0,0.0,0.0,0.0,0.0
533.3,0.0,0.0,0.0,600.0,155.0,0.0,0.0,0.0,0.0
520.1,0.0,0.0,0.0,600.0,155.0,0.0,0.0,0.0,0.0
538.1,0.0,0.0,0.0,600.0,155.0,0.0,0.0,0.0,0.0
533.8,0.0,0.0,0.0,600.0,155.0,0.0,0.0,0.0,0.0
525.6,0.0,0.0,0.0,600.0,155.0,0.0,0.0,0.0,0.0
523.3,0.0,0.0,0.0,600.0,155.0,0.0,0.0,0.0,0.0
537.3,0.0,0.0,0.0,600.0,155.0,0.0,0.0,0.0,0.0
833.6,0.0,300.0,0.0,671.25,155.0,0.0,0.0,0.0,0.0
756.45263,0.0,221.05263,0.0,723.75,155.0,0.0,0.0,0.0,0.0
811.6,0.0,300.0,0.0,795.0,155.0,0.0,0.0,0.0,0.0
833.5,0.0,300.0,0.0,866.25,155.0,0.0,0.0,0.0,0.0
816.7,0.0,300.0,0.0,937.5,155.0,0.0,0.0,0.0,0.0
823.2,0.0,300.0,0.0,1008.75,155.0,0.0,0.0,0.0,0.0
802.9,0.0,300.0,0.0,1080.0,155.0,0.0,0.0,14.0,0.0
199.3,0.0,0.0,0.0,1080.0,-155.0,0.0,0.0,0.0,0.0
187.0,0.0,0.0,0.0,1080.0,-155.0,0.0,0.0,0.0,0.0
180.86371,0.0,0.0,0.0,1080.0,-155.0,0.0,0.0,1.0637119,0.0
183.0,0.0,0.0,0.0,1080.0,-155.0,0.0,0.0,7.0,0.0
173.5,0.0,0.0,0.0,1080.0,-155.0,0.0,0.0,7.0,0.0
173.4,0.0,0.0,0.0,1080.0,-155.0,0.0,0.0,7.0,0.0
157.3,0.0,0.0,0.0,1080.0,-155.0,0.0,0.0,0.0,0.0
160.0,0.0,0.0,0.0,1080.0,-155.0,0.0,0.0,7.0,0.0
143.3759,0.0,0.0,0.0,1080.0,-155.0,0.0,0.0,1.6759003,0.0
146.16343,0.0,0.0,0.0,1080.0,-155.0,0.0,0.0,5.1634349,0.0
140.5,0.0,0.0,0.0,1080.0,-155.0,0.0,0.0,18.0,0.0
137.64515,0.0,0.0,0.0,1080.0,-155.0,0.0,0.0,18.74515235,0.0
137.5,0.0,0.0,0.0,1080.0,-155.0,0.0,0.0,29.0,0.0
137.3,0.0,0.0,0.0,1080.0,-155.0,0.0,0.0,25.0,0.0
97.9,0.0,0.0,0.0,1080.0,-155.0,0.0,0.0,18.0,0.0
115.0,0.0,0.0,0.0,1080.0,-155.0,0.0,0.0,25.0,0.0
554.4,0.0,0.0,0.0,1080.0,155.0,0.0,0.0,151.0,0.0
533.6,0.0,0.0,0.0,1080.0,155.0,0.0,0.0,151.0,0.0
566.7,0.0,0.0,0.0,1080.0,155.0,0.0,0.0,176.0,0.0
554.2,0.0,0.0,0.0,1080.0,155.0,0.0,0.0,176.0,0.0
512.9,0.0,0.0,0.0,1080.0,155.0,0.0,0.0,168.0,0.0
496.4,0.0,0.0,0.0,1080.0,155.0,0.0,0.0,158.0,0.0
504.86676,0.0,0.0,0.0,1080.0,155.0,0.0,0.0,149.966759,0.0
484.87036,0.0,0.0,0.0,1080.0,155.0,0.0,0.0,145.6703601,0.0
502.9,0.0,0.0,0.0,1080.0,155.0,0.0,0.0,133.0,0.0
493.64211,0.0,0.0,0.0,1080.0,155.0,0.0,0.0,135.84210530000001,0.0
471.9,0.0,0.0,0.0,1080.0,155.0,0.0,0.0,120.0,0.0
513.9,0.0,0.0,0.0,1080.0,155.0,0.0,0.0,140.0,0.0
568.4,0.0,0.0,0.0,1080.0,155.0,0.0,0.0,140.0,0.0
580.43684,0.0,0.0,0.0,1080.0,155.0,0.0,0.0,132.7368421,0.0
609.7,0.0,0.0,0.0,1080.0,155.0,0.0,0.0,126.0,0.0
607.57064,0.0,0.0,0.0,1080.0,155.0,0.0,0.0,116.5706371,0.0
186.84045,0.0,0.0,0.0,1080.0,-155.0,0.0,0.0,9.3379501,37.5975
216.4,0.0,0.0,0.0,1080.0,-155.0,0.0,0.0,18.0,31.0
277.54488,0.0,0.0,0.0,1080.0,-155.0,0.0,0.0,24.844875299999998,17.0
291.7,0.0,0.0,0.0,1080.0,-155.0,0.0,0.0,14.0,17.0
333.2,0.0,0.0,0.0,1080.0,-155.0,0.0,0.0,25.0,17.0
331.3,0.0,0.0,0.0,1080.0,-155.0,0.0,0.0,18.0,10.0
365.0268,0.0,0.0,0.0,1080.0,-155.0,0.0,0.0,21.3518006,27.025
408.34,0.0,0.0,0.0,1080.0,-155.0,0.0,0.0,18.0,10.76
8.7,0.0,0.0,300.0,1001.0526,-155.0,0.0,0.0,0.0,92.0
28.2,0.0,0.0,300.0,922.10526,-155.0,0.0,0.0,0.0,92.0
26.7,0.0,0.0,300.0,843.15789,-155.0,0.0,0.0,0.0,85.0
31.3,0.0,0.0,300.0,764.21053,-155.0,0.0,0.0,0.0,85.0
43.8,0.0,0.0,300.0,685.26316,-155.0,0.0,0.0,0.0,68.0
63.3,0.0,0.0,300.0,606.31579,-155.0,0.0,0.0,0.0,61.0
94.7,0.0,0.0,300.0,527.36842,-155.0,0.0,0.0,0.0,44.0
348.8,0.0,0.0,48.0,514.73684,-155.0,0.0,0.0,0.0,34.0
107.3,0.0,0.0,300.0,435.78947,-155.0,0.0,0.0,0.0,24.0
90.8,0.0,0.0,300.0,356.84211,-155.0,0.0,0.0,0.0,24.0
92.2,0.0,0.0,300.0,277.89474,-155.0,0.0,0.0,0.0,17.0
373.9,0.0,0.0,0.0,277.89474,-155.0,0.0,0.0,0.0,10.0
35.3,0.0,0.0,300.0,198.94737,-155.0,0.0,0.0,0.0,10.0
23.4,0.0,0.0,300.0,120.0,-155.0,0.0,0.0,0.0,10.0
318.5,0.0,0.0,0.0,120.0,-155.0,0.0,0.0,0.0,10.0
311.5,0.0,0.0,0.0,120.0,-155.0,0.0,0.0,0.0,10.0
308.8,0.0,0.0,0.0,120.0,-155.0,0.0,0.0,0.0,0.0
303.4,0.0,0.0,0.0,120.0,-155.0,0.0,0.0,0.0,0.0
286.4,0.0,0.0,0.0,120.0,-155.0,0.0,0.0,0.0,0.0
294.2,0.0,0.0,0.0,120.0,-155.0,0.0,0.0,0.0,0.0
277.9,0.0,0.0,0.0,120.0,-155.0,0.0,0.0,0.0,0.0
271.2,0.0,0.0,0.0,120.0,-155.0,0.0,0.0,0.0,0.0
276.6,0.0,0.0,0.0,120.0,-155.0,0.0,0.0,0.0,0.0
264.8,0.0,0.0,0.0,120.0,-155.0,0.0,0.0,0.0,0.0
566.7,0.0,0.0,0.0,120.0,155.0,0.0,0.0,0.0,0.0
580.2,0.0,0.0,0.0,120.0,155.0,0.0,0.0,0.0,0.0
572.5,0.0,0.0,0.0,120.0,155.0,0.0,0.0,0.0,0.0
545.4,0.0,0.0,0.0,120.0,155.0,0.0,0.0,0.0,0.0
538.8,0.0,0.0,0.0,120.0,155.0,0.0,0.0,0.0,0.0
526.7,0.0,0.0,0.0,120.0,155.0,0.0,0.0,0.0,0.0
541.8,0.0,0.0,0.0,120.0,155.0,0.0,0.0,0.0,0.0
538.6,0.0,0.0,0.0,120.0,155.0,0.0,0.0,0.0,0.0
527.8,0.0,0.0,0.0,120.0,155.0,0.0,0.0,0.0,0.0
526.7,0.0,0.0,0.0,120.0,155.0,0.0,0.0,0.0,0.0
532.2,0.0,0.0,0.0,120.0,155.0,0.0,0.0,0.0,0.0
534.5,0.0,0.0,0.0,120.0,155.0,0.0,0.0,0.0,0.0
536.6,0.0,0.0,0.0,120.0,155.0,0.0,0.0,0.0,0.0
538.7,0.0,0.0,0.0,120.0,155.0,0.0,0.0,0.0,0.0
532.7,0.0,0.0,0.0,120.0,155.0,0.0,0.0,0.0,0.0
653.00526,0.0,142.10526,0.0,153.75,155.0,0.0,0.0,0.0,0.0
540.6,0.0,0.0,0.0,153.75,155.0,0.0,0.0,0.0,0.0
515.8,0.0,0.0,0.0,153.75,155.0,0.0,0.0,0.0,0.0
519.3,0.0,0.0,0.0,153.75,155.0,0.0,0.0,0.0,0.0
831.7,0.0,300.0,0.0,225.0,155.0,0.0,0.0,0.0,0.0
828.3,0.0,300.0,0.0,296.25,155.0,0.0,0.0,0.0,0.0
827.0,0.0,300.0,0.0,367.5,155.0,0.0,0.0,0.0,0.0
819.5,0.0,300.0,0.0,438.75,155.0,0.0,0.0,0.0,0.0
827.7,0.0,300.0,0.0,510.0,155.0,0.0,0.0,0.0,0.0
834.5,0.0,300.0,0.0,581.25,155.0,0.0,0.0,0.0,0.0
819.4,0.0,300.0,0.0,652.5,155.0,0.0,0.0,0.0,0.0
842.9,0.0,300.0,0.0,723.75,155.0,0.0,0.0,0.0,0.0
841.4,0.0,300.0,0.0,795.0,155.0,0.0,0.0,0.0,0.0
824.5,0.0,300.0,0.0,866.25,155.0,0.0,0.0,0.0,0.0
814.3,0.0,300.0,0.0,937.5,155.0,0.0,0.0,0.0,0.0
830.0,0.0,300.0,0.0,1008.75,155.0,0.0,0.0,0.0,0.0
812.3,0.0,300.0,0.0,1080.0,155.0,0.0,0.0,0.0,0.0
187.3,0.0,0.0,0.0,1080.0,-155.0,0.0,0.0,0.0,0.0
201.2,0.0,0.0,0.0,1080.0,-155.0,0.0,0.0,0.0,0.0
181.2,0.0,0.0,0.0,1080.0,-155.0,0.0,0.0,0.0,0.0
184.0,0.0,0.0,0.0,1080.0,-155.0,0.0,0.0,0.0,0.0
192.9,0.0,0.0,0.0,1080.0,-155.0,0.0,0.0,7.0,0.0
192.2,0.0,0.0,0.0,1080.0,-155.0,0.0,0.0,7.0,0.0
180.4,0.0,0.0,0.0,1080.0,-155.0,0.0,0.0,7.0,0.0
162.4,0.0,0.0,0.0,1080.0,-155.0,0.0,0.0,7.0,0.0
172.36898,0.0,0.0,0.0,1080.0,-155.0,0.0,0.0,9.1689751,0.0
155.3,0.0,0.0,0.0,1080.0,-155.0,0.0,0.0,7.0,0.0
163.1,0.0,0.0,0.0,1080.0,-155.0,0.0,0.0,18.0,0.0
160.5,0.0,0.0,0.0,1080.0,-155.0,0.0,0.0,18.0,0.0
137.5,0.0,0.0,0.0,1080.0,-155.0,0.0,0.0,18.0,0.0
120.96842,0.0,0.0,0.0,1080.0,-155.0,0.0,0.0,0.36842105,0.0
128.1,0.0,0.0,0.0,1080.0,-155.0,0.0,0.0,7.0,0.0
114.9,0.0,0.0,0.0,1080.0,-155.0,0.0,0.0,7.0,0.0
558.5,0.0,0.0,0.0,1080.0,155.0,0.0,0.0,129.0,0.0
508.38421,0.0,0.0,0.0,1080.0,155.0,0.0,0.0,104.6842105,0.0
543.02105,0.0,0.0,0.0,1080.0,155.0,0.0,0.0,132.421053,0.0
543.80526,0.0,0.0,0.0,1080.0,155.0,0.0,0.0,132.1052632,0.0
486.4,0.0,0.0,0.0,1080.0,155.0,0.0,0.0,112.0,0.0
490.74737,0.0,0.0,0.0,1080.0,155.0,0.0,0.0,109.9473684,0.0
456.42632,0.0,0.0,0.0,1080.0,155.0,0.0,0.0,89.5263158,0.0
477.1,0.0,0.0,0.0,1080.0,155.0,0.0,0.0,108.0,0.0
456.0,0.0,0.0,0.0,1080.0,155.0,0.0,0.0,76.0,0.0
479.8,0.0,0.0,0.0,1080.0,155.0,0.0,0.0,108.0,0.0
489.59335,0.0,0.0,0.0,1080.0,155.0,0.0,0.0,98.3933518,0.0
459.7,0.0,0.0,0.0,1080.0,155.0,0.0,0.0,58.0,0.0
514.4,0.0,0.0,0.0,1080.0,155.0,0.0,0.0,58.0,0.0
548.7,0.0,0.0,0.0,1080.0,155.0,0.0,0.0,65.0,0.0
551.43906,0.0,0.0,0.0,1080.0,155.0,0.0,0.0,47.9390582,0.0
584.2,0.0,0.0,0.0,1080.0,155.0,0.0,0.0,51.0,0.0
208.14,0.0,0.0,0.0,1080.0,-155.0,0.0,0.0,0.0,24.96
236.6,0.0,0.0,0.0,1080.0,-155.0,0.0,0.0,0.0,24.0
249.1,0.0,0.0,0.0,1080.0,-155.0,0.0,0.0,0.0,24.0
269.8,0.0,0.0,0.0,1080.0,-155.0,0.0,0.0,0.0,34.0
319.3,0.0,0.0,0.0,1080.0,-155.0,0.0,0.0,0.0,17.2
328.86,0.0,0.0,0.0,1080.0,-155.0,0.0,0.0,0.0,18.04
382.6,0.0,0.0,0.0,1080.0,-155.0,0.0,0.0,0.0,20.0
401.0,0.0,0.0,0.0,1080.0,-155.0,0.0,0.0,0.0,20.0
73.7,0.0,0.0,300.0,1001.0526,-155.0,0.0,0.0,0.0,40.0
88.6,0.0,0.0,300.0,922.10526,-155.0,0.0,0.0,0.0,40.0
76.5,0.0,0.0,300.0,843.15789,-155.0,0.0,0.0,0.0,40.0
80.7,0.0,0.0,300.0,764.21053,-155.0,0.0,0.0,0.0,40.0
82.4,0.0,0.0,300.0,685.26316,-155.0,0.0,0.0,0.0,30.0
122.8,0.0,0.0,300.0,606.31579,-155.0,0.0,0.0,0.0,20.0
364.2,0.0,0.0,48.0,593.68421,-155.0,0.0,0.0,0.0,20.0
112.9,0.0,0.0,300.0,514.73684,-155.0,0.0,0.0,0.0,20.0
428.0,0.0,0.0,0.0,514.73684,-155.0,0.0,0.0,0.0,10.0
408.0,0.0,0.0,0.0,514.73684,-155.0,0.0,0.0,0.0,10.0
92.5,0.0,0.0,300.0,435.78947,-155.0,0.0,0.0,0.0,10.0
81.9,0.0,0.0,300.0,356.84211,-155.0,0.0,0.0,0.0,0.0
42.1,0.0,0.0,300.0,277.89474,-155.0,0.0,0.0,0.0,0.0
339.6,0.0,0.0,0.0,277.89474,-155.0,0.0,0.0,0.0,0.0
35.1,0.0,0.0,300.0,198.94737,-155.0,0.0,0.0,0.0,0.0
24.3,0.0,0.0,300.0,120.0,-155.0,0.0,0.0,0.0,0.0
308.0,0.0,0.0,0.0,120.0,-155.0,0.0,0.0,0.0,0.0
622.3,0.0,0.0,0.0,120.0,155.0,0.0,0.0,0.0,0.0
607.4,0.0,0.0,0.0,120.0,155.0,0.0,0.0,0.0,0.0
608.5,0.0,0.0,0.0,120.0,155.0,0.0,0.0,0.0,0.0
610.6,0.0,0.0,0.0,120.0,155.0,0.0,0.0,0.0,0.0
264.6,0.0,0.0,0.0,120.0,-155.0,0.0,0.0,0.0,0.0
271.3,0.0,0.0,0.0,120.0,-155.0,0.0,0.0,0.0,0.0
252.2,0.0,0.0,0.0,120.0,-155.0,0.0,0.0,0.0,0.0
267.5,0.0,0.0,0.0,120.0,-155.0,0.0,0.0,0.0,0.0
258.9,0.0,0.0,0.0,120.0,-155.0,0.0,0.0,0.0,0.0
266.5,0.0,0.0,0.0,120.0,-155.0,0.0,0.0,0.0,0.0
256.7,0.0,0.0,0.0,120.0,-155.0,0.0,0.0,0.0,0.0
539.1,0.0,0.0,0.0,120.0,155.0,0.0,0.0,0.0,0.0
532.3,0.0,0.0,0.0,120.0,155.0,0.0,0.0,0.0,0.0
530.5,0.0,0.0,0.0,120.0,155.0,0.0,0.0,0.0,0.0
528.4,0.0,0.0,0.0,120.0,155.0,0.0,0.0,0.0,0.0
539.9,0.0,0.0,0.0,120.0,155.0,0.0,0.0,0.0,0.0
526.1,0.0,0.0,0.0,120.0,155.0,0.0,0.0,0.0,0.0
522.6,0.0,0.0,0.0,120.0,155.0,0.0,0.0,0.0,0.0
533.0,0.0,0.0,0.0,120.0,155.0,0.0,0.0,0.0,0.0
527.0,0.0,0.0,0.0,120.0,155.0,0.0,0.0,0.0,0.0
528.4,0.0,0.0,0.0,120.0,155.0,0.0,0.0,0.0,0.0
524.2,0.0,0.0,0.0,120.0,155.0,0.0,0.0,0.0,0.0
531.5,0.0,0.0,0.0,120.0,155.0,0.0,0.0,0.0,0.0
679.30526,0.0,142.10526,0.0,153.75,155.0,0.0,0.0,0.0,0.0
546.0,0.0,0.0,0.0,153.75,155.0,0.0,0.0,0.0,0.0
542.1,0.0,0.0,0.0,153.75,155.0,0.0,0.0,0.0,0.0
819.4,0.0,300.0,0.0,225.0,155.0,0.0,0.0,0.0,0.0
827.5,0.0,300.0,0.0,296.25,155.0,0.0,0.0,0.0,0.0
830.3,0.0,300.0,0.0,367.5,155.0,0.0,0.0,0.0,0.0
828.2,0.0,300.0,0.0,438.75,155.0,0.0,0.0,0.0,0.0
840.8,0.0,300.0,0.0,510.0,155.0,0.0,0.0,0.0,0.0
823.1,0.0,300.0,0.0,581.25,155.0,0.0,0.0,0.0,0.0
840.1,0.0,300.0,0.0,652.5,155.0,0.0,0.0,0.0,0.0
831.0,0.0,300.0,0.0,723.75,155.0,0.0,0.0,0.0,0.0
830.7,0.0,300.0,0.0,795.0,155.0,0.0,0.0,0.0,0.0
844.7,0.0,300.0,0.0,866.25,155.0,0.0,0.0,0.0,0.0
846.1,0.0,300.0,0.0,937.5,155.0,0.0,0.0,0.0,0.0
839.9,0.0,300.0,0.0,1008.75,155.0,0.0,0.0,0.0,0.0
855.2,0.0,300.0,0.0,1080.0,155.0,0.0,0.0,18.0,0.0
233.7,0.0,0.0,0.0,1080.0,-155.0,0.0,0.0,0.0,0.0
245.0,0.0,0.0,0.0,1080.0,-155.0,0.0,0.0,0.0,0.0
248.94737,0.0,0.0,0.0,1080.0,-155.0,0.0,0.0,0.94736842,0.0
262.7,0.0,0.0,0.0,1080.0,-155.0,0.0,0.0,7.0,0.0
270.7,0.0,0.0,0.0,1080.0,-155.0,0.0,0.0,14.0,0.0
273.7,0.0,0.0,0.0,1080.0,-155.0,0.0,0.0,14.0,0.0
262.6,0.0,0.0,0.0,1080.0,-155.0,0.0,0.0,7.0,0.0
280.0,0.0,0.0,0.0,1080.0,-155.0,0.0,0.0,7.0,0.0
294.7,0.0,0.0,0.0,1080.0,-155.0,0.0,0.0,21.0,0.0
286.34211,0.0,0.0,0.0,1080.0,-155.0,0.0,0.0,21.84210526,0.0
279.60776,0.0,0.0,0.0,1080.0,-155.0,0.0,0.0,20.2077562,0.0
278.63934,0.0,0.0,0.0,1080.0,-155.0,0.0,0.0,22.8393352,0.0
287.2,0.0,0.0,0.0,1080.0,-155.0,0.0,0.0,21.0,0.0
255.82604,0.0,0.0,0.0,1080.0,-155.0,0.0,0.0,11.6260388,0.0
262.7,0.0,0.0,0.0,1080.0,-155.0,0.0,0.0,7.0,0.0
265.9,0.0,0.0,0.0,1080.0,-155.0,0.0,0.0,7.0,0.0
792.6,0.0,0.0,0.0,1080.0,155.0,0.0,0.0,107.0,0.0
818.8,0.0,0.0,0.0,1080.0,155.0,0.0,0.0,121.0,0.0
833.4,0.0,0.0,0.0,1080.0,155.0,0.0,0.0,128.0,0.0
822.3,0.0,0.0,0.0,1080.0,155.0,0.0,0.0,110.0,0.0
799.3,0.0,0.0,0.0,1080.0,155.0,0.0,0.0,121.0,0.0
779.8,0.0,0.0,0.0,1080.0,155.0,0.0,0.0,107.0,0.0
759.20526,0.0,0.0,0.0,1080.0,155.0,0.0,0.0,103.1052632,0.0
750.3,0.0,0.0,0.0,1080.0,155.0,0.0,0.0,96.0,0.0
738.57368,0.0,0.0,0.0,1080.0,155.0,0.0,0.0,94.4736842,0.0
751.9,0.0,0.0,0.0,1080.0,155.0,0.0,0.0,92.0,0.0
746.69474,0.0,0.0,0.0,1080.0,155.0,0.0,0.0,80.8947368,0.0
735.45319,0.0,0.0,0.0,1080.0,155.0,0.0,0.0,71.8531856,0.0
782.2,0.0,0.0,0.0,1080.0,155.0,0.0,0.0,78.0,0.0
700.92465,0.0,0.0,0.0,1080.0,155.0,0.0,0.0,83.1246537,0.0
697.2,0.0,0.0,0.0,1080.0,155.0,0.0,0.0,64.0,0.0
717.2,0.0,0.0,0.0,1080.0,155.0,0.0,0.0,64.0,0.0
334.5,0.0,0.0,0.0,1080.0,-155.0,0.0,0.0,0.0,24.0
363.4,0.0,0.0,0.0,1080.0,-155.0,0.0,0.0,0.0,17.0
372.3,0.0,0.0,0.0,1080.0,-155.0,0.0,0.0,0.0,7.0
382.6,0.0,0.0,0.0,1080.0,-155.0,0.0,0.0,0.0,24.0
407.1,0.0,0.0,0.0,1080.0,-155.0,0.0,0.0,0.0,18.7
401.7,0.0,0.0,0.0,1080.0,-155.0,0.0,0.0,0.0,24.0
446.3,0.0,0.0,0.0,1080.0,-155.0,0.0,0.0,0.0,10.0
439.5525,0.0,0.0,0.0,1080.0,-155.0,0.0,0.0,0.0,20.447499999999998
110.5,0.0,0.0,300.0,1001.0526,-155.0,0.0,0.0,0.0,55.0
114.8,0.0,0.0,300.0,922.10526,-155.0,0.0,0.0,0.0,55.0
93.4,0.0,0.0,300.0,843.15789,-155.0,0.0,0.0,0.0,55.0
391.2,0.0,0.0,0.0,843.15789,-155.0,0.0,0.0,0.0,48.0
400.0,0.0,0.0,0.0,843.15789,-155.0,0.0,0.0,0.0,38.0
394.4,0.0,0.0,0.0,843.15789,-155.0,0.0,0.0,0.0,28.0
98.1,0.0,0.0,300.0,764.21053,-155.0,0.0,0.0,0.0,21.0
355.1,0.0,0.0,48.0,751.57895,-155.0,0.0,0.0,0.0,21.0
106.4,0.0,0.0,300.0,672.63158,-155.0,0.0,0.0,0.0,7.0
96.0,0.0,0.0,300.0,593.68421,-155.0,0.0,0.0,0.0,7.0
87.1,0.0,0.0,300.0,514.73684,-155.0,0.0,0.0,0.0,0.0
78.9,0.0,0.0,300.0,435.78947,-155.0,0.0,0.0,0.0,0.0
26.8,0.0,0.0,300.0,356.84211,-155.0,0.0,0.0,0.0,0.0
28.2,0.0,0.0,300.0,277.89474,-155.0,0.0,0.0,0.0,0.0
13.0,0.0,0.0,300.0,198.94737,-155.0,0.0,0.0,0.0,0.0
9.9,0.0,0.0,300.0,120.0,-155.0,0.0,0.0,0.0,0.0
300.6,0.0,0.0,0.0,120.0,-155.0,0.0,0.0,0.0,0.0
299.2,0.0,0.0,0.0,120.0,-155.0,0.0,0.0,0.0,0.0
293.9,0.0,0.0,0.0,120.0,-155.0,0.0,0.0,0.0,0.0
292.3,0.0,0.0,0.0,120.0,-155.0,0.0,0.0,0.0,0.0
275.5,0.0,0.0,0.0,120.0,-155.0,0.0,0.0,0.0,0.0
262.1,0.0,0.0,0.0,120.0,-155.0,0.0,0.0,0.0,0.0
263.8,0.0,0.0,0.0,120.0,-155.0,0.0,0.0,0.0,0.0
262.2,0.0,0.0,0.0,120.0,-155.0,0.0,0.0,0.0,0.0
565.5,0.0,0.0,0.0,120.0,155.0,0.0,0.0,0.0,0.0
567.4,0.0,0.0,0.0,120.0,155.0,0.0,0.0,0.0,0.0
550.8,0.0,0.0,0.0,120.0,155.0,0.0,0.0,0.0,0.0
545.2,0.0,0.0,0.0,120.0,155.0,0.0,0.0,0.0,0.0
535.9,0.0,0.0,0.0,120.0,155.0,0.0,0.0,0.0,0.0
542.9,0.0,0.0,0.0,120.0,155.0,0.0,0.0,0.0,0.0
527.3,0.0,0.0,0.0,120.0,155.0,0.0,0.0,0.0,0.0
548.4,0.0,0.0,0.0,120.0,155.0,0.0,0.0,0.0,0.0
538.1,0.0,0.0,0.0,120.0,155.0,0.0,0.0,0.0,0.0
525.1,0.0,0.0,0.0,120.0,155.0,0.0,0.0,0.0,0.0
521.4,0.0,0.0,0.0,120.0,155.0,0.0,0.0,0.0,0.0
535.4,0.0,0.0,0.0,120.0,155.0,0.0,0.0,0.0,0.0
528.2,0.0,0.0,0.0,120.0,155.0,0.0,0.0,0.0,0.0
522.7,0.0,0.0,0.0,120.0,155.0,0.0,0.0,0.0,0.0
524.6,0.0,0.0,0.0,120.0,155.0,0.0,0.0,0.0,0.0
537.4,0.0,0.0,0.0,120.0,155.0,0.0,0.0,0.0,0.0
530.5,0.0,0.0,0.0,120.0,155.0,0.0,0.0,0.0,0.0
524.7,0.0,0.0,0.0,120.0,155.0,0.0,0.0,0.0,0.0
828.7,0.0,300.0,0.0,191.25,155.0,0.0,0.0,0.0,0.0
835.8,0.0,300.0,0.0,262.5,155.0,0.0,0.0,0.0,0.0
833.4,0.0,300.0,0.0,333.75,155.0,0.0,0.0,0.0,0.0
835.6,0.0,300.0,0.0,405.0,155.0,0.0,0.0,0.0,0.0
829.3,0.0,300.0,0.0,476.25,155.0,0.0,0.0,0.0,0.0
831.9,0.0,300.0,0.0,547.5,155.0,0.0,0.0,0.0,0.0
841.2,0.0,300.0,0.0,618.75,155.0,0.0,0.0,0.0,0.0
835.5,0.0,300.0,0.0,690.0,155.0,0.0,0.0,0.0,0.0
665.30526,0.0,142.10526,0.0,723.75,155.0,0.0,0.0,0.0,0.0
813.5,0.0,300.0,0.0,795.0,155.0,0.0,0.0,0.0,0.0
833.8,0.0,300.0,0.0,866.25,155.0,0.0,0.0,0.0,0.0
831.7,0.0,300.0,0.0,937.5,155.0,0.0,0.0,0.0,0.0
818.0,0.0,300.0,0.0,1008.75,155.0,0.0,0.0,0.0,0.0
815.3,0.0,300.0,0.0,1080.0,155.0,0.0,0.0,7.0,0.0
192.1,0.0,0.0,0.0,1080.0,-155.0,0.0,0.0,0.0,0.0
207.3,0.0,0.0,0.0,1080.0,-155.0,0.0,0.0,0.0,0.0
194.5,0.0,0.0,0.0,1080.0,-155.0,0.0,0.0,0.0,0.0
199.1,0.0,0.0,0.0,1080.0,-155.0,0.0,0.0,0.0,0.0
209.5,0.0,0.0,0.0,1080.0,-155.0,0.0,0.0,7.0,0.0
207.8,0.0,0.0,0.0,1080.0,-155.0,0.0,0.0,32.0,0.0
216.2,0.0,0.0,0.0,1080.0,-155.0,0.0,0.0,32.0,0.0
200.9,0.0,0.0,0.0,1080.0,-155.0,0.0,0.0,14.0,0.0
215.8,0.0,0.0,0.0,1080.0,-155.0,0.0,0.0,32.0,0.0
219.73241,0.0,0.0,0.0,1080.0,-155.0,0.0,0.0,51.33241,0.0
176.17036,0.0,0.0,0.0,1080.0,-155.0,0.0,0.0,16.6703601,0.0
178.83435,0.0,0.0,0.0,1080.0,-155.0,0.0,0.0,17.63434881,0.0
173.22576,0.0,0.0,0.0,1080.0,-155.0,0.0,0.0,23.7257618,0.0
156.8,0.0,0.0,0.0,1080.0,-155.0,0.0,0.0,25.0,0.0
153.12632,0.0,0.0,0.0,1080.0,-155.0,0.0,0.0,14.52631579,0.0
132.3,0.0,0.0,0.0,1080.0,-155.0,0.0,0.0,14.0,0.0
616.6,0.0,0.0,0.0,1080.0,155.0,0.0,0.0,169.0,0.0
616.2,0.0,0.0,0.0,1080.0,155.0,0.0,0.0,175.0000003,0.0
607.1,0.0,0.0,0.0,1080.0,155.0,0.0,0.0,176.0,0.0
608.1,0.0,0.0,0.0,1080.0,155.0,0.0,0.0,165.0,0.0
542.8,0.0,0.0,0.0,1080.0,155.0,0.0,0.0,158.0,0.0
542.5,0.0,0.0,0.0,1080.0,155.0,0.0,0.0,165.0,0.0
552.4,0.0,0.0,0.0,1080.0,155.0,0.0,0.0,165.0,0.0
544.4,0.0,0.0,0.0,1080.0,155.0,0.0,0.0,158.0,0.0
560.8,0.0,0.0,0.0,1080.0,155.0,0.0,0.0,165.0,0.0
559.97562,0.0,0.0,0.0,1080.0,155.0,0.0,0.0,159.7756233,0.0
562.3,0.0,0.0,0.0,1080.0,155.0,0.0,0.0,158.0,0.0
582.01773,0.0,0.0,0.0,1080.0,155.0,0.0,0.0,165.6177285,0.0
650.0,0.0,0.0,0.0,1080.0,65.4,0.0,0.0,144.0,0.0
650.0,0.0,0.0,0.0,1080.0,45.186981,0.0,0.0,143.3130194,0.0
650.0,0.0,0.0,0.0,1080.0,22.3,0.0,0.0,144.0,0.0
650.0,0.0,0.0,0.0,1080.0,27.010526,0.0,0.0,139.7894737,0.0
305.82,0.0,0.0,0.0,1080.0,-155.0,0.0,0.0,0.0,48.68
213.5,0.0,0.0,0.0,1080.0,-155.0,0.0,0.0,0.0,55.3
251.9,0.0,0.0,0.0,1080.0,-155.0,0.0,0.0,0.0,51.9
282.94,0.0,0.0,0.0,1080.0,-155.0,0.0,0.0,0.0,36.06
298.66,0.0,0.0,0.0,1080.0,-155.0,0.0,0.0,0.0,52.94
337.6,0.0,0.0,0.0,1080.0,-155.0,0.0,0.0,0.0,41.6
356.7,0.0,0.0,0.0,1080.0,-155.0,0.0,0.0,0.0,47.0
371.6,0.0,0.0,0.0,1080.0,-155.0,0.0,0.0,0.0,47.0
29.4,0.0,0.0,300.0,1001.0526,-155.0,0.0,0.0,0.0,81.0
55.8,0.0,0.0,300.0,922.10526,-155.0,0.0,0.0,0.0,81.0
53.3,0.0,0.0,300.0,843.15789,-155.0,0.0,0.0,0.0,61.0
333.5,0.0,0.0,48.0,830.52632,-155.0,0.0,0.0,0.0,51.0
72.8,0.0,0.0,300.0,751.57895,-155.0,0.0,0.0,0.0,51.0
371.8,0.0,0.0,0.0,751.57895,-155.0,0.0,0.0,0.0,51.0
395.0,0.0,0.0,0.0,751.57895,-155.0,0.0,0.0,0.0,44.0
392.8,0.0,0.0,0.0,751.57895,-155.0,0.0,0.0,0.0,44.0
101.4,0.0,0.0,300.0,672.63158,-155.0,0.0,0.0,0.0,34.0
99.1,0.0,0.0,300.0,593.68421,-155.0,0.0,0.0,0.0,0.0
103.0,0.0,0.0,300.0,514.73684,-155.0,0.0,0.0,0.0,0.0
79.9,0.0,0.0,300.0,435.78947,-155.0,0.0,0.0,0.0,0.0
34.6,0.0,0.0,300.0,356.84211,-155.0,0.0,0.0,0.0,0.0
25.6,0.0,0.0,300.0,277.89474,-155.0,0.0,0.0,0.0,0.0
31.5,0.0,0.0,300.0,198.94737,-155.0,0.0,0.0,0.0,0.0
8.2,0.0,0.0,300.0,120.0,-155.0,0.0,0.0,0.0,0.0
313.8,0.0,0.0,0.0,120.0,-155.0,0.0,0.0,0.0,0.0
464.70249,0.0,0.0,0.0,120.0,-4.8975069,0.0,0.0,0.0,0.0
313.9,0.0,0.0,0.0,120.0,-155.0,0.0,0.0,0.0,0.0
594.5,0.0,0.0,0.0,120.0,155.0,0.0,0.0,0.0,0.0
279.2,0.0,0.0,0.0,120.0,-155.0,0.0,0.0,0.0,0.0
269.8,0.0,0.0,0.0,120.0,-155.0,0.0,0.0,0.0,0.0
563.9,0.0,0.0,0.0,120.0,155.0,0.0,0.0,0.0,0.0
577.6,0.0,0.0,0.0,120.0,155.0,0.0,0.0,0.0,0.0
256.9,0.0,0.0,0.0,120.0,-155.0,0.0,0.0,0.0,0.0
271.8,0.0,0.0,0.0,120.0,-155.0,0.0,0.0,0.0,0.0
551.5,0.0,0.0,0.0,120.0,155.0,0.0,0.0,0.0,0.0
552.3,0.0,0.0,0.0,120.0,155.0,0.0,0.0,0.0,0.0
516.9,0.0,0.0,0.0,120.0,155.0,0.0,0.0,0.0,0.0
546.0,0.0,0.0,0.0,120.0,155.0,0.0,0.0,0.0,0.0
528.4,0.0,0.0,0.0,120.0,155.0,0.0,0.0,0.0,0.0
535.2,0.0,0.0,0.0,120.0,155.0,0.0,0.0,0.0,0.0
526.7,0.0,0.0,0.0,120.0,155.0,0.0,0.0,0.0,0.0
533.8,0.0,0.0,0.0,120.0,155.0,0.0,0.0,0.0,0.0
517.5,0.0,0.0,0.0,120.0,155.0,0.0,0.0,0.0,0.0
530.8,0.0,0.0,0.0,120.0,155.0,0.0,0.0,0.0,0.0
528.1,0.0,0.0,0.0,120.0,155.0,0.0,0.0,0.0,0.0
526.8,0.0,0.0,0.0,120.0,155.0,0.0,0.0,0.0,0.0
528.6,0.0,0.0,0.0,120.0,155.0,0.0,0.0,0.0,0.0
529.7,0.0,0.0,0.0,120.0,155.0,0.0,0.0,0.0,0.0
532.6,0.0,0.0,0.0,120.0,155.0,0.0,0.0,0.0,0.0
516.2,0.0,0.0,0.0,120.0,155.0,0.0,0.0,0.0,0.0
660.90526,0.0,142.10526,0.0,153.75,155.0,0.0,0.0,0.0,0.0
836.1,0.0,300.0,0.0,225.0,155.0,0.0,0.0,0.0,0.0
829.9,0.0,300.0,0.0,296.25,155.0,0.0,0.0,0.0,0.0
831.7,0.0,300.0,0.0,367.5,155.0,0.0,0.0,0.0,0.0
822.8,0.0,300.0,0.0,438.75,155.0,0.0,0.0,0.0,0.0
838.7,0.0,300.0,0.0,510.0,155.0,0.0,0.0,0.0,0.0
828.5,0.0,300.0,0.0,581.25,155.0,0.0,0.0,0.0,0.0
827.5,0.0,300.0,0.0,652.5,155.0,0.0,0.0,0.0,0.0
839.3,0.0,300.0,0.0,723.75,155.0,0.0,0.0,0.0,0.0
824.1,0.0,300.0,0.0,795.0,155.0,0.0,0.0,0.0,0.0
834.5,0.0,300.0,0.0,866.25,155.0,0.0,0.0,0.0,0.0
831.1,0.0,300.0,0.0,937.5,155.0,0.0,0.0,0.0,0.0
819.0,0.0,300.0,0.0,1008.75,155.0,0.0,0.0,0.0,0.0
799.8,0.0,300.0,0.0,1080.0,155.0,0.0,0.0,0.0,0.0
209.2,0.0,0.0,0.0,1080.0,-155.0,0.0,0.0,0.0,0.0
183.8,0.0,0.0,0.0,1080.0,-155.0,0.0,0.0,0.0,0.0
180.4,0.0,0.0,0.0,1080.0,-155.0,0.0,0.0,0.0,0.0
160.0,0.0,0.0,0.0,1080.0,-155.0,0.0,0.0,0.0,0.0
175.3,0.0,0.0,0.0,1080.0,-155.0,0.0,0.0,7.0,0.0
170.9,0.0,0.0,0.0,1080.0,-155.0,0.0,0.0,7.0,0.0
161.4,0.0,0.0,0.0,1080.0,-155.0,0.0,0.0,7.0,0.0
168.22521,0.0,0.0,0.0,1080.0,-155.0,0.0,0.0,9.925207799999999,0.0
140.8,0.0,0.0,0.0,1080.0,-155.0,0.0,0.0,7.0,0.0
138.42465,0.0,0.0,0.0,1080.0,-155.0,0.0,0.0,17.124654,0.0
132.2,0.0,0.0,0.0,1080.0,-155.0,0.0,0.0,21.0,0.0
134.4,0.0,0.0,0.0,1080.0,-155.0,0.0,0.0,32.0,0.0
115.42355,0.0,0.0,0.0,1080.0,-155.0,0.0,0.0,30.5235457,0.0
124.6,0.0,0.0,0.0,1080.0,-155.0,0.0,0.0,36.0,0.0
130.5,0.0,0.0,0.0,1080.0,-155.0,0.0,0.0,50.0,0.0
108.3,0.0,0.0,0.0,1080.0,-155.0,0.0,0.0,43.0,0.0
502.3,0.0,0.0,0.0,1080.0,155.0,0.0,0.0,140.0,0.0
510.0,0.0,0.0,0.0,1080.0,155.0,0.0,0.0,140.0,0.0
521.3,0.0,0.0,0.0,1080.0,155.0,0.0,0.0,151.0,0.0
493.9,0.0,0.0,0.0,1080.0,155.0,0.0,0.0,129.0,0.0
481.5,0.0,0.0,0.0,1080.0,155.0,0.0,0.0,151.0,0.0
469.7,0.0,0.0,0.0,1080.0,155.0,0.0,0.0,151.0,0.0
472.7,0.0,0.0,0.0,1080.0,155.0,0.0,0.0,151.0,0.0
463.23158,0.0,0.0,0.0,1080.0,155.0,0.0,0.0,139.6315789,0.0
460.20526,0.0,0.0,0.0,1080.0,155.0,0.0,0.0,132.105263,0.0
451.4,0.0,0.0,0.0,1080.0,155.0,0.0,0.0,129.0,0.0
459.86842,0.0,0.0,0.0,1080.0,155.0,0.0,0.0,126.3684211,0.0
482.37008,0.0,0.0,0.0,1080.0,155.0,0.0,0.0,112.7700831,0.0
524.2964,0.0,0.0,0.0,1080.0,155.0,0.0,0.0,111.2963989,0.0
524.53158,0.0,0.0,0.0,1080.0,155.0,0.0,0.0,86.6315789,0.0
557.1,0.0,0.0,0.0,1080.0,155.0,0.0,0.0,93.0,0.0
554.7,0.0,0.0,0.0,1080.0,155.0,0.0,0.0,82.0,0.0
168.26582,0.0,0.0,0.0,1080.0,-155.0,0.0,0.0,7.90581718,31.54
197.49723,0.0,0.0,0.0,1080.0,-155.0,0.0,0.0,11.9972299,29.8
224.4,0.0,0.0,0.0,1080.0,-155.0,0.0,0.0,7.0,27.0
266.5,0.0,0.0,0.0,1080.0,-155.0,0.0,0.0,14.0,27.0
298.5,0.0,0.0,0.0,1080.0,-155.0,0.0,0.0,14.0,27.0
345.85374,0.0,0.0,0.0,1080.0,-155.0,0.0,0.0,12.6537396,7.0
358.7,0.0,0.0,0.0,1080.0,-155.0,0.0,0.0,0.0,7.0
386.0,0.0,0.0,0.0,1080.0,-155.0,0.0,0.0,7.0,7.0
29.5,0.0,0.0,300.0,1001.0526,-155.0,0.0,0.0,0.0,65.0
72.7,0.0,0.0,300.0,922.10526,-155.0,0.0,0.0,0.0,55.0
36.7,0.0,0.0,300.0,843.15789,-155.0,0.0,0.0,0.0,55.0
60.8,0.0,0.0,300.0,764.21053,-155.0,0.0,0.0,0.0,55.0
66.6,0.0,0.0,300.0,685.26316,-155.0,0.0,0.0,0.0,55.0
78.4,0.0,0.0,300.0,606.31579,-155.0,0.0,0.0,0.0,55.0
83.3,0.0,0.0,300.0,527.36842,-155.0,0.0,0.0,0.0,55.0
86.6,0.0,0.0,300.0,448.42105,-155.0,0.0,0.0,0.0,48.0
91.1,0.0,0.0,300.0,369.47368,-155.0,0.0,0.0,0.0,34.0
386.9,0.0,0.0,0.0,369.47368,-155.0,0.0,0.0,0.0,34.0
378.9,0.0,0.0,0.0,369.47368,-155.0,0.0,0.0,0.0,34.0
59.3,0.0,0.0,300.0,290.52632,-155.0,0.0,0.0,0.0,34.0
338.7,0.0,0.0,0.0,290.52632,-155.0,0.0,0.0,0.0,17.0
27.2,0.0,0.0,300.0,211.57895,-155.0,0.0,0.0,0.0,17.0
287.1,0.0,0.0,48.0,198.94737,-155.0,0.0,0.0,0.0,7.0
10.2,0.0,0.0,300.0,120.0,-155.0,0.0,0.0,0.0,7.0
334.5,0.0,0.0,0.0,120.0,-155.0,0.0,0.0,0.0,0.0
301.1,0.0,0.0,0.0,120.0,-155.0,0.0,0.0,0.0,0.0
309.6,0.0,0.0,0.0,120.0,-155.0,0.0,0.0,0.0,0.0
299.0,0.0,0.0,0.0,120.0,-155.0,0.0,0.0,0.0,0.0
288.9,0.0,0.0,0.0,120.0,-155.0,0.0,0.0,0.0,0.0
589.0,0.0,0.0,0.0,120.0,155.0,0.0,0.0,0.0,0.0
284.7,0.0,0.0,0.0,120.0,-155.0,0.0,0.0,0.0,0.0
590.1,0.0,0.0,0.0,120.0,155.0,0.0,0.0,0.0,0.0
257.2,0.0,0.0,0.0,120.0,-155.0,0.0,0.0,0.0,0.0
583.9,0.0,0.0,0.0,120.0,155.0,0.0,0.0,0.0,0.0
250.8,0.0,0.0,0.0,120.0,-155.0,0.0,0.0,0.0,0.0
558.2,0.0,0.0,0.0,120.0,155.0,0.0,0.0,0.0,0.0
488.3,0.0,0.0,0.0,120.0,155.0,0.0,0.0,0.0,0.0
475.3,0.0,0.0,0.0,120.0,155.0,0.0,0.0,0.0,0.0
493.8,0.0,0.0,0.0,120.0,155.0,0.0,0.0,0.0,0.0
498.3,0.0,0.0,0.0,120.0,155.0,0.0,0.0,0.0,0.0
497.6,0.0,0.0,0.0,120.0,155.0,0.0,0.0,0.0,0.0
488.7,0.0,0.0,0.0,120.0,155.0,0.0,0.0,0.0,0.0
490.3,0.0,0.0,0.0,120.0,155.0,0.0,0.0,0.0,0.0
484.7,0.0,0.0,0.0,120.0,155.0,0.0,0.0,0.0,0.0
488.5,0.0,0.0,0.0,120.0,155.0,0.0,0.0,0.0,0.0
508.5,0.0,0.0,0.0,120.0,155.0,0.0,0.0,0.0,0.0
495.7,0.0,0.0,0.0,120.0,155.0,0.0,0.0,0.0,0.0
488.9,0.0,0.0,0.0,120.0,155.0,0.0,0.0,0.0,0.0
488.7,0.0,0.0,0.0,120.0,155.0,0.0,0.0,0.0,0.0
489.5,0.0,0.0,0.0,120.0,155.0,0.0,0.0,0.0,0.0
491.1,0.0,0.0,0.0,120.0,155.0,0.0,0.0,0.0,0.0
483.9,0.0,0.0,0.0,120.0,155.0,0.0,0.0,0.0,0.0
497.2,0.0,0.0,0.0,120.0,155.0,0.0,0.0,0.0,0.0
498.0,0.0,0.0,0.0,120.0,155.0,0.0,0.0,0.0,0.0
797.8,0.0,300.0,0.0,191.25,155.0,0.0,0.0,0.0,0.0
783.4,0.0,300.0,0.0,262.5,155.0,0.0,0.0,0.0,0.0
784.5,0.0,300.0,0.0,333.75,155.0,0.0,0.0,0.0,0.0
788.4,0.0,300.0,0.0,405.0,155.0,0.0,0.0,0.0,0.0
783.5,0.0,300.0,0.0,476.25,155.0,0.0,0.0,0.0,0.0
781.1,0.0,300.0,0.0,547.5,155.0,0.0,0.0,0.0,0.0
760.0,0.0,300.0,0.0,618.75,155.0,0.0,0.0,0.0,0.0
758.0,0.0,300.0,0.0,690.0,155.0,0.0,0.0,0.0,0.0
589.80526,0.0,142.10526,0.0,723.75,155.0,0.0,0.0,0.0,0.0
719.0,0.0,300.0,0.0,795.0,155.0,0.0,0.0,0.0,0.0
729.5,0.0,300.0,0.0,866.25,155.0,0.0,0.0,0.0,0.0
691.7,0.0,300.0,0.0,937.5,155.0,0.0,0.0,0.0,0.0
676.7,0.0,300.0,0.0,1008.75,155.0,0.0,0.0,0.0,0.0
669.5,0.0,300.0,0.0,1080.0,155.0,0.0,0.0,0.0,0.0
0.0,0.0,0.0,89.0,1056.5789,-155.0,0.0,0.0,0.0,0.0
0.0,0.0,0.0,61.9,1040.2895,-155.0,0.0,0.0,0.0,0.0
214.91053,0.0,0.0,0.0,1040.2895,-5.1894737,0.0,0.0,0.0,0.0
52.8,0.0,0.0,0.0,1040.2895,-155.0,0.0,0.0,0.0,0.0
22.9,0.0,0.0,0.0,1040.2895,-155.0,0.0,0.0,0.0,0.0
42.9,0.0,0.0,0.0,1040.2895,-155.0,0.0,0.0,0.0,0.0
12.6,0.0,0.0,0.0,1040.2895,-155.0,0.0,0.0,0.0,0.0
11.3,0.0,0.0,0.0,1040.2895,-155.0,0.0,0.0,0.0,0.0
290.7,0.0,0.0,0.0,1040.2895,155.0,0.0,0.0,0.0,0.0
0.0,0.0,0.0,0.0,1040.2895,-142.9,0.0,0.0,14.0,0.0
0.0,0.0,0.0,0.0,1040.2895,-152.0,0.0,0.0,14.0,0.0
0.0,0.0,0.0,0.0,1040.2895,-141.8,0.0,0.0,14.0,0.0
0.0,0.0,0.0,0.0,1040.2895,-127.2,0.0,0.0,14.0,0.0
0.0,0.0,0.0,0.0,1040.2895,-128.0,0.0,0.0,14.0,0.0
0.0,0.0,0.0,0.0,1040.2895,-123.61053,0.0,0.0,8.2105263,0.0
268.2,0.0,0.0,0.0,1040.2895,155.0,0.0,0.0,0.0,0.0
0.0,0.0,0.0,0.0,1040.2895,-135.7,0.0,0.0,21.0,0.0
0.0,0.0,0.0,0.0,1040.2895,-128.9,0.0,0.0,28.0,0.0
0.0,0.0,0.0,0.0,1040.2895,-154.7,0.0,0.0,21.0,0.0
0.0,0.0,0.0,289.98421,963.97784,155.0,0.0,0.0,6.6842105499999995,0.0
2.1,0.0,0.0,0.0,963.97784,-155.0,0.0,0.0,14.0,0.0
11.1,0.0,0.0,0.0,963.97784,-155.0,0.0,0.0,21.0,0.0
8.4,0.0,0.0,0.0,963.97784,-155.0,0.0,0.0,14.0,0.0
25.6,0.0,0.0,0.0,963.97784,-155.0,0.0,0.0,14.0,0.0
36.9,0.0,0.0,0.0,963.97784,-155.0,0.0,0.0,21.0,0.0
38.5,0.0,0.0,0.0,963.97784,-155.0,0.0,0.0,7.0,0.0
55.2,0.0,0.0,0.0,963.97784,-155.0,0.0,0.0,14.0,0.0
75.8,0.0,0.0,0.0,963.97784,-155.0,0.0,0.0,7.0,0.0
96.1,0.0,0.0,0.0,963.97784,-155.0,0.0,0.0,14.0,0.0
0.0,0.0,0.0,96.1,938.68837,-155.0,0.0,0.0,7.0,0.0
125.3,0.0,0.0,0.0,938.68837,-155.0,0.0,0.0,7.0,0.0
138.5,0.0,0.0,0.0,938.68837,-155.0,0.0,0.0,7.0,0.0
153.0,0.0,0.0,0.0,938.68837,-155.0,0.0,0.0,0.0,0.0
166.7,0.0,0.0,0.0,938.68837,-155.0,0.0,0.0,0.0,0.0
174.1,0.0,0.0,0.0,938.68837,-155.0,0.0,0.0,0.0,0.0
195.5,0.0,0.0,0.0,938.68837,-155.0,0.0,0.0,0.0,0.0
204.1,0.0,0.0,0.0,938.68837,-155.0,0.0,0.0,0.0,0.0
219.5,0.0,0.0,0.0,938.68837,-155.0,0.0,0.0,0.0,0.0
183.78421,0.0,0.0,56.515789,923.81579,-155.0,0.0,0.0,0.0,0.0
256.7,0.0,0.0,0.0,923.81579,-155.0,0.0,0.0,0.0,0.0
0.0,0.0,0.0,232.3,862.68421,-155.0,0.0,0.0,0.0,0.0
0.0,0.0,0.0,250.6,796.73684,-155.0,0.0,0.0,0.0,0.0
0.0,0.0,0.0,269.9,725.71053,-155.0,0.0,0.0,0.0,0.0
0.0,0.0,0.0,269.6,654.76316,-155.0,0.0,0.0,0.0,0.0
0.0,0.0,0.0,282.1,580.52632,-155.0,0.0,0.0,0.0,0.0
0.0,0.0,0.0,265.0,510.78947,-155.0,0.0,0.0,0.0,0.0
0.0,0.0,0.0,255.9,443.44737,-155.0,0.0,0.0,0.0,0.0
0.0,0.0,0.0,253.7,376.68421,-155.0,0.0,0.0,0.0,0.0
0.0,0.0,0.0,259.8,308.31579,-155.0,0.0,0.0,0.0,0.0
0.0,0.0,0.0,243.7,244.18421,-155.0,0.0,0.0,0.0,0.0
0.0,0.0,0.0,247.4,179.07895,-155.0,0.0,0.0,0.0,0.0
0.0,0.0,0.0,224.5,120.0,-155.0,0.0,0.0,0.0,0.0
515.0,0.0,0.0,0.0,120.0,155.0,0.0,0.0,0.0,0.0
528.3,0.0,0.0,0.0,120.0,155.0,0.0,0.0,0.0,0.0
517.7,0.0,0.0,0.0,120.0,155.0,0.0,0.0,0.0,0.0
513.0,0.0,0.0,0.0,120.0,155.0,0.0,0.0,0.0,0.0
485.2,0.0,0.0,0.0,120.0,155.0,0.0,0.0,0.0,0.0
495.0,0.0,0.0,0.0,120.0,155.0,0.0,0.0,0.0,0.0
483.4,0.0,0.0,0.0,120.0,155.0,0.0,0.0,0.0,0.0
489.0,0.0,0.0,0.0,120.0,155.0,0.0,0.0,0.0,0.0
497.5,0.0,0.0,0.0,120.0,155.0,0.0,0.0,0.0,0.0
473.5,0.0,0.0,0.0,120.0,155.0,0.0,0.0,0.0,0.0
482.7,0.0,0.0,0.0,120.0,155.0,0.0,0.0,0.0,0.0
473.0,0.0,0.0,0.0,120.0,155.0,0.0,0.0,0.0,0.0
505.2,0.0,0.0,0.0,120.0,155.0,0.0,0.0,0.0,0.0
497.3,0.0,0.0,0.0,120.0,155.0,0.0,0.0,0.0,0.0
496.6,0.0,0.0,0.0,120.0,155.0,0.0,0.0,0.0,0.0
481.4,0.0,0.0,0.0,120.0,155.0,0.0,0.0,0.0,0.0
500.4,0.0,0.0,0.0,120.0,155.0,0.0,0.0,0.0,0.0
486.1,0.0,0.0,0.0,120.0,155.0,0.0,0.0,0.0,0.0
491.7,0.0,0.0,0.0,120.0,155.0,0.0,0.0,0.0,0.0
494.7,0.0,0.0,0.0,120.0,155.0,0.0,0.0,0.0,0.0
488.3,0.0,0.0,0.0,120.0,155.0,0.0,0.0,0.0,0.0
492.6,0.0,0.0,0.0,120.0,155.0,0.0,0.0,0.0,0.0
489.4,0.0,0.0,0.0,120.0,155.0,0.0,0.0,0.0,0.0
495.6,0.0,0.0,0.0,120.0,155.0,0.0,0.0,0.0,0.0
491.4,0.0,0.0,0.0,120.0,155.0,0.0,0.0,0.0,0.0
482.9,0.0,0.0,0.0,120.0,155.0,0.0,0.0,0.0,0.0
480.3,0.0,0.0,0.0,120.0,155.0,0.0,0.0,0.0,0.0
488.3,0.0,0.0,0.0,120.0,155.0,0.0,0.0,0.0,0.0
492.5,0.0,0.0,0.0,120.0,155.0,0.0,0.0,0.0,0.0
501.9,0.0,0.0,0.0,120.0,155.0,0.0,0.0,0.0,0.0
625.50526,0.0,142.10526,0.0,153.75,155.0,0.0,0.0,0.0,0.0
787.7,0.0,300.0,0.0,225.0,155.0,0.0,0.0,0.0,0.0
783.0,0.0,300.0,0.0,296.25,155.0,0.0,0.0,0.0,0.0
782.1,0.0,300.0,0.0,367.5,155.0,0.0,0.0,0.0,0.0
782.6,0.0,300.0,0.0,438.75,155.0,0.0,0.0,0.0,0.0
779.1,0.0,300.0,0.0,510.0,155.0,0.0,0.0,0.0,0.0
766.6,0.0,300.0,0.0,581.25,155.0,0.0,0.0,0.0,0.0
756.6,0.0,300.0,0.0,652.5,155.0,0.0,0.0,0.0,0.0
742.8,0.0,300.0,0.0,723.75,155.0,0.0,0.0,0.0,0.0
722.3,0.0,300.0,0.0,795.0,155.0,0.0,0.0,0.0,0.0
713.3,0.0,300.0,0.0,866.25,155.0,0.0,0.0,0.0,0.0
703.3,0.0,300.0,0.0,937.5,155.0,0.0,0.0,0.0,0.0
685.2,0.0,300.0,0.0,1008.75,155.0,0.0,0.0,0.0,0.0
671.6,0.0,300.0,0.0,1080.0,155.0,0.0,0.0,0.0,0.0
93.6,0.0,0.0,300.0,1001.0526,148.5,0.0,0.0,0.0,0.0
84.6,0.0,0.0,300.0,922.10526,155.0,0.0,0.0,0.0,0.0
74.2,0.0,0.0,0.0,922.10526,-155.0,0.0,0.0,0.0,0.0
365.9,0.0,0.0,0.0,922.10526,155.0,0.0,0.0,0.0,0.0
32.7,0.0,0.0,0.0,922.10526,-155.0,0.0,0.0,0.0,0.0
350.2,0.0,0.0,0.0,922.10526,155.0,0.0,0.0,0.0,0.0
29.2,0.0,0.0,0.0,922.10526,-155.0,0.0,0.0,0.0,0.0
20.3,0.0,0.0,0.0,922.10526,-155.0,0.0,0.0,0.0,0.0
0.0,0.0,0.0,8.2,919.94737,-155.0,0.0,0.0,0.0,0.0
0.0,0.0,0.0,18.6,915.05263,-155.0,0.0,0.0,7.0,0.0
0.0,0.0,0.0,0.0,915.05263,-148.5,0.0,0.0,7.0,0.0
0.2,0.0,0.0,0.0,915.05263,-155.0,0.0,0.0,14.0,0.0
8.2,0.0,0.0,0.0,915.05263,-155.0,0.0,0.0,14.0,0.0
0.0,0.0,0.0,0.0,915.05263,-155.0,0.0,0.0,21.4,0.0
0.0,0.0,0.0,0.0,915.05263,-155.0,0.0,0.0,32.0000002,0.0
6.9,0.0,0.0,0.0,915.05263,-155.0,0.0,0.0,29.0,0.0
11.0,0.0,0.0,0.0,915.05263,-155.0,0.0,0.0,29.0,0.0
13.1,0.0,0.0,0.0,915.05263,-155.0,0.0,0.0,29.0,0.0
37.3,0.0,0.0,0.0,915.05263,-155.0,0.0,0.0,40.0,0.0
25.2,0.0,0.0,0.0,915.05263,-155.0,0.0,0.0,40.0,0.0
39.0,0.0,0.0,0.0,915.05263,-155.0,0.0,0.0,40.0,0.0
7.5789474,0.0,0.0,0.0,915.05263,-155.0,0.0,0.0,14.178947299999999,0.0
61.1,0.0,0.0,0.0,915.05263,-155.0,0.0,0.0,33.0,0.0
55.9,0.0,0.0,0.0,915.05263,-155.0,0.0,0.0,22.0,0.0
60.2,0.0,0.0,0.0,915.05263,-155.0,0.0,0.0,22.0,0.0
76.5,0.0,0.0,0.0,915.05263,-155.0,0.0,0.0,33.0,0.0
84.4,0.0,0.0,0.0,915.05263,-155.0,0.0,0.0,22.0,0.0
86.8,0.0,0.0,0.0,915.05263,-155.0,0.0,0.0,21.0,0.0
113.4,0.0,0.0,0.0,915.05263,-155.0,0.0,0.0,22.0,0.0
103.4,0.0,0.0,0.0,915.05263,-155.0,0.0,0.0,0.0,0.0
137.1,0.0,0.0,0.0,915.05263,-155.0,0.0,0.0,11.0,0.0
132.2,0.0,0.0,0.0,915.05263,-155.0,0.0,0.0,0.0,0.0
146.3,0.0,0.0,0.0,915.05263,-155.0,0.0,0.0,0.0,0.0
173.1,0.0,0.0,0.0,915.05263,-155.0,0.0,0.0,11.0,0.0
184.2,0.0,0.0,0.0,915.05263,-155.0,0.0,0.0,0.0,0.0
211.1,0.0,0.0,0.0,915.05263,-155.0,0.0,0.0,0.0,0.0
230.4,0.0,0.0,0.0,915.05263,-155.0,0.0,0.0,11.0,0.0
224.5,0.0,0.0,0.0,915.05263,-155.0,0.0,0.0,0.0,0.0
237.4,0.0,0.0,0.0,915.05263,-155.0,0.0,0.0,11.0,0.0
206.0,0.0,0.0,41.2,904.21053,-155.0,0.0,0.0,0.0,0.0
0.0,0.0,0.0,229.9,843.71053,-155.0,0.0,0.0,0.0,0.0
0.0,0.0,0.0,247.5,778.57895,-155.0,0.0,0.0,0.0,0.0
0.0,0.0,0.0,243.5,714.5,-155.0,0.0,0.0,0.0,0.0
0.0,0.0,0.0,249.1,648.94737,-155.0,0.0,0.0,0.0,0.0
0.0,0.0,0.0,272.6,577.21053,-155.0,0.0,0.0,0.0,0.0
0.0,0.0,0.0,263.5,507.86842,-155.0,0.0,0.0,0.0,0.0
0.0,0.0,0.0,258.3,439.89474,-155.0,0.0,0.0,0.0,0.0
0.0,0.0,0.0,258.5,371.86842,-155.0,0.0,0.0,0.0,0.0
0.0,0.0,0.0,249.8,306.13158,-155.0,0.0,0.0,0.0,0.0
0.0,0.0,0.0,236.4,243.92105,-155.0,0.0,0.0,0.0,0.0
0.0,0.0,0.0,244.9,179.47368,-155.0,0.0,0.0,0.0,0.0
0.0,0.0,0.0,226.0,120.0,-155.0,0.0,0.0,0.0,0.0
516.0,0.0,0.0,0.0,120.0,155.0,0.0,0.0,0.0,0.0
500.1,0.0,0.0,0.0,120.0,155.0,0.0,0.0,0.0,0.0
513.0,0.0,0.0,0.0,120.0,155.0,0.0,0.0,0.0,0.0
510.7,0.0,0.0,0.0,120.0,155.0,0.0,0.0,0.0,0.0
489.2,0.0,0.0,0.0,120.0,155.0,0.0,0.0,0.0,0.0
475.8,0.0,0.0,0.0,120.0,155.0,0.0,0.0,0.0,0.0
476.5,0.0,0.0,0.0,120.0,155.0,0.0,0.0,0.0,0.0
479.4,0.0,0.0,0.0,120.0,155.0,0.0,0.0,0.0,0.0
464.1,0.0,0.0,0.0,120.0,155.0,0.0,0.0,0.0,0.0
469.7,0.0,0.0,0.0,120.0,155.0,0.0,0.0,0.0,0.0
474.9,0.0,0.0,0.0,120.0,155.0,0.0,0.0,0.0,0.0
474.0,0.0,0.0,0.0,120.0,155.0,0.0,0.0,0.0,0.0
