timestamp,online_count,p_ev_ch_max_kw,p_ev_dis_max_kw,e_ev_init_inflow_kwh,e_ev_req_outflow_kwh
2025-07-14 00:00:00,0,0.0,0.0,0.0,0.0
2025-07-14 00:15:00,0,0.0,0.0,0.0,0.0
2025-07-14 00:30:00,0,0.0,0.0,0.0,0.0
2025-07-14 00:45:00,0,0.0,0.0,0.0,0.0
2025-07-14 01:00:00,0,0.0,0.0,0.0,0.0
2025-07-14 01:15:00,0,0.0,0.0,0.0,0.0
2025-07-14 01:30:00,0,0.0,0.0,0.0,0.0
2025-07-14 01:45:00,0,0.0,0.0,0.0,0.0
2025-07-14 02:00:00,0,0.0,0.0,0.0,0.0
2025-07-14 02:15:00,0,0.0,0.0,0.0,0.0
2025-07-14 02:30:00,0,0.0,0.0,0.0,0.0
2025-07-14 02:45:00,0,0.0,0.0,0.0,0.0
2025-07-14 03:00:00,0,0.0,0.0,0.0,0.0
2025-07-14 03:15:00,0,0.0,0.0,0.0,0.0
2025-07-14 03:30:00,0,0.0,0.0,0.0,0.0
2025-07-14 03:45:00,0,0.0,0.0,0.0,0.0
2025-07-14 04:00:00,0,0.0,0.0,0.0,0.0
2025-07-14 04:15:00,0,0.0,0.0,0.0,0.0
2025-07-14 04:30:00,0,0.0,0.0,0.0,0.0
2025-07-14 04:45:00,0,0.0,0.0,0.0,0.0
2025-07-14 05:00:00,0,0.0,0.0,0.0,0.0
2025-07-14 05:15:00,0,0.0,0.0,0.0,0.0
2025-07-14 05:30:00,0,0.0,0.0,0.0,0.0
2025-07-14 05:45:00,0,0.0,0.0,0.0,0.0
2025-07-14 06:00:00,0,0.0,0.0,0.0,0.0
2025-07-14 06:15:00,0,0.0,0.0,0.0,0.0
2025-07-14 06:30:00,0,0.0,0.0,0.0,0.0
2025-07-14 06:45:00,2,14.0,14.0,87.1,0.0
2025-07-14 07:00:00,2,14.0,14.0,0.0,0.0
2025-07-14 07:15:00,2,14.0,14.0,0.0,0.0
2025-07-14 07:30:00,3,21.0,21.0,26.4,0.0
2025-07-14 07:45:00,4,28.0,28.0,17.4,0.0
2025-07-14 08:00:00,5,35.0,35.0,24.4,0.0
2025-07-14 08:15:00,8,64.0,55.0,103.5,0.0
2025-07-14 08:30:00,11,89.0,72.0,118.5,0.0
2025-07-14 08:45:00,12,100.0,82.0,14.0,0.0
2025-07-14 09:00:00,13,111.0,82.0,19.4,0.0
2025-07-14 09:15:00,13,111.0,82.0,0.0,0.0
2025-07-14 09:30:00,16,140.0,99.0,63.5,0.0
2025-07-14 09:45:00,16,140.0,99.0,0.0,0.0
2025-07-14 10:00:00,16,140.0,99.0,0.0,0.0
2025-07-14 10:15:00,17,151.0,109.0,29.9,0.0
2025-07-14 10:30:00,18,162.0,119.0,46.7,0.0
2025-07-14 10:45:00,19,169.0,126.0,26.9,0.0
2025-07-14 11:00:00,19,169.0,126.0,0.0,0.0
2025-07-14 11:15:00,19,169.0,126.0,0.0,0.0
2025-07-14 11:30:00,20,176.0,133.0,31.1,0.0
2025-07-14 11:45:00,20,176.0,133.0,0.0,0.0
2025-07-14 12:00:00,20,176.0,133.0,0.0,0.0
2025-07-14 12:15:00,20,176.0,133.0,0.0,0.0
2025-07-14 12:30:00,20,176.0,133.0,0.0,0.0
2025-07-14 12:45:00,20,176.0,133.0,0.0,0.0
2025-07-14 13:00:00,20,176.0,133.0,0.0,0.0
2025-07-14 13:15:00,20,176.0,133.0,0.0,0.0
2025-07-14 13:30:00,20,176.0,133.0,0.0,0.0
2025-07-14 13:45:00,20,176.0,133.0,0.0,0.0
2025-07-14 14:00:00,20,176.0,133.0,0.0,0.0
2025-07-14 14:15:00,19,165.0,123.0,0.0,48.0
2025-07-14 14:30:00,19,165.0,123.0,0.0,0.0
2025-07-14 14:45:00,19,165.0,123.0,0.0,0.0
2025-07-14 15:00:00,19,165.0,123.0,0.0,0.0
2025-07-14 15:15:00,18,158.0,116.0,0.0,47.0
2025-07-14 15:30:00,17,151.0,109.0,0.0,33.7
2025-07-14 15:45:00,16,144.0,109.0,0.0,70.5
2025-07-14 16:00:00,16,144.0,109.0,0.0,0.0
2025-07-14 16:15:00,15,137.0,102.0,0.0,56.4
2025-07-14 16:30:00,15,137.0,102.0,0.0,0.0
2025-07-14 16:45:00,14,126.0,92.0,0.0,64.3
2025-07-14 17:00:00,14,126.0,92.0,0.0,0.0
2025-07-14 17:15:00,14,126.0,92.0,0.0,0.0
2025-07-14 17:30:00,12,108.0,85.0,0.0,108.1
2025-07-14 17:45:00,12,108.0,85.0,0.0,0.0
2025-07-14 18:00:00,9,83.0,68.0,0.0,151.4
2025-07-14 18:15:00,8,76.0,61.0,0.0,43.5
2025-07-14 18:30:00,6,58.0,44.0,0.0,90.4
2025-07-14 18:45:00,4,36.0,34.0,0.0,93.2
2025-07-14 19:00:00,3,25.0,24.0,0.0,63.3
2025-07-14 19:15:00,3,25.0,24.0,0.0,0.0
2025-07-14 19:30:00,2,18.0,17.0,0.0,46.0
2025-07-14 19:45:00,1,11.0,10.0,0.0,46.5
2025-07-14 20:00:00,1,11.0,10.0,0.0,0.0
2025-07-14 20:15:00,1,11.0,10.0,0.0,0.0
2025-07-14 20:30:00,1,11.0,10.0,0.0,0.0
2025-07-14 20:45:00,1,11.0,10.0,0.0,0.0
2025-07-14 21:00:00,0,0.0,0.0,0.0,54.4
2025-07-14 21:15:00,0,0.0,0.0,0.0,0.0
2025-07-14 21:30:00,0,0.0,0.0,0.0,0.0
2025-07-14 21:45:00,0,0.0,0.0,0.0,0.0
2025-07-14 22:00:00,0,0.0,0.0,0.0,0.0
2025-07-14 22:15:00,0,0.0,0.0,0.0,0.0
2025-07-14 22:30:00,0,0.0,0.0,0.0,0.0
2025-07-14 22:45:00,0,0.0,0.0,0.0,0.0
2025-07-14 23:00:00,0,0.0,0.0,0.0,0.0
2025-07-14 23:15:00,0,0.0,0.0,0.0,0.0
2025-07-14 23:30:00,0,0.0,0.0,0.0,0.0
2025-07-14 23:45:00,0,0.0,0.0,0.0,0.0
2025-07-15 00:00:00,0,0.0,0.0,0.0,0.0
2025-07-15 00:15:00,0,0.0,0.0,0.0,0.0
2025-07-15 00:30:00,0,0.0,0.0,0.0,0.0
2025-07-15 00:45:00,0,0.0,0.0,0.0,0.0
2025-07-15 01:00:00,0,0.0,0.0,0.0,0.0
2025-07-15 01:15:00,0,0.0,0.0,0.0,0.0
2025-07-15 01:30:00,0,0.0,0.0,0.0,0.0
2025-07-15 01:45:00,0,0.0,0.0,0.0,0.0
2025-07-15 02:00:00,0,0.0,0.0,0.0,0.0
2025-07-15 02:15:00,0,0.0,0.0,0.0,0.0
2025-07-15 02:30:00,0,0.0,0.0,0.0,0.0
2025-07-15 02:45:00,0,0.0,0.0,0.0,0.0
2025-07-15 03:00:00,0,0.0,0.0,0.0,0.0
2025-07-15 03:15:00,0,0.0,0.0,0.0,0.0
2025-07-15 03:30:00,0,0.0,0.0,0.0,0.0
2025-07-15 03:45:00,0,0.0,0.0,0.0,0.0
2025-07-15 04:00:00,0,0.0,0.0,0.0,0.0
2025-07-15 04:15:00,0,0.0,0.0,0.0,0.0
2025-07-15 04:30:00,0,0.0,0.0,0.0,0.0
2025-07-15 04:45:00,0,0.0,0.0,0.0,0.0
2025-07-15 05:00:00,0,0.0,0.0,0.0,0.0
2025-07-15 05:15:00,0,0.0,0.0,0.0,0.0
2025-07-15 05:30:00,0,0.0,0.0,0.0,0.0
2025-07-15 05:45:00,0,0.0,0.0,0.0,0.0
2025-07-15 06:00:00,0,0.0,0.0,0.0,0.0
2025-07-15 06:15:00,0,0.0,0.0,0.0,0.0
2025-07-15 06:30:00,0,0.0,0.0,0.0,0.0
2025-07-15 06:45:00,0,0.0,0.0,0.0,0.0
2025-07-15 07:00:00,0,0.0,0.0,0.0,0.0
2025-07-15 07:15:00,0,0.0,0.0,0.0,0.0
2025-07-15 07:30:00,3,29.0,17.0,74.0,0.0
2025-07-15 07:45:00,4,40.0,27.0,17.9,0.0
2025-07-15 08:00:00,7,61.0,34.0,92.2,0.0
2025-07-15 08:15:00,7,61.0,34.0,0.0,0.0
2025-07-15 08:30:00,9,79.0,44.0,52.599999999999994,0.0
2025-07-15 08:45:00,11,97.0,61.0,62.8,0.0
2025-07-15 09:00:00,11,97.0,61.0,0.0,0.0
2025-07-15 09:15:00,13,119.0,71.0,72.6,0.0
2025-07-15 09:30:00,14,126.0,71.0,29.7,0.0
2025-07-15 09:45:00,15,133.0,71.0,29.5,0.0
2025-07-15 10:00:00,16,140.0,71.0,41.0,0.0
2025-07-15 10:15:00,16,140.0,71.0,0.0,0.0
2025-07-15 10:30:00,16,140.0,71.0,0.0,0.0
2025-07-15 10:45:00,16,140.0,71.0,0.0,0.0
2025-07-15 11:00:00,16,140.0,71.0,0.0,0.0
2025-07-15 11:15:00,16,140.0,71.0,0.0,0.0
2025-07-15 11:30:00,16,140.0,71.0,0.0,0.0
2025-07-15 11:45:00,16,140.0,71.0,0.0,0.0
2025-07-15 12:00:00,16,140.0,71.0,0.0,0.0
2025-07-15 12:15:00,16,140.0,71.0,0.0,0.0
2025-07-15 12:30:00,16,140.0,71.0,0.0,0.0
2025-07-15 12:45:00,16,140.0,71.0,0.0,0.0
2025-07-15 13:00:00,16,140.0,71.0,0.0,0.0
2025-07-15 13:15:00,16,140.0,71.0,0.0,0.0
2025-07-15 13:30:00,15,133.0,71.0,0.0,44.0
2025-07-15 13:45:00,14,122.0,61.0,0.0,46.5
2025-07-15 14:00:00,14,122.0,61.0,0.0,0.0
2025-07-15 14:15:00,13,115.0,54.0,0.0,47.0
2025-07-15 14:30:00,13,115.0,54.0,0.0,0.0
2025-07-15 14:45:00,13,115.0,54.0,0.0,0.0
2025-07-15 15:00:00,13,115.0,54.0,0.0,0.0
2025-07-15 15:15:00,13,115.0,54.0,0.0,0.0
2025-07-15 15:30:00,13,115.0,54.0,0.0,0.0
2025-07-15 15:45:00,13,115.0,54.0,0.0,0.0
2025-07-15 16:00:00,12,108.0,47.0,0.0,54.9
2025-07-15 16:15:00,11,101.0,40.0,0.0,37.7
2025-07-15 16:30:00,11,101.0,40.0,0.0,0.0
2025-07-15 16:45:00,11,101.0,40.0,0.0,0.0
2025-07-15 17:00:00,10,90.0,40.0,0.0,37.1
2025-07-15 17:15:00,9,83.0,40.0,0.0,47.0
2025-07-15 17:30:00,9,83.0,40.0,0.0,0.0
2025-07-15 17:45:00,9,83.0,40.0,0.0,0.0
2025-07-15 18:00:00,8,72.0,30.0,0.0,53.0
2025-07-15 18:15:00,6,54.0,20.0,0.0,81.6
2025-07-15 18:30:00,5,43.0,20.0,0.0,47.0
2025-07-15 18:45:00,4,36.0,20.0,0.0,37.1
2025-07-15 19:00:00,3,25.0,10.0,0.0,57.5
2025-07-15 19:15:00,3,25.0,10.0,0.0,0.0
2025-07-15 19:30:00,3,25.0,10.0,0.0,0.0
2025-07-15 19:45:00,1,7.0,0.0,0.0,82.1
2025-07-15 20:00:00,1,7.0,0.0,0.0,0.0
2025-07-15 20:15:00,0,0.0,0.0,0.0,56.4
2025-07-15 20:30:00,0,0.0,0.0,0.0,0.0
2025-07-15 20:45:00,0,0.0,0.0,0.0,0.0
2025-07-15 21:00:00,0,0.0,0.0,0.0,0.0
2025-07-15 21:15:00,0,0.0,0.0,0.0,0.0
2025-07-15 21:30:00,0,0.0,0.0,0.0,0.0
2025-07-15 21:45:00,0,0.0,0.0,0.0,0.0
2025-07-15 22:00:00,0,0.0,0.0,0.0,0.0
2025-07-15 22:15:00,0,0.0,0.0,0.0,0.0
2025-07-15 22:30:00,0,0.0,0.0,0.0,0.0
2025-07-15 22:45:00,0,0.0,0.0,0.0,0.0
2025-07-15 23:00:00,0,0.0,0.0,0.0,0.0
2025-07-15 23:15:00,0,0.0,0.0,0.0,0.0
2025-07-15 23:30:00,0,0.0,0.0,0.0,0.0
2025-07-15 23:45:00,0,0.0,0.0,0.0,0.0
2025-07-16 00:00:00,0,0.0,0.0,0.0,0.0
2025-07-16 00:15:00,0,0.0,0.0,0.0,0.0
2025-07-16 00:30:00,0,0.0,0.0,0.0,0.0
2025-07-16 00:45:00,0,0.0,0.0,0.0,0.0
2025-07-16 01:00:00,0,0.0,0.0,0.0,0.0
2025-07-16 01:15:00,0,0.0,0.0,0.0,0.0
2025-07-16 01:30:00,0,0.0,0.0,0.0,0.0
2025-07-16 01:45:00,0,0.0,0.0,0.0,0.0
2025-07-16 02:00:00,0,0.0,0.0,0.0,0.0
2025-07-16 02:15:00,0,0.0,0.0,0.0,0.0
2025-07-16 02:30:00,0,0.0,0.0,0.0,0.0
2025-07-16 02:45:00,0,0.0,0.0,0.0,0.0
2025-07-16 03:00:00,0,0.0,0.0,0.0,0.0
2025-07-16 03:15:00,0,0.0,0.0,0.0,0.0
2025-07-16 03:30:00,0,0.0,0.0,0.0,0.0
2025-07-16 03:45:00,0,0.0,0.0,0.0,0.0
2025-07-16 04:00:00,0,0.0,0.0,0.0,0.0
2025-07-16 04:15:00,0,0.0,0.0,0.0,0.0
2025-07-16 04:30:00,0,0.0,0.0,0.0,0.0
2025-07-16 04:45:00,0,0.0,0.0,0.0,0.0
2025-07-16 05:00:00,0,0.0,0.0,0.0,0.0
2025-07-16 05:15:00,0,0.0,0.0,0.0,0.0
2025-07-16 05:30:00,0,0.0,0.0,0.0,0.0
2025-07-16 05:45:00,0,0.0,0.0,0.0,0.0
2025-07-16 06:00:00,0,0.0,0.0,0.0,0.0
2025-07-16 06:15:00,0,0.0,0.0,0.0,0.0
2025-07-16 06:30:00,0,0.0,0.0,0.0,0.0
2025-07-16 06:45:00,2,18.0,17.0,90.19999999999999,0.0
2025-07-16 07:00:00,2,18.0,17.0,0.0,0.0
2025-07-16 07:15:00,3,25.0,24.0,19.7,0.0
2025-07-16 07:30:00,4,32.0,24.0,39.4,0.0
2025-07-16 07:45:00,4,32.0,24.0,0.0,0.0
2025-07-16 08:00:00,6,46.0,38.0,74.4,0.0
2025-07-16 08:15:00,9,71.0,45.0,98.3,0.0
2025-07-16 08:30:00,10,82.0,55.0,9.5,0.0
2025-07-16 08:45:00,10,82.0,55.0,0.0,0.0
2025-07-16 09:00:00,11,89.0,62.0,24.5,0.0
2025-07-16 09:15:00,14,110.0,83.0,103.3,0.0
2025-07-16 09:30:00,15,117.0,83.0,42.1,0.0
2025-07-16 09:45:00,15,117.0,83.0,0.0,0.0
2025-07-16 10:00:00,15,117.0,83.0,0.0,0.0
2025-07-16 10:15:00,16,128.0,83.0,23.5,0.0
2025-07-16 10:30:00,16,128.0,83.0,0.0,0.0
2025-07-16 10:45:00,16,128.0,83.0,0.0,0.0
2025-07-16 11:00:00,16,128.0,83.0,0.0,0.0
2025-07-16 11:15:00,16,128.0,83.0,0.0,0.0
2025-07-16 11:30:00,16,128.0,83.0,0.0,0.0
2025-07-16 11:45:00,16,128.0,83.0,0.0,0.0
2025-07-16 12:00:00,16,128.0,83.0,0.0,0.0
2025-07-16 12:15:00,15,121.0,76.0,0.0,43.2
2025-07-16 12:30:00,15,121.0,76.0,0.0,0.0
2025-07-16 12:45:00,15,121.0,76.0,0.0,0.0
2025-07-16 13:00:00,15,121.0,76.0,0.0,0.0
2025-07-16 13:15:00,15,121.0,76.0,0.0,0.0
2025-07-16 13:30:00,15,121.0,76.0,0.0,0.0
2025-07-16 13:45:00,15,121.0,76.0,0.0,0.0
2025-07-16 14:00:00,15,121.0,76.0,0.0,0.0
2025-07-16 14:15:00,15,121.0,76.0,0.0,0.0
2025-07-16 14:30:00,15,121.0,76.0,0.0,0.0
2025-07-16 14:45:00,15,121.0,76.0,0.0,0.0
2025-07-16 15:00:00,15,121.0,76.0,0.0,0.0
2025-07-16 15:15:00,13,107.0,62.0,0.0,96.30000000000001
2025-07-16 15:30:00,13,107.0,62.0,0.0,0.0
2025-07-16 15:45:00,13,107.0,62.0,0.0,0.0
2025-07-16 16:00:00,13,107.0,62.0,0.0,0.0
2025-07-16 16:15:00,13,107.0,62.0,0.0,0.0
2025-07-16 16:30:00,11,89.0,55.0,0.0,93.69999999999999
2025-07-16 16:45:00,11,89.0,55.0,0.0,0.0
2025-07-16 17:00:00,11,89.0,55.0,0.0,0.0
2025-07-16 17:15:00,11,89.0,55.0,0.0,0.0
2025-07-16 17:30:00,10,78.0,55.0,0.0,43.7
2025-07-16 17:45:00,7,57.0,48.0,0.0,149.8
2025-07-16 18:00:00,6,46.0,38.0,0.0,59.4
2025-07-16 18:15:00,5,35.0,28.0,0.0,36.2
2025-07-16 18:30:00,4,28.0,21.0,0.0,48.9
2025-07-16 18:45:00,3,21.0,21.0,0.0,58.6
2025-07-16 19:00:00,1,7.0,7.0,0.0,114.7
2025-07-16 19:15:00,1,7.0,7.0,0.0,0.0
2025-07-16 19:30:00,0,0.0,0.0,0.0,63.0
2025-07-16 19:45:00,0,0.0,0.0,0.0,0.0
2025-07-16 20:00:00,0,0.0,0.0,0.0,0.0
2025-07-16 20:15:00,0,0.0,0.0,0.0,0.0
2025-07-16 20:30:00,0,0.0,0.0,0.0,0.0
2025-07-16 20:45:00,0,0.0,0.0,0.0,0.0
2025-07-16 21:00:00,0,0.0,0.0,0.0,0.0
2025-07-16 21:15:00,0,0.0,0.0,0.0,0.0
2025-07-16 21:30:00,0,0.0,0.0,0.0,0.0
2025-07-16 21:45:00,0,0.0,0.0,0.0,0.0
2025-07-16 22:00:00,0,0.0,0.0,0.0,0.0
2025-07-16 22:15:00,0,0.0,0.0,0.0,0.0
2025-07-16 22:30:00,0,0.0,0.0,0.0,0.0
2025-07-16 22:45:00,0,0.0,0.0,0.0,0.0
2025-07-16 23:00:00,0,0.0,0.0,0.0,0.0
2025-07-16 23:15:00,0,0.0,0.0,0.0,0.0
2025-07-16 23:30:00,0,0.0,0.0,0.0,0.0
2025-07-16 23:45:00,0,0.0,0.0,0.0,0.0
2025-07-17 00:00:00,0,0.0,0.0,0.0,0.0
2025-07-17 00:15:00,0,0.0,0.0,0.0,0.0
2025-07-17 00:30:00,0,0.0,0.0,0.0,0.0
2025-07-17 00:45:00,0,0.0,0.0,0.0,0.0
2025-07-17 01:00:00,0,0.0,0.0,0.0,0.0
2025-07-17 01:15:00,0,0.0,0.0,0.0,0.0
2025-07-17 01:30:00,0,0.0,0.0,0.0,0.0
2025-07-17 01:45:00,0,0.0,0.0,0.0,0.0
2025-07-17 02:00:00,0,0.0,0.0,0.0,0.0
2025-07-17 02:15:00,0,0.0,0.0,0.0,0.0
2025-07-17 02:30:00,0,0.0,0.0,0.0,0.0
2025-07-17 02:45:00,0,0.0,0.0,0.0,0.0
2025-07-17 03:00:00,0,0.0,0.0,0.0,0.0
2025-07-17 03:15:00,0,0.0,0.0,0.0,0.0
2025-07-17 03:30:00,0,0.0,0.0,0.0,0.0
2025-07-17 03:45:00,0,0.0,0.0,0.0,0.0
2025-07-17 04:00:00,0,0.0,0.0,0.0,0.0
2025-07-17 04:15:00,0,0.0,0.0,0.0,0.0
2025-07-17 04:30:00,0,0.0,0.0,0.0,0.0
2025-07-17 04:45:00,0,0.0,0.0,0.0,0.0
2025-07-17 05:00:00,0,0.0,0.0,0.0,0.0
2025-07-17 05:15:00,0,0.0,0.0,0.0,0.0
2025-07-17 05:30:00,0,0.0,0.0,0.0,0.0
2025-07-17 05:45:00,0,0.0,0.0,0.0,0.0
2025-07-17 06:00:00,0,0.0,0.0,0.0,0.0
2025-07-17 06:15:00,0,0.0,0.0,0.0,0.0
2025-07-17 06:30:00,0,0.0,0.0,0.0,0.0
2025-07-17 06:45:00,1,7.0,7.0,33.1,0.0
2025-07-17 07:00:00,2,18.0,17.0,11.5,0.0
2025-07-17 07:15:00,2,18.0,17.0,0.0,0.0
2025-07-17 07:30:00,3,25.0,24.0,50.9,0.0
2025-07-17 07:45:00,5,43.0,41.0,54.4,0.0
2025-07-17 08:00:00,7,57.0,48.0,43.6,0.0
2025-07-17 08:15:00,13,111.0,92.0,134.9,0.0
2025-07-17 08:30:00,14,122.0,102.0,18.8,0.0
2025-07-17 08:45:00,15,129.0,102.0,32.5,0.0
2025-07-17 09:00:00,18,158.0,129.0,66.4,0.0
2025-07-17 09:15:00,19,165.0,129.0,25.3,0.0
2025-07-17 09:30:00,20,176.0,129.0,35.0,0.0
2025-07-17 09:45:00,20,176.0,129.0,0.0,0.0
2025-07-17 10:00:00,20,176.0,129.0,0.0,0.0
2025-07-17 10:15:00,20,176.0,129.0,0.0,0.0
2025-07-17 10:30:00,20,176.0,129.0,0.0,0.0
2025-07-17 10:45:00,20,176.0,129.0,0.0,0.0
2025-07-17 11:00:00,20,176.0,129.0,0.0,0.0
2025-07-17 11:15:00,20,176.0,129.0,0.0,0.0
2025-07-17 11:30:00,20,176.0,129.0,0.0,0.0
2025-07-17 11:45:00,20,176.0,129.0,0.0,0.0
2025-07-17 12:00:00,20,176.0,129.0,0.0,0.0
2025-07-17 12:15:00,20,176.0,129.0,0.0,0.0
2025-07-17 12:30:00,20,176.0,129.0,0.0,0.0
2025-07-17 12:45:00,20,176.0,129.0,0.0,0.0
2025-07-17 13:00:00,20,176.0,129.0,0.0,0.0
2025-07-17 13:15:00,20,176.0,129.0,0.0,0.0
2025-07-17 13:30:00,20,176.0,129.0,0.0,0.0
2025-07-17 13:45:00,20,176.0,129.0,0.0,0.0
2025-07-17 14:00:00,20,176.0,129.0,0.0,0.0
2025-07-17 14:15:00,20,176.0,129.0,0.0,0.0
2025-07-17 14:30:00,20,176.0,129.0,0.0,0.0
2025-07-17 14:45:00,20,176.0,129.0,0.0,0.0
2025-07-17 15:00:00,20,176.0,129.0,0.0,0.0
2025-07-17 15:15:00,20,176.0,129.0,0.0,0.0
2025-07-17 15:30:00,18,162.0,115.0,0.0,77.4
2025-07-17 15:45:00,17,155.0,115.0,0.0,61.5
2025-07-17 16:00:00,17,155.0,115.0,0.0,0.0
2025-07-17 16:15:00,16,148.0,108.0,0.0,51.0
2025-07-17 16:30:00,16,148.0,108.0,0.0,0.0
2025-07-17 16:45:00,16,148.0,108.0,0.0,0.0
2025-07-17 17:00:00,12,112.0,81.0,0.0,196.2
2025-07-17 17:15:00,12,112.0,81.0,0.0,0.0
2025-07-17 17:30:00,10,90.0,61.0,0.0,99.0
2025-07-17 17:45:00,8,72.0,51.0,0.0,104.80000000000001
2025-07-17 18:00:00,8,72.0,51.0,0.0,0.0
2025-07-17 18:15:00,8,72.0,51.0,0.0,0.0
2025-07-17 18:30:00,7,65.0,44.0,0.0,42.1
2025-07-17 18:45:00,7,65.0,44.0,0.0,0.0
2025-07-17 19:00:00,6,54.0,34.0,0.0,48.1
2025-07-17 19:15:00,2,18.0,0.0,0.0,161.4
2025-07-17 19:30:00,1,11.0,0.0,0.0,62.2
2025-07-17 19:45:00,0,0.0,0.0,0.0,45.4
2025-07-17 20:00:00,0,0.0,0.0,0.0,0.0
2025-07-17 20:15:00,0,0.0,0.0,0.0,0.0
2025-07-17 20:30:00,0,0.0,0.0,0.0,0.0
2025-07-17 20:45:00,0,0.0,0.0,0.0,0.0
2025-07-17 21:00:00,0,0.0,0.0,0.0,0.0
2025-07-17 21:15:00,0,0.0,0.0,0.0,0.0
2025-07-17 21:30:00,0,0.0,0.0,0.0,0.0
2025-07-17 21:45:00,0,0.0,0.0,0.0,0.0
2025-07-17 22:00:00,0,0.0,0.0,0.0,0.0
2025-07-17 22:15:00,0,0.0,0.0,0.0,0.0
2025-07-17 22:30:00,0,0.0,0.0,0.0,0.0
2025-07-17 22:45:00,0,0.0,0.0,0.0,0.0
2025-07-17 23:00:00,0,0.0,0.0,0.0,0.0
2025-07-17 23:15:00,0,0.0,0.0,0.0,0.0
2025-07-17 23:30:00,0,0.0,0.0,0.0,0.0
2025-07-17 23:45:00,0,0.0,0.0,0.0,0.0
2025-07-18 00:00:00,0,0.0,0.0,0.0,0.0
2025-07-18 00:15:00,0,0.0,0.0,0.0,0.0
2025-07-18 00:30:00,0,0.0,0.0,0.0,0.0
2025-07-18 00:45:00,0,0.0,0.0,0.0,0.0
2025-07-18 01:00:00,0,0.0,0.0,0.0,0.0
2025-07-18 01:15:00,0,0.0,0.0,0.0,0.0
2025-07-18 01:30:00,0,0.0,0.0,0.0,0.0
2025-07-18 01:45:00,0,0.0,0.0,0.0,0.0
2025-07-18 02:00:00,0,0.0,0.0,0.0,0.0
2025-07-18 02:15:00,0,0.0,0.0,0.0,0.0
2025-07-18 02:30:00,0,0.0,0.0,0.0,0.0
2025-07-18 02:45:00,0,0.0,0.0,0.0,0.0
2025-07-18 03:00:00,0,0.0,0.0,0.0,0.0
2025-07-18 03:15:00,0,0.0,0.0,0.0,0.0
2025-07-18 03:30:00,0,0.0,0.0,0.0,0.0
2025-07-18 03:45:00,0,0.0,0.0,0.0,0.0
2025-07-18 04:00:00,0,0.0,0.0,0.0,0.0
2025-07-18 04:15:00,0,0.0,0.0,0.0,0.0
2025-07-18 04:30:00,0,0.0,0.0,0.0,0.0
2025-07-18 04:45:00,0,0.0,0.0,0.0,0.0
2025-07-18 05:00:00,0,0.0,0.0,0.0,0.0
2025-07-18 05:15:00,0,0.0,0.0,0.0,0.0
2025-07-18 05:30:00,0,0.0,0.0,0.0,0.0
2025-07-18 05:45:00,0,0.0,0.0,0.0,0.0
2025-07-18 06:00:00,0,0.0,0.0,0.0,0.0
2025-07-18 06:15:00,0,0.0,0.0,0.0,0.0
2025-07-18 06:30:00,0,0.0,0.0,0.0,0.0
2025-07-18 06:45:00,0,0.0,0.0,0.0,0.0
2025-07-18 07:00:00,1,11.0,10.0,31.2,0.0
2025-07-18 07:15:00,1,11.0,10.0,0.0,0.0
2025-07-18 07:30:00,1,11.0,10.0,0.0,0.0
2025-07-18 07:45:00,1,11.0,10.0,0.0,0.0
2025-07-18 08:00:00,3,29.0,27.0,36.1,0.0
2025-07-18 08:15:00,4,36.0,34.0,22.3,0.0
2025-07-18 08:30:00,7,65.0,51.0,72.4,0.0
2025-07-18 08:45:00,7,65.0,51.0,0.0,0.0
2025-07-18 09:00:00,9,87.0,71.0,52.4,0.0
2025-07-18 09:15:00,12,108.0,85.0,90.9,0.0
2025-07-18 09:30:00,13,115.0,92.0,49.2,0.0
2025-07-18 09:45:00,14,122.0,92.0,28.0,0.0
2025-07-18 10:00:00,15,133.0,102.0,9.7,0.0
2025-07-18 10:15:00,15,133.0,102.0,0.0,0.0
2025-07-18 10:30:00,16,140.0,109.0,34.5,0.0
2025-07-18 10:45:00,16,140.0,109.0,0.0,0.0
2025-07-18 11:00:00,16,140.0,109.0,0.0,0.0
2025-07-18 11:15:00,17,151.0,109.0,13.5,0.0
2025-07-18 11:30:00,17,151.0,109.0,0.0,0.0
2025-07-18 11:45:00,17,151.0,109.0,0.0,0.0
2025-07-18 12:00:00,17,151.0,109.0,0.0,0.0
2025-07-18 12:15:00,17,151.0,109.0,0.0,0.0
2025-07-18 12:30:00,17,151.0,109.0,0.0,0.0
2025-07-18 12:45:00,17,151.0,109.0,0.0,0.0
2025-07-18 13:00:00,17,151.0,109.0,0.0,0.0
2025-07-18 13:15:00,17,151.0,109.0,0.0,0.0
2025-07-18 13:30:00,17,151.0,109.0,0.0,0.0
2025-07-18 13:45:00,17,151.0,109.0,0.0,0.0
2025-07-18 14:00:00,17,151.0,109.0,0.0,0.0
2025-07-18 14:15:00,16,144.0,102.0,0.0,43.2
2025-07-18 14:30:00,16,144.0,102.0,0.0,0.0
2025-07-18 14:45:00,16,144.0,102.0,0.0,0.0
2025-07-18 15:00:00,15,133.0,92.0,0.0,41.7
2025-07-18 15:15:00,15,133.0,92.0,0.0,0.0
2025-07-18 15:30:00,15,133.0,92.0,0.0,0.0
2025-07-18 15:45:00,15,133.0,92.0,0.0,0.0
2025-07-18 16:00:00,15,133.0,92.0,0.0,0.0
2025-07-18 16:15:00,13,111.0,72.0,0.0,89.0
2025-07-18 16:30:00,12,100.0,72.0,0.0,47.0
2025-07-18 16:45:00,12,100.0,72.0,0.0,0.0
2025-07-18 17:00:00,10,86.0,65.0,0.0,81.7
2025-07-18 17:15:00,8,68.0,55.0,0.0,114.69999999999999
2025-07-18 17:30:00,8,68.0,55.0,0.0,0.0
2025-07-18 17:45:00,8,68.0,55.0,0.0,0.0
2025-07-18 18:00:00,8,68.0,55.0,0.0,0.0
2025-07-18 18:15:00,8,68.0,55.0,0.0,0.0
2025-07-18 18:30:00,8,68.0,55.0,0.0,0.0
2025-07-18 18:45:00,7,61.0,48.0,0.0,35.5
2025-07-18 19:00:00,5,47.0,34.0,0.0,124.7
2025-07-18 19:15:00,4,36.0,34.0,0.0,49.7
2025-07-18 19:30:00,4,36.0,34.0,0.0,0.0
2025-07-18 19:45:00,4,36.0,34.0,0.0,0.0
2025-07-18 20:00:00,2,18.0,17.0,0.0,68.6
2025-07-18 20:15:00,2,18.0,17.0,0.0,0.0
2025-07-18 20:30:00,1,7.0,7.0,0.0,42.4
2025-07-18 20:45:00,1,7.0,7.0,0.0,0.0
2025-07-18 21:00:00,0,0.0,0.0,0.0,56.4
2025-07-18 21:15:00,0,0.0,0.0,0.0,0.0
2025-07-18 21:30:00,0,0.0,0.0,0.0,0.0
2025-07-18 21:45:00,0,0.0,0.0,0.0,0.0
2025-07-18 22:00:00,0,0.0,0.0,0.0,0.0
2025-07-18 22:15:00,0,0.0,0.0,0.0,0.0
2025-07-18 22:30:00,0,0.0,0.0,0.0,0.0
2025-07-18 22:45:00,0,0.0,0.0,0.0,0.0
2025-07-18 23:00:00,0,0.0,0.0,0.0,0.0
2025-07-18 23:15:00,0,0.0,0.0,0.0,0.0
2025-07-18 23:30:00,0,0.0,0.0,0.0,0.0
2025-07-18 23:45:00,0,0.0,0.0,0.0,0.0
2025-07-19 00:00:00,0,0.0,0.0,0.0,0.0
2025-07-19 00:15:00,0,0.0,0.0,0.0,0.0
2025-07-19 00:30:00,0,0.0,0.0,0.0,0.0
2025-07-19 00:45:00,0,0.0,0.0,0.0,0.0
2025-07-19 01:00:00,0,0.0,0.0,0.0,0.0
2025-07-19 01:15:00,0,0.0,0.0,0.0,0.0
2025-07-19 01:30:00,0,0.0,0.0,0.0,0.0
2025-07-19 01:45:00,0,0.0,0.0,0.0,0.0
2025-07-19 02:00:00,0,0.0,0.0,0.0,0.0
2025-07-19 02:15:00,0,0.0,0.0,0.0,0.0
2025-07-19 02:30:00,0,0.0,0.0,0.0,0.0
2025-07-19 02:45:00,0,0.0,0.0,0.0,0.0
2025-07-19 03:00:00,0,0.0,0.0,0.0,0.0
2025-07-19 03:15:00,0,0.0,0.0,0.0,0.0
2025-07-19 03:30:00,0,0.0,0.0,0.0,0.0
2025-07-19 03:45:00,0,0.0,0.0,0.0,0.0
2025-07-19 04:00:00,0,0.0,0.0,0.0,0.0
2025-07-19 04:15:00,0,0.0,0.0,0.0,0.0
2025-07-19 04:30:00,0,0.0,0.0,0.0,0.0
2025-07-19 04:45:00,0,0.0,0.0,0.0,0.0
2025-07-19 05:00:00,0,0.0,0.0,0.0,0.0
2025-07-19 05:15:00,0,0.0,0.0,0.0,0.0
2025-07-19 05:30:00,0,0.0,0.0,0.0,0.0
2025-07-19 05:45:00,0,0.0,0.0,0.0,0.0
2025-07-19 06:00:00,0,0.0,0.0,0.0,0.0
2025-07-19 06:15:00,0,0.0,0.0,0.0,0.0
2025-07-19 06:30:00,0,0.0,0.0,0.0,0.0
2025-07-19 06:45:00,0,0.0,0.0,0.0,0.0
2025-07-19 07:00:00,0,0.0,0.0,0.0,0.0
2025-07-19 07:15:00,0,0.0,0.0,0.0,0.0
2025-07-19 07:30:00,0,0.0,0.0,0.0,0.0
2025-07-19 07:45:00,0,0.0,0.0,0.0,0.0
2025-07-19 08:00:00,0,0.0,0.0,0.0,0.0
2025-07-19 08:15:00,0,0.0,0.0,0.0,0.0
2025-07-19 08:30:00,0,0.0,0.0,0.0,0.0
2025-07-19 08:45:00,0,0.0,0.0,0.0,0.0
2025-07-19 09:00:00,0,0.0,0.0,0.0,0.0
2025-07-19 09:15:00,0,0.0,0.0,0.0,0.0
2025-07-19 09:30:00,0,0.0,0.0,0.0,0.0
2025-07-19 09:45:00,1,7.0,0.0,29.2,0.0
2025-07-19 10:00:00,1,7.0,0.0,0.0,0.0
2025-07-19 10:15:00,2,14.0,0.0,47.8,0.0
2025-07-19 10:30:00,2,14.0,0.0,0.0,0.0
2025-07-19 10:45:00,2,14.0,0.0,0.0,0.0
2025-07-19 11:00:00,2,14.0,0.0,0.0,0.0
2025-07-19 11:15:00,2,14.0,0.0,0.0,0.0
2025-07-19 11:30:00,3,25.0,0.0,10.8,0.0
2025-07-19 11:45:00,3,25.0,0.0,0.0,0.0
2025-07-19 12:00:00,5,39.0,7.0,90.5,0.0
2025-07-19 12:15:00,6,46.0,7.0,42.5,0.0
2025-07-19 12:30:00,6,46.0,7.0,0.0,0.0
2025-07-19 12:45:00,6,46.0,7.0,0.0,0.0
2025-07-19 13:00:00,6,46.0,7.0,0.0,0.0
2025-07-19 13:15:00,6,46.0,7.0,0.0,0.0
2025-07-19 13:30:00,6,46.0,7.0,0.0,0.0
2025-07-19 13:45:00,6,46.0,7.0,0.0,0.0
2025-07-19 14:00:00,5,35.0,7.0,0.0,38.1
2025-07-19 14:15:00,5,35.0,7.0,0.0,0.0
2025-07-19 14:30:00,4,28.0,7.0,0.0,70.5
2025-07-19 14:45:00,4,28.0,7.0,0.0,0.0
2025-07-19 15:00:00,4,28.0,7.0,0.0,0.0
2025-07-19 15:15:00,4,28.0,7.0,0.0,0.0
2025-07-19 15:30:00,4,28.0,7.0,0.0,0.0
2025-07-19 15:45:00,4,28.0,7.0,0.0,0.0
2025-07-19 16:00:00,3,21.0,7.0,0.0,56.4
2025-07-19 16:15:00,2,14.0,0.0,0.0,42.8
2025-07-19 16:30:00,2,14.0,0.0,0.0,0.0
2025-07-19 16:45:00,2,14.0,0.0,0.0,0.0
2025-07-19 17:00:00,1,7.0,0.0,0.0,62.6
2025-07-19 17:15:00,1,7.0,0.0,0.0,0.0
2025-07-19 17:30:00,1,7.0,0.0,0.0,0.0
2025-07-19 17:45:00,1,7.0,0.0,0.0,0.0
2025-07-19 18:00:00,1,7.0,0.0,0.0,0.0
2025-07-19 18:15:00,0,0.0,0.0,0.0,49.4
2025-07-19 18:30:00,0,0.0,0.0,0.0,0.0
2025-07-19 18:45:00,0,0.0,0.0,0.0,0.0
2025-07-19 19:00:00,0,0.0,0.0,0.0,0.0
2025-07-19 19:15:00,0,0.0,0.0,0.0,0.0
2025-07-19 19:30:00,0,0.0,0.0,0.0,0.0
2025-07-19 19:45:00,0,0.0,0.0,0.0,0.0
2025-07-19 20:00:00,0,0.0,0.0,0.0,0.0
2025-07-19 20:15:00,0,0.0,0.0,0.0,0.0
2025-07-19 20:30:00,0,0.0,0.0,0.0,0.0
2025-07-19 20:45:00,0,0.0,0.0,0.0,0.0
2025-07-19 21:00:00,0,0.0,0.0,0.0,0.0
2025-07-19 21:15:00,0,0.0,0.0,0.0,0.0
2025-07-19 21:30:00,0,0.0,0.0,0.0,0.0
2025-07-19 21:45:00,0,0.0,0.0,0.0,0.0
2025-07-19 22:00:00,0,0.0,0.0,0.0,0.0
2025-07-19 22:15:00,0,0.0,0.0,0.0,0.0
2025-07-19 22:30:00,0,0.0,0.0,0.0,0.0
2025-07-19 22:45:00,0,0.0,0.0,0.0,0.0
2025-07-19 23:00:00,0,0.0,0.0,0.0,0.0
2025-07-19 23:15:00,0,0.0,0.0,0.0,0.0
2025-07-19 23:30:00,0,0.0,0.0,0.0,0.0
2025-07-19 23:45:00,0,0.0,0.0,0.0,0.0
2025-07-20 00:00:00,0,0.0,0.0,0.0,0.0
2025-07-20 00:15:00,0,0.0,0.0,0.0,0.0
2025-07-20 00:30:00,0,0.0,0.0,0.0,0.0
2025-07-20 00:45:00,0,0.0,0.0,0.0,0.0
2025-07-20 01:00:00,0,0.0,0.0,0.0,0.0
2025-07-20 01:15:00,0,0.0,0.0,0.0,0.0
2025-07-20 01:30:00,0,0.0,0.0,0.0,0.0
2025-07-20 01:45:00,0,0.0,0.0,0.0,0.0
2025-07-20 02:00:00,0,0.0,0.0,0.0,0.0
2025-07-20 02:15:00,0,0.0,0.0,0.0,0.0
2025-07-20 02:30:00,0,0.0,0.0,0.0,0.0
2025-07-20 02:45:00,0,0.0,0.0,0.0,0.0
2025-07-20 03:00:00,0,0.0,0.0,0.0,0.0
2025-07-20 03:15:00,0,0.0,0.0,0.0,0.0
2025-07-20 03:30:00,0,0.0,0.0,0.0,0.0
2025-07-20 03:45:00,0,0.0,0.0,0.0,0.0
2025-07-20 04:00:00,0,0.0,0.0,0.0,0.0
2025-07-20 04:15:00,0,0.0,0.0,0.0,0.0
2025-07-20 04:30:00,0,0.0,0.0,0.0,0.0
2025-07-20 04:45:00,0,0.0,0.0,0.0,0.0
2025-07-20 05:00:00,0,0.0,0.0,0.0,0.0
2025-07-20 05:15:00,0,0.0,0.0,0.0,0.0
2025-07-20 05:30:00,0,0.0,0.0,0.0,0.0
2025-07-20 05:45:00,0,0.0,0.0,0.0,0.0
2025-07-20 06:00:00,0,0.0,0.0,0.0,0.0
2025-07-20 06:15:00,0,0.0,0.0,0.0,0.0
2025-07-20 06:30:00,0,0.0,0.0,0.0,0.0
2025-07-20 06:45:00,0,0.0,0.0,0.0,0.0
2025-07-20 07:00:00,0,0.0,0.0,0.0,0.0
2025-07-20 07:15:00,0,0.0,0.0,0.0,0.0
2025-07-20 07:30:00,0,0.0,0.0,0.0,0.0
2025-07-20 07:45:00,0,0.0,0.0,0.0,0.0
2025-07-20 08:00:00,0,0.0,0.0,0.0,0.0
2025-07-20 08:15:00,0,0.0,0.0,0.0,0.0
2025-07-20 08:30:00,0,0.0,0.0,0.0,0.0
2025-07-20 08:45:00,1,7.0,0.0,13.5,0.0
2025-07-20 09:00:00,1,7.0,0.0,0.0,0.0
2025-07-20 09:15:00,1,7.0,0.0,0.0,0.0
2025-07-20 09:30:00,1,7.0,0.0,0.0,0.0
2025-07-20 09:45:00,1,7.0,0.0,0.0,0.0
2025-07-20 10:00:00,1,7.0,0.0,0.0,0.0
2025-07-20 10:15:00,2,14.0,0.0,49.2,0.0
2025-07-20 10:30:00,2,14.0,0.0,0.0,0.0
2025-07-20 10:45:00,3,21.0,7.0,31.8,0.0
2025-07-20 11:00:00,4,32.0,17.0,19.5,0.0
2025-07-20 11:15:00,6,54.0,37.0,45.599999999999994,0.0
2025-07-20 11:30:00,6,54.0,37.0,0.0,0.0
2025-07-20 11:45:00,6,54.0,37.0,0.0,0.0
2025-07-20 12:00:00,7,65.0,37.0,34.3,0.0
2025-07-20 12:15:00,6,58.0,37.0,0.0,61.7
2025-07-20 12:30:00,6,58.0,37.0,0.0,0.0
2025-07-20 12:45:00,6,58.0,37.0,0.0,0.0
2025-07-20 13:00:00,6,58.0,37.0,0.0,0.0
2025-07-20 13:15:00,4,44.0,30.0,0.0,103.69999999999999
2025-07-20 13:30:00,4,44.0,30.0,0.0,0.0
2025-07-20 13:45:00,4,44.0,30.0,0.0,0.0
2025-07-20 14:00:00,4,44.0,30.0,0.0,0.0
2025-07-20 14:15:00,4,44.0,30.0,0.0,0.0
2025-07-20 14:30:00,4,44.0,30.0,0.0,0.0
2025-07-20 14:45:00,4,44.0,30.0,0.0,0.0
2025-07-20 15:00:00,3,33.0,20.0,0.0,38.5
2025-07-20 15:15:00,3,33.0,20.0,0.0,0.0
2025-07-20 15:30:00,3,33.0,20.0,0.0,0.0
2025-07-20 15:45:00,2,22.0,10.0,0.0,59.7
2025-07-20 16:00:00,2,22.0,10.0,0.0,0.0
2025-07-20 16:15:00,2,22.0,10.0,0.0,0.0
2025-07-20 16:30:00,1,11.0,10.0,0.0,62.8
2025-07-20 16:45:00,1,11.0,10.0,0.0,0.0
2025-07-20 17:00:00,1,11.0,10.0,0.0,0.0
2025-07-20 17:15:00,1,11.0,10.0,0.0,0.0
2025-07-20 17:30:00,1,11.0,10.0,0.0,0.0
2025-07-20 17:45:00,0,0.0,0.0,0.0,42.9
2025-07-20 18:00:00,0,0.0,0.0,0.0,0.0
2025-07-20 18:15:00,0,0.0,0.0,0.0,0.0
2025-07-20 18:30:00,0,0.0,0.0,0.0,0.0
2025-07-20 18:45:00,0,0.0,0.0,0.0,0.0
2025-07-20 19:00:00,0,0.0,0.0,0.0,0.0
2025-07-20 19:15:00,0,0.0,0.0,0.0,0.0
2025-07-20 19:30:00,0,0.0,0.0,0.0,0.0
2025-07-20 19:45:00,0,0.0,0.0,0.0,0.0
2025-07-20 20:00:00,0,0.0,0.0,0.0,0.0
2025-07-20 20:15:00,0,0.0,0.0,0.0,0.0
2025-07-20 20:30:00,0,0.0,0.0,0.0,0.0
2025-07-20 20:45:00,0,0.0,0.0,0.0,0.0
2025-07-20 21:00:00,0,0.0,0.0,0.0,0.0
2025-07-20 21:15:00,0,0.0,0.0,0.0,0.0
2025-07-20 21:30:00,0,0.0,0.0,0.0,0.0
2025-07-20 21:45:00,0,0.0,0.0,0.0,0.0
2025-07-20 22:00:00,0,0.0,0.0,0.0,0.0
2025-07-20 22:15:00,0,0.0,0.0,0.0,0.0
2025-07-20 22:30:00,0,0.0,0.0,0.0,0.0
2025-07-20 22:45:00,0,0.0,0.0,0.0,0.0
2025-07-20 23:00:00,0,0.0,0.0,0.0,0.0
2025-07-20 23:15:00,0,0.0,0.0,0.0,0.0
2025-07-20 23:30:00,0,0.0,0.0,0.0,0.0
2025-07-20 23:45:00,0,0.0,0.0,0.0,0.0
