timestamp,slot_id,total_native_load_kw,office_building_kw,wet_lab_kw,teaching_center_kw
2025-07-14 00:00:00,1,382.7,104.4,208.7,69.6
2025-07-14 00:15:00,2,384.3,104.1,212.9,67.3
2025-07-14 00:30:00,3,373.5,107.2,202.7,63.6
2025-07-14 00:45:00,4,357.0,97.3,196.4,63.3
2025-07-14 01:00:00,5,367.5,106.3,200.5,60.8
2025-07-14 01:15:00,6,370.2,104.1,205.3,60.7
2025-07-14 01:30:00,7,370.8,105.4,199.2,66.1
2025-07-14 01:45:00,8,376.4,103.8,202.0,70.6
2025-07-14 02:00:00,9,371.2,100.8,209.1,61.3
2025-07-14 02:15:00,10,361.1,97.2,198.4,65.6
2025-07-14 02:30:00,11,374.2,105.7,204.4,64.1
2025-07-14 02:45:00,12,373.0,102.1,202.7,68.2
2025-07-14 03:00:00,13,368.4,97.9,206.6,63.8
2025-07-14 03:15:00,14,385.4,107.4,210.2,67.8
2025-07-14 03:30:00,15,378.3,103.8,206.7,67.9
2025-07-14 03:45:00,16,365.1,104.3,199.5,61.4
2025-07-14 04:00:00,17,383.1,110.4,204.6,68.0
2025-07-14 04:15:00,18,378.8,102.4,206.8,69.6
2025-07-14 04:30:00,19,370.6,111.3,191.9,67.5
2025-07-14 04:45:00,20,368.3,103.8,205.5,59.0
2025-07-14 05:00:00,21,382.3,106.4,212.4,63.4
2025-07-14 05:15:00,22,378.6,103.0,209.6,66.0
2025-07-14 05:30:00,23,380.4,107.1,205.5,67.9
2025-07-14 05:45:00,24,367.3,103.7,203.0,60.6
2025-07-14 06:00:00,25,405.6,121.0,220.2,64.3
2025-07-14 06:15:00,26,408.4,124.6,221.3,62.6
2025-07-14 06:30:00,27,436.6,134.1,237.0,65.5
2025-07-14 06:45:00,28,425.8,138.5,222.4,64.9
2025-07-14 07:00:00,29,470.8,154.9,234.9,80.9
2025-07-14 07:15:00,30,484.0,148.0,245.6,90.4
2025-07-14 07:30:00,31,502.9,158.2,251.9,92.8
2025-07-14 07:45:00,32,525.5,178.2,243.9,103.4
2025-07-14 08:00:00,33,542.5,184.5,244.7,113.2
2025-07-14 08:15:00,34,568.6,192.8,250.8,125.0
2025-07-14 08:30:00,35,585.4,196.3,264.0,125.2
2025-07-14 08:45:00,36,606.3,210.6,257.3,138.4
2025-07-14 09:00:00,37,619.4,214.8,262.4,142.2
2025-07-14 09:15:00,38,642.0,219.5,272.3,150.3
2025-07-14 09:30:00,39,645.7,223.6,273.2,148.9
2025-07-14 09:45:00,40,662.9,234.8,270.8,157.3
2025-07-14 10:00:00,41,671.9,237.7,281.3,152.9
2025-07-14 10:15:00,42,693.3,245.5,283.8,164.0
2025-07-14 10:30:00,43,676.8,245.0,275.8,156.0
2025-07-14 10:45:00,44,700.9,255.7,283.7,161.5
2025-07-14 11:00:00,45,716.4,266.3,282.9,167.1
2025-07-14 11:15:00,46,705.5,264.0,281.3,160.2
2025-07-14 11:30:00,47,721.4,274.9,289.6,156.9
2025-07-14 11:45:00,48,714.6,270.8,285.8,157.9
2025-07-14 12:00:00,49,684.6,267.3,291.5,125.8
2025-07-14 12:15:00,50,679.3,267.4,290.9,121.0
2025-07-14 12:30:00,51,694.6,267.1,298.6,128.9
2025-07-14 12:45:00,52,675.6,254.3,294.8,126.5
2025-07-14 13:00:00,53,700.6,272.4,298.0,130.2
2025-07-14 13:15:00,54,680.7,256.1,294.8,129.7
2025-07-14 13:30:00,55,664.9,245.6,292.5,126.8
2025-07-14 13:45:00,56,674.8,248.3,302.3,124.2
2025-07-14 14:00:00,57,715.3,260.0,296.3,159.0
2025-07-14 14:15:00,58,718.7,262.1,292.1,164.5
2025-07-14 14:30:00,59,737.1,262.0,307.3,167.8
2025-07-14 14:45:00,60,725.0,266.0,290.7,168.3
2025-07-14 15:00:00,61,738.3,270.5,297.6,170.2
2025-07-14 15:15:00,62,730.4,272.7,291.7,165.9
2025-07-14 15:30:00,63,747.4,284.0,290.5,172.9
2025-07-14 15:45:00,64,748.0,290.5,288.8,168.6
2025-07-14 16:00:00,65,753.3,285.5,296.7,171.0
2025-07-14 16:15:00,66,725.5,287.9,274.8,162.9
2025-07-14 16:30:00,67,746.7,287.3,298.7,160.6
2025-07-14 16:45:00,68,750.6,295.6,296.3,158.7
2025-07-14 17:00:00,69,723.8,300.6,284.6,138.6
2025-07-14 17:15:00,70,717.2,299.4,287.3,130.5
2025-07-14 17:30:00,71,683.2,267.1,293.2,122.9
2025-07-14 17:45:00,72,663.2,253.3,285.1,124.8
2025-07-14 18:00:00,73,635.2,248.9,271.0,115.2
2025-07-14 18:15:00,74,626.0,246.7,270.4,108.9
2025-07-14 18:30:00,75,620.8,240.0,272.0,108.8
2025-07-14 18:45:00,76,596.5,226.9,267.1,102.4
2025-07-14 19:00:00,77,586.3,223.9,268.2,94.2
2025-07-14 19:15:00,78,569.8,216.5,258.7,94.5
2025-07-14 19:30:00,79,564.2,214.0,264.0,86.2
2025-07-14 19:45:00,80,538.9,202.1,256.3,80.5
2025-07-14 20:00:00,81,500.3,162.6,247.2,90.5
2025-07-14 20:15:00,82,488.4,150.2,253.2,85.0
2025-07-14 20:30:00,83,483.5,156.7,246.4,80.3
2025-07-14 20:45:00,84,476.5,147.1,248.0,81.4
2025-07-14 21:00:00,85,463.8,143.7,241.4,78.7
2025-07-14 21:15:00,86,458.4,142.4,237.8,78.1
2025-07-14 21:30:00,87,441.4,139.5,227.0,74.9
2025-07-14 21:45:00,88,449.2,133.8,232.8,82.6
2025-07-14 22:00:00,89,432.9,133.1,224.3,75.5
2025-07-14 22:15:00,90,426.2,127.8,223.8,74.6
2025-07-14 22:30:00,91,431.6,132.6,221.1,78.0
2025-07-14 22:45:00,92,419.8,121.8,221.8,76.2
2025-07-14 23:00:00,93,411.7,116.1,219.0,76.6
2025-07-14 23:15:00,94,425.2,121.9,230.2,73.1
2025-07-14 23:30:00,95,417.5,116.2,228.7,72.6
2025-07-14 23:45:00,96,390.4,112.6,204.4,73.4
2025-07-15 00:00:00,97,383.8,105.6,207.6,70.6
2025-07-15 00:15:00,98,371.7,102.7,202.5,66.5
2025-07-15 00:30:00,99,386.8,112.3,210.9,63.6
2025-07-15 00:45:00,100,383.6,110.4,204.4,68.7
2025-07-15 01:00:00,101,372.8,102.6,205.0,65.1
2025-07-15 01:15:00,102,371.7,107.5,199.7,64.6
2025-07-15 01:30:00,103,377.2,107.1,208.6,61.6
2025-07-15 01:45:00,104,379.5,110.1,206.7,62.8
2025-07-15 02:00:00,105,381.6,105.5,210.9,65.2
2025-07-15 02:15:00,106,383.7,112.0,203.8,67.9
2025-07-15 02:30:00,107,377.7,110.5,200.2,67.1
2025-07-15 02:45:00,108,355.9,98.0,199.1,58.9
2025-07-15 03:00:00,109,385.6,107.9,212.5,65.2
2025-07-15 03:15:00,110,360.8,99.5,196.5,64.8
2025-07-15 03:30:00,111,364.3,104.9,194.7,64.7
2025-07-15 03:45:00,112,376.7,107.7,206.8,62.2
2025-07-15 04:00:00,113,373.3,100.8,204.7,67.9
2025-07-15 04:15:00,114,372.0,107.0,202.3,62.6
2025-07-15 04:30:00,115,364.5,100.9,202.2,61.4
2025-07-15 04:45:00,116,372.7,105.1,201.9,65.6
2025-07-15 05:00:00,117,379.5,104.1,208.1,67.3
2025-07-15 05:15:00,118,364.4,102.7,203.6,58.1
2025-07-15 05:30:00,119,387.9,110.5,213.2,64.3
2025-07-15 05:45:00,120,396.6,106.2,222.0,68.4
2025-07-15 06:00:00,121,395.4,116.2,213.6,65.6
2025-07-15 06:15:00,122,403.9,120.6,221.6,61.8
2025-07-15 06:30:00,123,440.5,138.5,231.5,70.5
2025-07-15 06:45:00,124,445.2,136.6,241.3,67.2
2025-07-15 07:00:00,125,453.7,145.2,232.1,76.3
2025-07-15 07:15:00,126,492.1,164.5,235.9,91.7
2025-07-15 07:30:00,127,497.0,160.3,242.2,94.5
2025-07-15 07:45:00,128,525.1,167.9,251.5,105.7
2025-07-15 08:00:00,129,552.3,185.0,251.1,116.2
2025-07-15 08:15:00,130,576.7,192.1,259.6,125.0
2025-07-15 08:30:00,131,589.6,201.0,257.5,131.1
2025-07-15 08:45:00,132,595.7,199.2,257.9,138.5
2025-07-15 09:00:00,133,626.8,210.7,273.7,142.4
2025-07-15 09:15:00,134,634.3,215.2,269.0,150.2
2025-07-15 09:30:00,135,652.3,223.5,278.5,150.4
2025-07-15 09:45:00,136,669.6,229.4,280.1,160.1
2025-07-15 10:00:00,137,665.1,231.6,278.6,154.8
2025-07-15 10:15:00,138,683.1,243.1,281.4,158.6
2025-07-15 10:30:00,139,698.8,253.9,285.5,159.4
2025-07-15 10:45:00,140,699.0,254.6,285.8,158.6
2025-07-15 11:00:00,141,722.1,271.9,290.8,159.4
2025-07-15 11:15:00,142,705.8,269.4,279.0,157.4
2025-07-15 11:30:00,143,720.2,270.7,287.4,162.2
2025-07-15 11:45:00,144,726.7,280.5,295.4,150.8
2025-07-15 12:00:00,145,692.6,278.1,285.2,129.3
2025-07-15 12:15:00,146,700.1,269.7,297.1,133.3
2025-07-15 12:30:00,147,685.1,268.2,292.6,124.3
2025-07-15 12:45:00,148,684.1,260.8,297.0,126.3
2025-07-15 13:00:00,149,689.6,260.9,302.2,126.4
2025-07-15 13:15:00,150,673.9,250.3,294.7,128.9
2025-07-15 13:30:00,151,683.8,247.9,303.0,132.9
2025-07-15 13:45:00,152,682.8,262.9,294.8,125.1
2025-07-15 14:00:00,153,724.1,262.2,299.6,162.3
2025-07-15 14:15:00,154,736.2,259.1,311.0,166.1
2025-07-15 14:30:00,155,739.1,270.3,301.0,167.8
2025-07-15 14:45:00,156,750.3,271.7,306.7,171.9
2025-07-15 15:00:00,157,740.3,275.4,294.7,170.2
2025-07-15 15:15:00,158,746.6,283.1,289.0,174.6
2025-07-15 15:30:00,159,736.7,280.2,291.5,165.0
2025-07-15 15:45:00,160,744.1,287.2,290.4,166.5
2025-07-15 16:00:00,161,752.7,295.1,293.3,164.2
2025-07-15 16:15:00,162,738.4,290.8,280.2,167.5
2025-07-15 16:30:00,163,769.0,297.8,301.7,169.5
2025-07-15 16:45:00,164,762.1,293.6,304.0,164.5
2025-07-15 17:00:00,165,729.5,301.3,291.1,137.2
2025-07-15 17:15:00,166,719.5,301.1,287.8,130.6
2025-07-15 17:30:00,167,682.9,266.2,284.9,131.7
2025-07-15 17:45:00,168,663.6,260.5,288.6,114.6
2025-07-15 18:00:00,169,632.9,251.6,266.2,115.1
2025-07-15 18:15:00,170,642.4,252.1,274.6,115.6
2025-07-15 18:30:00,171,613.1,236.7,267.0,109.5
2025-07-15 18:45:00,172,598.1,234.0,263.7,100.4
2025-07-15 19:00:00,173,593.0,229.1,262.7,101.2
2025-07-15 19:15:00,174,573.0,219.9,262.8,90.3
2025-07-15 19:30:00,175,557.5,207.6,263.5,86.5
2025-07-15 19:45:00,176,536.9,208.3,251.7,77.0
2025-07-15 20:00:00,177,497.1,162.7,244.9,89.4
2025-07-15 20:15:00,178,494.6,162.8,249.1,82.8
2025-07-15 20:30:00,179,490.1,156.6,246.9,86.7
2025-07-15 20:45:00,180,479.3,153.2,243.3,82.9
2025-07-15 21:00:00,181,463.0,142.5,235.8,84.7
2025-07-15 21:15:00,182,467.3,145.0,239.7,82.6
2025-07-15 21:30:00,183,452.4,138.0,237.1,77.3
2025-07-15 21:45:00,184,453.5,132.3,239.6,81.6
2025-07-15 22:00:00,185,455.6,139.4,233.9,82.3
2025-07-15 22:15:00,186,419.6,123.6,218.9,77.1
2025-07-15 22:30:00,187,426.3,126.2,224.5,75.7
2025-07-15 22:45:00,188,407.2,118.3,216.5,72.4
2025-07-15 23:00:00,189,422.5,124.3,214.8,83.4
2025-07-15 23:15:00,190,413.9,120.0,215.9,78.0
2025-07-15 23:30:00,191,421.5,116.0,230.8,74.7
2025-07-15 23:45:00,192,411.7,112.4,218.8,80.4
2025-07-16 00:00:00,193,384.1,112.2,208.5,63.3
2025-07-16 00:15:00,194,377.3,108.9,208.1,60.3
2025-07-16 00:30:00,195,375.5,104.0,204.6,66.9
2025-07-16 00:45:00,196,373.4,99.7,206.9,66.8
2025-07-16 01:00:00,197,384.9,109.3,209.2,66.4
2025-07-16 01:15:00,198,371.1,98.4,207.1,65.6
2025-07-16 01:30:00,199,367.6,99.9,199.6,68.2
2025-07-16 01:45:00,200,378.0,107.7,205.1,65.1
2025-07-16 02:00:00,201,372.0,102.9,205.5,63.6
2025-07-16 02:15:00,202,373.4,103.8,206.1,63.6
2025-07-16 02:30:00,203,369.2,101.4,204.1,63.7
2025-07-16 02:45:00,204,376.5,105.8,210.2,60.5
2025-07-16 03:00:00,205,382.2,108.6,205.4,68.2
2025-07-16 03:15:00,206,391.0,110.6,216.5,63.9
2025-07-16 03:30:00,207,387.1,110.8,212.9,63.4
2025-07-16 03:45:00,208,364.4,103.9,198.3,62.2
2025-07-16 04:00:00,209,372.5,101.9,204.8,65.7
2025-07-16 04:15:00,210,375.3,101.0,209.9,64.4
2025-07-16 04:30:00,211,373.2,107.7,199.4,66.1
2025-07-16 04:45:00,212,385.8,107.0,206.4,72.4
2025-07-16 05:00:00,213,368.1,102.9,201.9,63.3
2025-07-16 05:15:00,214,385.1,109.8,212.1,63.3
2025-07-16 05:30:00,215,376.0,106.9,202.2,66.9
2025-07-16 05:45:00,216,382.1,98.9,212.7,70.4
2025-07-16 06:00:00,217,405.9,118.4,221.4,66.0
2025-07-16 06:15:00,218,419.0,134.3,222.1,62.6
2025-07-16 06:30:00,219,425.8,129.6,225.8,70.4
2025-07-16 06:45:00,220,437.1,139.6,228.9,68.6
2025-07-16 07:00:00,221,458.4,142.9,232.4,83.1
2025-07-16 07:15:00,222,484.9,158.6,239.8,86.4
2025-07-16 07:30:00,223,503.5,161.9,245.0,96.5
2025-07-16 07:45:00,224,527.0,169.6,252.5,105.0
2025-07-16 08:00:00,225,543.8,181.4,254.4,107.9
2025-07-16 08:15:00,226,562.5,186.3,253.4,122.9
2025-07-16 08:30:00,227,573.8,194.0,250.4,129.4
2025-07-16 08:45:00,228,606.3,209.4,260.5,136.4
2025-07-16 09:00:00,229,621.6,212.7,264.3,144.6
2025-07-16 09:15:00,230,626.4,213.9,265.1,147.5
2025-07-16 09:30:00,231,634.5,216.0,270.6,147.8
2025-07-16 09:45:00,232,643.4,220.4,269.4,153.6
2025-07-16 10:00:00,233,665.3,233.0,271.8,160.4
2025-07-16 10:15:00,234,653.9,225.9,275.4,152.6
2025-07-16 10:30:00,235,674.9,244.3,276.8,153.8
2025-07-16 10:45:00,236,686.5,250.6,280.4,155.4
2025-07-16 11:00:00,237,684.5,253.9,274.9,155.8
2025-07-16 11:15:00,238,699.9,262.1,280.9,156.9
2025-07-16 11:30:00,239,710.1,270.9,281.9,157.4
2025-07-16 11:45:00,240,718.9,275.3,288.5,155.2
2025-07-16 12:00:00,241,686.0,273.0,288.3,124.7
2025-07-16 12:15:00,242,680.8,268.5,284.4,128.0
2025-07-16 12:30:00,243,663.8,253.2,289.6,121.0
2025-07-16 12:45:00,244,660.9,253.7,288.7,118.5
2025-07-16 13:00:00,245,648.8,240.5,282.4,125.9
2025-07-16 13:15:00,246,662.0,249.7,287.6,124.8
2025-07-16 13:30:00,247,664.7,237.8,299.6,127.3
2025-07-16 13:45:00,248,658.5,246.5,293.2,118.7
2025-07-16 14:00:00,249,694.5,247.9,287.4,159.2
2025-07-16 14:15:00,250,717.5,260.6,292.0,164.9
2025-07-16 14:30:00,251,722.3,265.1,294.6,162.6
2025-07-16 14:45:00,252,730.8,265.8,297.8,167.2
2025-07-16 15:00:00,253,733.6,266.5,299.9,167.1
2025-07-16 15:15:00,254,742.3,271.2,302.7,168.5
2025-07-16 15:30:00,255,727.2,271.3,288.7,167.3
2025-07-16 15:45:00,256,739.9,276.2,290.7,173.0
2025-07-16 16:00:00,257,744.0,285.5,291.4,167.0
2025-07-16 16:15:00,258,728.5,281.2,287.6,159.6
2025-07-16 16:30:00,259,743.4,290.7,285.1,167.7
2025-07-16 16:45:00,260,731.3,282.7,285.5,163.2
2025-07-16 17:00:00,261,721.0,294.2,291.7,135.1
2025-07-16 17:15:00,262,709.7,299.5,286.0,124.2
2025-07-16 17:30:00,263,673.1,266.8,279.9,126.4
2025-07-16 17:45:00,264,649.1,254.2,277.5,117.5
2025-07-16 18:00:00,265,633.9,250.3,270.6,113.0
2025-07-16 18:15:00,266,605.3,228.8,272.2,104.3
2025-07-16 18:30:00,267,590.3,227.0,256.2,107.1
2025-07-16 18:45:00,268,585.5,225.8,259.8,99.9
2025-07-16 19:00:00,269,568.4,213.2,263.1,92.2
2025-07-16 19:15:00,270,558.0,207.0,261.1,89.8
2025-07-16 19:30:00,271,542.1,202.1,250.8,89.2
2025-07-16 19:45:00,272,533.9,199.3,255.7,78.9
2025-07-16 20:00:00,273,481.8,153.6,246.8,81.4
2025-07-16 20:15:00,274,483.2,152.7,249.2,81.2
2025-07-16 20:30:00,275,468.0,140.0,246.7,81.3
2025-07-16 20:45:00,276,464.9,134.4,250.8,79.7
2025-07-16 21:00:00,277,455.6,138.6,240.8,76.2
2025-07-16 21:15:00,278,454.2,144.1,232.1,78.0
2025-07-16 21:30:00,279,448.9,137.4,232.8,78.8
2025-07-16 21:45:00,280,447.3,134.1,232.0,81.1
2025-07-16 22:00:00,281,430.5,133.6,224.0,72.9
2025-07-16 22:15:00,282,417.1,121.7,221.8,73.7
2025-07-16 22:30:00,283,418.8,123.8,218.8,76.3
2025-07-16 22:45:00,284,417.2,122.6,216.7,77.9
2025-07-16 23:00:00,285,410.5,114.1,219.3,77.1
2025-07-16 23:15:00,286,412.4,122.8,214.2,75.4
2025-07-16 23:30:00,287,395.8,115.6,209.5,70.7
2025-07-16 23:45:00,288,390.2,111.6,210.0,68.5
2025-07-17 00:00:00,289,380.9,99.7,213.2,68.0
2025-07-17 00:15:00,290,387.9,114.0,209.9,64.0
2025-07-17 00:30:00,291,372.3,114.2,198.1,60.1
2025-07-17 00:45:00,292,393.4,114.8,211.9,66.7
2025-07-17 01:00:00,293,383.1,108.4,208.8,65.8
2025-07-17 01:15:00,294,370.1,104.7,201.2,64.2
2025-07-17 01:30:00,295,366.4,104.6,200.1,61.7
2025-07-17 01:45:00,296,380.4,110.6,209.6,60.3
2025-07-17 02:00:00,297,373.2,108.8,200.1,64.3
2025-07-17 02:15:00,298,367.7,101.1,205.5,61.0
2025-07-17 02:30:00,299,369.6,106.3,197.0,66.3
2025-07-17 02:45:00,300,382.4,107.2,206.1,69.1
2025-07-17 03:00:00,301,375.5,103.3,205.6,66.6
2025-07-17 03:15:00,302,369.7,105.2,201.5,63.0
2025-07-17 03:30:00,303,373.7,112.0,198.8,62.9
2025-07-17 03:45:00,304,380.8,108.6,203.5,68.7
2025-07-17 04:00:00,305,378.4,106.1,200.8,71.4
2025-07-17 04:15:00,306,380.6,106.2,208.2,66.2
2025-07-17 04:30:00,307,374.3,104.5,205.2,64.6
2025-07-17 04:45:00,308,376.9,113.8,202.2,60.9
2025-07-17 05:00:00,309,386.2,115.3,201.0,69.9
2025-07-17 05:15:00,310,380.5,102.8,207.8,69.9
2025-07-17 05:30:00,311,368.2,104.2,202.1,62.0
2025-07-17 05:45:00,312,368.0,100.1,205.2,62.7
2025-07-17 06:00:00,313,402.9,113.8,221.7,67.5
2025-07-17 06:15:00,314,418.3,127.7,229.1,61.4
2025-07-17 06:30:00,315,424.0,134.2,225.0,64.8
2025-07-17 06:45:00,316,435.2,139.1,233.9,62.2
2025-07-17 07:00:00,317,450.9,139.3,234.3,77.3
2025-07-17 07:15:00,318,488.9,156.2,243.4,89.3
2025-07-17 07:30:00,319,499.4,156.2,247.7,95.4
2025-07-17 07:45:00,320,527.5,172.2,250.7,104.7
2025-07-17 08:00:00,321,554.5,184.4,254.9,115.1
2025-07-17 08:15:00,322,551.2,184.4,245.4,121.4
2025-07-17 08:30:00,323,582.6,186.8,260.4,135.4
2025-07-17 08:45:00,324,607.8,206.8,264.3,136.7
2025-07-17 09:00:00,325,626.4,210.0,269.5,146.9
2025-07-17 09:15:00,326,631.8,218.8,267.6,145.4
2025-07-17 09:30:00,327,642.7,219.4,272.1,151.2
2025-07-17 09:45:00,328,663.0,232.0,274.6,156.5
2025-07-17 10:00:00,329,668.5,239.0,277.1,152.4
2025-07-17 10:15:00,330,666.5,237.8,273.2,155.5
2025-07-17 10:30:00,331,687.5,249.0,279.1,159.4
2025-07-17 10:45:00,332,679.7,245.1,276.7,157.9
2025-07-17 11:00:00,333,709.7,259.4,289.4,161.0
2025-07-17 11:15:00,334,712.2,270.5,285.3,156.4
2025-07-17 11:30:00,335,709.0,268.6,283.7,156.7
2025-07-17 11:45:00,336,726.1,276.9,290.2,159.0
2025-07-17 12:00:00,337,670.8,266.0,277.6,127.3
2025-07-17 12:15:00,338,664.5,263.5,283.1,117.9
2025-07-17 12:30:00,339,673.4,266.6,289.4,117.4
2025-07-17 12:45:00,340,669.4,259.4,284.6,125.4
2025-07-17 13:00:00,341,673.7,256.9,294.0,122.7
2025-07-17 13:15:00,342,671.2,251.7,295.4,124.1
2025-07-17 13:30:00,343,666.4,241.9,293.3,131.2
2025-07-17 13:45:00,344,667.8,241.9,300.9,125.0
2025-07-17 14:00:00,345,716.3,257.9,291.6,166.9
2025-07-17 14:15:00,346,727.3,258.0,307.0,162.3
2025-07-17 14:30:00,347,738.5,265.3,302.7,170.4
2025-07-17 14:45:00,348,725.9,263.9,297.5,164.5
2025-07-17 15:00:00,349,739.2,274.4,295.3,169.5
2025-07-17 15:15:00,350,732.2,268.3,298.8,165.1
2025-07-17 15:30:00,351,746.4,278.4,298.4,169.6
2025-07-17 15:45:00,352,739.9,280.0,286.9,173.1
2025-07-17 16:00:00,353,750.0,283.2,298.2,168.5
2025-07-17 16:15:00,354,754.6,297.4,288.2,169.0
2025-07-17 16:30:00,355,755.7,292.3,297.4,165.9
2025-07-17 16:45:00,356,747.0,299.3,287.2,160.5
2025-07-17 17:00:00,357,715.3,287.6,296.1,131.6
2025-07-17 17:15:00,358,718.4,298.5,286.8,133.0
2025-07-17 17:30:00,359,673.1,261.7,284.1,127.3
2025-07-17 17:45:00,360,669.4,262.1,284.5,122.8
2025-07-17 18:00:00,361,639.8,255.1,272.3,112.4
2025-07-17 18:15:00,362,619.4,240.7,266.0,112.7
2025-07-17 18:30:00,363,618.1,237.8,268.7,111.6
2025-07-17 18:45:00,364,601.3,239.7,266.3,95.3
2025-07-17 19:00:00,365,590.4,224.6,268.0,97.8
2025-07-17 19:15:00,366,554.1,209.8,256.9,87.4
2025-07-17 19:30:00,367,558.0,209.2,263.1,85.6
2025-07-17 19:45:00,368,534.9,200.6,257.4,76.9
2025-07-17 20:00:00,369,489.6,158.4,246.0,85.2
2025-07-17 20:15:00,370,480.6,156.6,242.8,81.2
2025-07-17 20:30:00,371,486.5,151.3,254.1,81.2
2025-07-17 20:45:00,372,463.2,152.2,235.1,75.9
2025-07-17 21:00:00,373,468.8,147.3,234.7,86.9
2025-07-17 21:15:00,374,469.6,141.0,243.5,85.1
2025-07-17 21:30:00,375,468.9,145.8,241.2,82.0
2025-07-17 21:45:00,376,439.5,133.3,227.7,78.5
2025-07-17 22:00:00,377,434.2,128.7,225.5,79.9
2025-07-17 22:15:00,378,424.8,133.4,215.4,75.9
2025-07-17 22:30:00,379,408.9,115.4,218.7,74.8
2025-07-17 22:45:00,380,422.6,125.6,215.4,81.6
2025-07-17 23:00:00,381,411.9,121.7,217.9,72.3
2025-07-17 23:15:00,382,426.8,121.6,225.6,79.6
2025-07-17 23:30:00,383,396.5,111.0,215.7,69.7
2025-07-17 23:45:00,384,397.3,114.4,212.7,70.2
2025-07-18 00:00:00,385,361.9,102.9,202.6,56.4
2025-07-18 00:15:00,386,391.0,112.1,215.3,63.6
2025-07-18 00:30:00,387,373.4,106.9,200.6,65.9
2025-07-18 00:45:00,388,380.2,109.9,205.9,64.4
2025-07-18 01:00:00,389,371.7,101.7,203.9,66.1
2025-07-18 01:15:00,390,378.8,101.8,212.8,64.2
2025-07-18 01:30:00,391,362.5,102.0,192.9,67.7
2025-07-18 01:45:00,392,375.8,103.9,205.3,66.5
2025-07-18 02:00:00,393,373.1,102.9,209.0,61.2
2025-07-18 02:15:00,394,371.8,99.6,207.3,64.9
2025-07-18 02:30:00,395,373.6,109.7,201.3,62.6
2025-07-18 02:45:00,396,374.7,109.6,199.9,65.2
2025-07-18 03:00:00,397,377.6,107.8,205.9,63.9
2025-07-18 03:15:00,398,361.2,105.3,199.6,56.2
2025-07-18 03:30:00,399,363.8,108.6,193.2,62.0
2025-07-18 03:45:00,400,381.1,113.2,205.1,62.8
2025-07-18 04:00:00,401,374.9,110.5,201.8,62.6
2025-07-18 04:15:00,402,376.7,101.2,205.6,69.9
2025-07-18 04:30:00,403,367.8,104.0,203.5,60.3
2025-07-18 04:45:00,404,383.7,104.7,204.4,74.6
2025-07-18 05:00:00,405,373.5,102.0,203.1,68.4
2025-07-18 05:15:00,406,372.5,99.2,210.3,63.0
2025-07-18 05:30:00,407,384.3,109.3,206.2,68.8
2025-07-18 05:45:00,408,380.4,108.4,209.6,62.5
2025-07-18 06:00:00,409,408.4,124.1,220.5,63.8
2025-07-18 06:15:00,410,425.8,127.9,236.0,61.8
2025-07-18 06:30:00,411,436.9,139.5,230.4,67.0
2025-07-18 06:45:00,412,442.6,141.5,232.6,68.4
2025-07-18 07:00:00,413,488.3,161.5,243.1,83.8
2025-07-18 07:15:00,414,490.1,155.9,244.9,89.4
2025-07-18 07:30:00,415,514.5,170.4,242.2,101.9
2025-07-18 07:45:00,416,522.2,174.3,242.1,105.7
2025-07-18 08:00:00,417,558.7,192.6,251.9,114.2
2025-07-18 08:15:00,418,582.3,200.3,259.4,122.6
2025-07-18 08:30:00,419,600.3,198.7,271.5,130.1
2025-07-18 08:45:00,420,631.0,217.3,274.5,139.2
2025-07-18 09:00:00,421,632.5,216.0,267.3,149.2
2025-07-18 09:15:00,422,644.9,224.6,269.8,150.5
2025-07-18 09:30:00,423,658.4,227.4,278.8,152.3
2025-07-18 09:45:00,424,671.8,230.2,279.3,162.4
2025-07-18 10:00:00,425,674.9,236.0,281.1,157.8
2025-07-18 10:15:00,426,697.4,249.0,285.2,163.1
2025-07-18 10:30:00,427,706.3,252.3,287.4,166.5
2025-07-18 10:45:00,428,706.0,254.6,290.9,160.5
2025-07-18 11:00:00,429,705.8,264.7,282.1,159.0
2025-07-18 11:15:00,430,724.1,272.0,292.9,159.2
2025-07-18 11:30:00,431,732.7,276.4,294.8,161.4
2025-07-18 11:45:00,432,733.3,285.3,288.3,159.7
2025-07-18 12:00:00,433,702.5,284.2,292.7,125.6
2025-07-18 12:15:00,434,691.9,271.2,298.7,122.1
2025-07-18 12:30:00,435,693.7,262.6,299.4,131.8
2025-07-18 12:45:00,436,692.0,263.7,297.0,131.3
2025-07-18 13:00:00,437,690.5,259.9,301.5,129.1
2025-07-18 13:15:00,438,676.5,260.6,285.0,130.9
2025-07-18 13:30:00,439,677.0,243.6,300.7,132.7
2025-07-18 13:45:00,440,700.3,259.9,307.2,133.1
2025-07-18 14:00:00,441,728.8,266.2,301.8,160.9
2025-07-18 14:15:00,442,736.7,261.0,310.2,165.5
2025-07-18 14:30:00,443,744.1,271.2,299.9,173.0
2025-07-18 14:45:00,444,732.1,272.5,294.9,164.7
2025-07-18 15:00:00,445,739.1,275.4,296.2,167.6
2025-07-18 15:15:00,446,738.9,277.6,289.4,172.0
2025-07-18 15:30:00,447,743.1,278.1,296.4,168.6
2025-07-18 15:45:00,448,752.2,293.1,288.0,171.1
2025-07-18 16:00:00,449,757.4,293.0,297.0,167.3
2025-07-18 16:15:00,450,758.6,290.1,300.1,168.4
2025-07-18 16:30:00,451,756.1,299.8,292.5,163.8
2025-07-18 16:45:00,452,748.2,290.8,291.9,165.5
2025-07-18 17:00:00,453,728.6,304.0,287.0,137.6
2025-07-18 17:15:00,454,734.0,311.9,290.2,131.9
2025-07-18 17:30:00,455,670.8,262.2,284.6,123.9
2025-07-18 17:45:00,456,668.6,262.0,285.2,121.4
2025-07-18 18:00:00,457,649.5,257.3,269.5,122.8
2025-07-18 18:15:00,458,638.1,248.4,275.8,114.0
2025-07-18 18:30:00,459,622.2,244.3,267.9,110.0
2025-07-18 18:45:00,460,600.9,233.3,265.9,101.6
2025-07-18 19:00:00,461,580.1,220.0,261.9,98.1
2025-07-18 19:15:00,462,575.9,216.9,268.8,90.2
2025-07-18 19:30:00,463,567.9,216.9,257.5,93.5
2025-07-18 19:45:00,464,548.3,208.3,260.6,79.4
2025-07-18 20:00:00,465,510.7,165.6,257.3,87.8
2025-07-18 20:15:00,466,499.2,163.9,255.4,79.9
2025-07-18 20:30:00,467,497.1,152.9,255.5,88.8
2025-07-18 20:45:00,468,472.2,150.6,239.3,82.3
2025-07-18 21:00:00,469,489.5,153.1,249.5,86.9
2025-07-18 21:15:00,470,456.1,145.3,231.5,79.3
2025-07-18 21:30:00,471,464.6,151.5,232.8,80.3
2025-07-18 21:45:00,472,454.0,141.1,231.1,81.8
2025-07-18 22:00:00,473,443.9,135.8,228.6,79.5
2025-07-18 22:15:00,474,434.0,132.1,224.3,77.6
2025-07-18 22:30:00,475,439.7,135.8,226.6,77.3
2025-07-18 22:45:00,476,435.1,126.3,229.6,79.2
2025-07-18 23:00:00,477,412.2,124.9,213.9,73.5
2025-07-18 23:15:00,478,428.9,118.7,228.1,82.1
2025-07-18 23:30:00,479,405.8,119.9,211.5,74.4
2025-07-18 23:45:00,480,403.2,112.5,217.1,73.6
2025-07-19 00:00:00,481,333.3,98.0,179.6,55.7
2025-07-19 00:15:00,482,320.3,91.3,174.9,54.1
2025-07-19 00:30:00,483,338.8,102.8,179.5,56.5
2025-07-19 00:45:00,484,343.3,94.6,198.2,50.5
2025-07-19 01:00:00,485,342.6,96.9,190.4,55.3
2025-07-19 01:15:00,486,333.7,93.4,186.3,54.0
2025-07-19 01:30:00,487,335.3,93.5,186.9,54.9
2025-07-19 01:45:00,488,329.7,94.8,176.1,58.8
2025-07-19 02:00:00,489,333.5,92.4,182.0,59.1
2025-07-19 02:15:00,490,353.5,107.6,190.3,55.7
2025-07-19 02:30:00,491,340.7,96.1,187.6,56.9
2025-07-19 02:45:00,492,333.9,95.4,184.0,54.5
2025-07-19 03:00:00,493,333.7,99.5,188.0,46.2
2025-07-19 03:15:00,494,334.5,95.8,184.9,53.8
2025-07-19 03:30:00,495,336.1,98.8,181.1,56.2
2025-07-19 03:45:00,496,328.9,89.5,181.9,57.6
2025-07-19 04:00:00,497,342.2,97.1,188.6,56.5
2025-07-19 04:15:00,498,343.0,96.7,189.0,57.3
2025-07-19 04:30:00,499,342.8,97.8,186.8,58.2
2025-07-19 04:45:00,500,328.4,91.5,184.2,52.8
2025-07-19 05:00:00,501,329.5,94.4,181.0,54.1
2025-07-19 05:15:00,502,333.4,95.9,185.0,52.5
2025-07-19 05:30:00,503,328.5,98.8,177.1,52.7
2025-07-19 05:45:00,504,334.8,91.2,189.1,54.4
2025-07-19 06:00:00,505,327.1,87.0,188.9,51.3
2025-07-19 06:15:00,506,341.0,96.1,193.8,51.1
2025-07-19 06:30:00,507,348.5,95.7,194.0,58.7
2025-07-19 06:45:00,508,338.9,93.5,193.2,52.3
2025-07-19 07:00:00,509,369.5,109.4,195.8,64.3
2025-07-19 07:15:00,510,352.5,109.7,191.4,51.4
2025-07-19 07:30:00,511,358.8,113.0,188.8,57.1
2025-07-19 07:45:00,512,373.1,123.5,192.4,57.2
2025-07-19 08:00:00,513,424.1,125.1,218.3,80.8
2025-07-19 08:15:00,514,418.4,127.4,208.9,82.1
2025-07-19 08:30:00,515,442.7,137.1,219.0,86.6
2025-07-19 08:45:00,516,451.0,139.9,223.0,88.1
2025-07-19 09:00:00,517,440.9,141.9,210.0,89.0
2025-07-19 09:15:00,518,480.0,154.5,230.2,95.3
2025-07-19 09:30:00,519,467.8,154.2,222.6,91.0
2025-07-19 09:45:00,520,483.5,163.8,227.3,92.3
2025-07-19 10:00:00,521,468.6,159.1,221.8,87.6
2025-07-19 10:15:00,522,476.2,153.7,227.6,94.9
2025-07-19 10:30:00,523,498.3,167.3,233.5,97.5
2025-07-19 10:45:00,524,499.5,161.3,239.8,98.3
2025-07-19 11:00:00,525,494.7,164.2,228.4,102.1
2025-07-19 11:15:00,526,503.6,166.9,232.9,103.9
2025-07-19 11:30:00,527,511.4,176.9,232.3,102.2
2025-07-19 11:45:00,528,513.8,176.3,236.3,101.3
2025-07-19 12:00:00,529,518.0,172.5,244.2,101.3
2025-07-19 12:15:00,530,505.1,173.9,228.4,102.8
2025-07-19 12:30:00,531,537.0,186.8,245.1,105.1
2025-07-19 12:45:00,532,528.9,183.5,237.3,108.0
2025-07-19 13:00:00,533,539.1,186.5,246.9,105.7
2025-07-19 13:15:00,534,534.7,187.0,243.5,104.2
2025-07-19 13:30:00,535,530.9,190.7,238.8,101.4
2025-07-19 13:45:00,536,538.3,185.3,246.3,106.7
2025-07-19 14:00:00,537,531.2,190.8,237.1,103.3
2025-07-19 14:15:00,538,533.8,178.5,244.5,110.8
2025-07-19 14:30:00,539,529.1,186.1,239.1,103.9
2025-07-19 14:45:00,540,541.0,182.9,251.2,106.9
2025-07-19 15:00:00,541,537.3,183.4,246.1,107.8
2025-07-19 15:15:00,542,526.2,181.8,242.2,102.1
2025-07-19 15:30:00,543,536.3,183.8,248.6,103.9
2025-07-19 15:45:00,544,529.7,181.2,238.7,109.7
2025-07-19 16:00:00,545,530.6,178.0,250.8,101.9
2025-07-19 16:15:00,546,523.2,176.5,240.5,106.2
2025-07-19 16:30:00,547,509.2,179.2,231.0,99.0
2025-07-19 16:45:00,548,509.1,176.4,231.1,101.6
2025-07-19 17:00:00,549,496.2,155.6,241.6,99.1
2025-07-19 17:15:00,550,490.3,155.6,234.4,100.3
2025-07-19 17:30:00,551,490.3,154.0,241.4,94.9
2025-07-19 17:45:00,552,486.6,149.1,240.7,96.7
2025-07-19 18:00:00,553,443.1,145.1,216.3,81.8
2025-07-19 18:15:00,554,443.6,141.9,220.6,81.1
2025-07-19 18:30:00,555,447.0,138.0,231.0,78.0
2025-07-19 18:45:00,556,433.3,132.4,223.3,77.6
2025-07-19 19:00:00,557,437.1,136.3,225.3,75.5
2025-07-19 19:15:00,558,420.0,129.6,212.3,78.1
2025-07-19 19:30:00,559,410.9,125.4,208.4,77.1
2025-07-19 19:45:00,560,408.7,117.6,213.5,77.6
2025-07-19 20:00:00,561,414.8,120.2,224.4,70.2
2025-07-19 20:15:00,562,398.7,117.0,210.5,71.2
2025-07-19 20:30:00,563,402.4,113.7,211.1,77.7
2025-07-19 20:45:00,564,379.5,104.2,202.8,72.6
2025-07-19 21:00:00,565,360.0,104.6,197.4,58.0
2025-07-19 21:15:00,566,373.3,105.4,214.9,53.0
2025-07-19 21:30:00,567,362.7,107.2,198.8,56.6
2025-07-19 21:45:00,568,358.0,98.5,206.9,52.6
2025-07-19 22:00:00,569,330.2,97.0,183.3,49.9
2025-07-19 22:15:00,570,340.0,92.8,192.4,54.7
2025-07-19 22:30:00,571,328.4,89.2,191.2,47.9
2025-07-19 22:45:00,572,334.0,94.2,189.4,50.3
2025-07-19 23:00:00,573,342.5,96.3,193.0,53.2
2025-07-19 23:15:00,574,318.5,87.0,179.8,51.7
2025-07-19 23:30:00,575,327.7,95.6,186.6,45.5
2025-07-19 23:45:00,576,318.0,86.0,181.2,50.8
2025-07-20 00:00:00,577,350.2,107.4,188.3,54.5
2025-07-20 00:15:00,578,342.3,98.6,183.4,60.4
2025-07-20 00:30:00,579,341.6,97.0,188.3,56.3
2025-07-20 00:45:00,580,326.4,92.5,182.2,51.7
2025-07-20 01:00:00,581,345.4,98.1,187.3,60.0
2025-07-20 01:15:00,582,331.1,97.7,179.5,53.8
2025-07-20 01:30:00,583,336.7,98.4,183.5,54.8
2025-07-20 01:45:00,584,339.7,93.6,189.5,56.7
2025-07-20 02:00:00,585,333.3,95.2,185.0,53.0
2025-07-20 02:15:00,586,337.6,96.7,187.5,53.4
2025-07-20 02:30:00,587,334.4,99.4,182.6,52.4
2025-07-20 02:45:00,588,340.6,93.4,190.3,56.9
2025-07-20 03:00:00,589,336.4,89.5,191.1,55.8
2025-07-20 03:15:00,590,327.9,95.6,176.1,56.2
2025-07-20 03:30:00,591,325.3,89.6,177.4,58.3
2025-07-20 03:45:00,592,333.3,101.1,182.3,49.9
2025-07-20 04:00:00,593,337.5,99.9,184.2,53.4
2025-07-20 04:15:00,594,346.9,97.0,190.6,59.3
2025-07-20 04:30:00,595,328.4,89.7,182.9,55.8
2025-07-20 04:45:00,596,332.7,91.2,186.7,54.9
2025-07-20 05:00:00,597,328.0,92.0,183.8,52.2
2025-07-20 05:15:00,598,327.1,99.1,175.8,52.2
2025-07-20 05:30:00,599,327.6,92.4,184.6,50.7
2025-07-20 05:45:00,600,332.2,91.0,186.0,55.2
2025-07-20 06:00:00,601,332.2,95.7,182.3,54.2
2025-07-20 06:15:00,602,337.1,100.4,179.3,57.5
2025-07-20 06:30:00,603,339.9,90.4,189.9,59.6
2025-07-20 06:45:00,604,337.2,91.3,190.1,55.8
2025-07-20 07:00:00,605,346.9,106.4,189.5,51.0
2025-07-20 07:15:00,606,356.4,113.2,188.0,55.1
2025-07-20 07:30:00,607,358.1,113.1,190.2,54.8
2025-07-20 07:45:00,608,364.6,116.5,194.4,53.7
2025-07-20 08:00:00,609,413.2,120.0,212.6,80.6
2025-07-20 08:15:00,610,417.7,128.5,211.0,78.2
2025-07-20 08:30:00,611,437.0,138.4,210.7,87.8
2025-07-20 08:45:00,612,437.9,135.1,217.9,84.8
2025-07-20 09:00:00,613,433.2,135.6,213.4,84.2
2025-07-20 09:15:00,614,458.5,141.4,224.0,93.1
2025-07-20 09:30:00,615,464.4,149.1,224.3,91.0
2025-07-20 09:45:00,616,471.3,156.9,226.8,87.7
2025-07-20 10:00:00,617,473.9,157.4,223.2,93.3
2025-07-20 10:15:00,618,490.8,155.5,233.8,101.4
2025-07-20 10:30:00,619,477.8,151.2,230.0,96.6
2025-07-20 10:45:00,620,488.1,166.1,223.9,98.1
2025-07-20 11:00:00,621,505.3,169.1,241.6,94.5
2025-07-20 11:15:00,622,497.2,168.2,231.2,97.8
2025-07-20 11:30:00,623,492.6,160.3,235.1,97.2
2025-07-20 11:45:00,624,506.8,175.1,229.5,102.2
2025-07-20 12:00:00,625,513.4,170.6,241.1,101.7
2025-07-20 12:15:00,626,516.4,178.8,237.5,100.2
2025-07-20 12:30:00,627,528.7,170.6,252.9,105.2
2025-07-20 12:45:00,628,514.1,169.6,241.0,103.4
2025-07-20 13:00:00,629,523.6,178.2,240.9,104.6
2025-07-20 13:15:00,630,512.0,170.6,240.4,101.0
2025-07-20 13:30:00,631,539.2,192.3,243.9,103.0
2025-07-20 13:45:00,632,535.8,184.0,245.3,106.4
2025-07-20 14:00:00,633,529.5,179.7,247.1,102.7
2025-07-20 14:15:00,634,522.7,178.2,241.0,103.5
2025-07-20 14:30:00,635,528.1,186.1,237.2,104.7
2025-07-20 14:45:00,636,516.8,174.3,240.3,102.2
2025-07-20 15:00:00,637,526.6,185.5,237.8,103.3
2025-07-20 15:15:00,638,521.7,189.1,234.7,98.0
2025-07-20 15:30:00,639,526.6,182.6,238.7,105.3
2025-07-20 15:45:00,640,514.2,172.7,238.9,102.6
2025-07-20 16:00:00,641,509.1,174.3,233.7,101.1
2025-07-20 16:15:00,642,505.2,170.9,232.6,101.7
2025-07-20 16:30:00,643,507.3,172.7,238.8,95.8
2025-07-20 16:45:00,644,514.1,169.8,249.3,95.1
2025-07-20 17:00:00,645,502.3,159.9,238.4,104.0
2025-07-20 17:15:00,646,487.6,152.8,234.2,100.6
2025-07-20 17:30:00,647,470.0,146.9,227.4,95.8
2025-07-20 17:45:00,648,472.1,143.0,236.6,92.5
2025-07-20 18:00:00,649,437.0,141.5,224.0,71.5
2025-07-20 18:15:00,650,438.0,138.0,224.2,75.8
2025-07-20 18:30:00,651,419.1,134.2,212.7,72.2
2025-07-20 18:45:00,652,412.2,129.6,213.2,69.4
2025-07-20 19:00:00,653,427.6,134.4,220.2,73.0
2025-07-20 19:15:00,654,418.5,124.0,217.6,77.0
2025-07-20 19:30:00,655,413.3,119.9,215.1,78.2
2025-07-20 19:45:00,656,413.5,121.4,213.7,78.4
2025-07-20 20:00:00,657,404.8,110.7,218.8,75.3
2025-07-20 20:15:00,658,391.4,107.1,211.1,73.2
2025-07-20 20:30:00,659,399.9,107.6,217.6,74.7
2025-07-20 20:45:00,660,381.0,106.4,202.7,71.9
2025-07-20 21:00:00,661,361.0,102.6,204.2,54.1
2025-07-20 21:15:00,662,345.1,94.0,202.1,49.0
2025-07-20 21:30:00,663,358.0,100.8,199.4,57.8
2025-07-20 21:45:00,664,355.7,100.4,200.0,55.4
2025-07-20 22:00:00,665,334.2,95.6,186.1,52.6
2025-07-20 22:15:00,666,320.8,86.6,186.9,47.3
2025-07-20 22:30:00,667,321.5,85.7,188.9,46.8
2025-07-20 22:45:00,668,324.4,92.5,180.1,51.7
2025-07-20 23:00:00,669,309.1,87.8,177.2,44.1
2025-07-20 23:15:00,670,314.7,83.7,181.7,49.2
2025-07-20 23:30:00,671,319.9,88.8,179.0,52.2
2025-07-20 23:45:00,672,319.0,91.3,182.3,45.4
