timestamp,P_buy,P_sell,P_ess_ch,P_ess_dis,E_ess,P_shift_up,P_shift_down,P_shift,P_shed,P_curtail,P_ev_ch_total,P_ev_dis_total
2025-07-14 00:00:00,537.7,0.0,0.0,0.0,600.0,155.0,0.0,155.0,0.0,0.0,0.0,0.0
2025-07-14 00:15:00,539.3,0.0,0.0,0.0,600.0,155.0,0.0,155.0,0.0,0.0,0.0,0.0
2025-07-14 00:30:00,528.5,0.0,0.0,0.0,600.0,155.0,0.0,155.0,0.0,0.0,0.0,0.0
2025-07-14 00:45:00,512.0,0.0,0.0,0.0,600.0,155.0,0.0,155.0,0.0,0.0,0.0,0.0
2025-07-14 01:00:00,522.5,0.0,0.0,0.0,600.0,155.0,0.0,155.0,0.0,0.0,0.0,0.0
2025-07-14 01:15:00,525.2,0.0,0.0,0.0,600.0,155.0,0.0,155.0,0.0,0.0,0.0,0.0
2025-07-14 01:30:00,525.8,0.0,0.0,0.0,600.0,155.0,0.0,155.0,0.0,0.0,0.0,0.0
2025-07-14 01:45:00,531.4,0.0,0.0,0.0,600.0,155.0,0.0,155.0,0.0,0.0,0.0,0.0
2025-07-14 02:00:00,526.2,0.0,0.0,0.0,600.0,155.0,0.0,155.0,0.0,0.0,0.0,0.0
2025-07-14 02:15:00,516.1,0.0,0.0,0.0,600.0,155.0,0.0,155.0,0.0,0.0,0.0,0.0
2025-07-14 02:30:00,529.2,0.0,0.0,0.0,600.0,155.0,0.0,155.0,0.0,0.0,0.0,0.0
2025-07-14 02:45:00,528.0,0.0,0.0,0.0,600.0,155.0,0.0,155.0,0.0,0.0,0.0,0.0
2025-07-14 03:00:00,523.4,0.0,0.0,0.0,600.0,155.0,0.0,155.0,0.0,0.0,0.0,0.0
2025-07-14 03:15:00,540.4,0.0,0.0,0.0,600.0,155.0,0.0,155.0,0.0,0.0,0.0,0.0
2025-07-14 03:30:00,533.3,0.0,0.0,0.0,600.0,155.0,0.0,155.0,0.0,0.0,0.0,0.0
2025-07-14 03:45:00,520.1,0.0,0.0,0.0,600.0,155.0,0.0,155.0,0.0,0.0,0.0,0.0
2025-07-14 04:00:00,538.1,0.0,0.0,0.0,600.0,155.0,0.0,155.0,0.0,0.0,0.0,0.0
2025-07-14 04:15:00,533.8,0.0,0.0,0.0,600.0,155.0,0.0,155.0,0.0,0.0,0.0,0.0
2025-07-14 04:30:00,525.6,0.0,0.0,0.0,600.0,155.0,0.0,155.0,0.0,0.0,0.0,0.0
2025-07-14 04:45:00,523.3,0.0,0.0,0.0,600.0,155.0,0.0,155.0,0.0,0.0,0.0,0.0
2025-07-14 05:00:00,537.3,0.0,0.0,0.0,600.0,155.0,0.0,155.0,0.0,0.0,0.0,0.0
2025-07-14 05:15:00,833.6,0.0,300.0,0.0,671.25,155.0,0.0,155.0,0.0,0.0,0.0,0.0
2025-07-14 05:30:00,835.4,0.0,300.0,0.0,742.5,155.0,0.0,155.0,0.0,0.0,0.0,0.0
2025-07-14 05:45:00,732.65263,0.0,221.05263,0.0,795.0,155.0,0.0,155.0,0.0,0.0,0.0,0.0
2025-07-14 06:00:00,833.5,0.0,300.0,0.0,866.25,155.0,0.0,155.0,0.0,0.0,0.0,0.0
2025-07-14 06:15:00,816.7,0.0,300.0,0.0,937.5,155.0,0.0,155.0,0.0,0.0,0.0,0.0
2025-07-14 06:30:00,823.2,0.0,300.0,0.0,1008.75,155.0,0.0,155.0,0.0,0.0,0.0,0.0
2025-07-14 06:45:00,802.9,0.0,300.0,0.0,1080.0,155.0,0.0,155.0,0.0,0.0,14.0,0.0
2025-07-14 07:00:00,199.3,0.0,0.0,0.0,1080.0,0.0,155.0,-155.0,0.0,0.0,0.0,0.0
2025-07-14 07:15:00,187.0,0.0,0.0,0.0,1080.0,0.0,155.0,-155.0,0.0,0.0,0.0,0.0
2025-07-14 07:30:00,179.8,0.0,0.0,0.0,1080.0,0.0,155.0,-155.0,0.0,0.0,0.0,0.0
2025-07-14 07:45:00,176.0,0.0,0.0,0.0,1080.0,0.0,155.0,-155.0,0.0,0.0,0.0,0.0
2025-07-14 08:00:00,173.5,0.0,0.0,0.0,1080.0,0.0,155.0,-155.0,0.0,0.0,7.0,0.0
2025-07-14 08:15:00,184.4,0.0,0.0,0.0,1080.0,0.0,155.0,-155.0,0.0,0.0,18.0,0.0
2025-07-14 08:30:00,165.04515,0.0,0.0,0.0,1080.0,0.0,155.0,-155.0,0.0,0.0,7.74515235,0.0
2025-07-14 08:45:00,162.42659,0.0,0.0,0.0,1080.0,0.0,155.0,-155.0,0.0,0.0,9.426592800000002,0.0
2025-07-14 09:00:00,141.7,0.0,0.0,0.0,1080.0,0.0,155.0,-155.0,0.0,0.0,0.0,0.0
2025-07-14 09:15:00,141.0,0.0,0.0,0.0,1080.0,0.0,155.0,-155.0,0.0,0.0,0.0,0.0
2025-07-14 09:30:00,140.5,0.0,0.0,0.0,1080.0,0.0,155.0,-155.0,0.0,0.0,18.0,0.0
2025-07-14 09:45:00,136.9,0.0,0.0,0.0,1080.0,0.0,155.0,-155.0,0.0,0.0,18.0,0.0
2025-07-14 10:00:00,126.5,0.0,0.0,0.0,1080.0,0.0,155.0,-155.0,0.0,0.0,18.0,0.0
2025-07-14 10:15:00,119.3,0.0,0.0,0.0,1080.0,0.0,155.0,-155.0,0.0,0.0,7.0,0.0
2025-07-14 10:30:00,97.689474,0.0,0.0,0.0,1080.0,0.0,155.0,-155.0,0.0,0.0,17.789474,0.0
2025-07-14 10:45:00,104.0,0.0,0.0,0.0,1080.0,0.0,155.0,-155.0,0.0,0.0,14.0,0.0
2025-07-14 11:00:00,536.4,0.0,0.0,0.0,1080.0,155.0,0.0,155.0,0.0,0.0,133.0,0.0
2025-07-14 11:15:00,515.6,0.0,0.0,0.0,1080.0,155.0,0.0,155.0,0.0,0.0,133.0,0.0
2025-07-14 11:30:00,391.80526,0.0,0.0,0.0,1080.0,0.0,0.0,0.0,0.0,0.0,156.1052632,0.0
2025-07-14 11:45:00,514.2,0.0,0.0,0.0,1080.0,155.0,0.0,155.0,0.0,0.0,136.0,0.0
2025-07-14 12:00:00,339.79474,0.0,0.0,0.0,1080.0,0.0,0.0,0.0,0.0,0.0,149.8947368,0.0
2025-07-14 12:15:00,474.4,0.0,0.0,0.0,1080.0,155.0,0.0,155.0,0.0,0.0,136.0,0.0
2025-07-14 12:30:00,504.86676,0.0,0.0,0.0,1080.0,155.0,0.0,155.0,0.0,0.0,149.966759,0.0
2025-07-14 12:45:00,477.87036,0.0,0.0,0.0,1080.0,155.0,0.0,155.0,0.0,0.0,138.6703601,0.0
2025-07-14 13:00:00,520.9,0.0,0.0,0.0,1080.0,155.0,0.0,155.0,0.0,0.0,151.0,0.0
2025-07-14 13:15:00,346.8,0.0,0.0,0.0,1080.0,0.0,0.0,0.0,0.0,0.0,144.0,0.0
2025-07-14 13:30:00,491.9,0.0,0.0,0.0,1080.0,155.0,0.0,155.0,0.0,0.0,140.0,0.0
2025-07-14 13:45:00,505.05789,0.0,0.0,0.0,1080.0,155.0,0.0,155.0,0.0,0.0,131.15789469999999,0.0
2025-07-14 14:00:00,551.08421,0.0,0.0,0.0,1080.0,155.0,0.0,155.0,0.0,0.0,122.6842105,0.0
2025-07-14 14:15:00,567.17368,0.0,0.0,0.0,1080.0,155.0,0.0,155.0,0.0,0.0,119.4736842,0.0
2025-07-14 14:30:00,428.12105,0.0,0.0,0.0,1080.0,0.0,0.0,0.0,0.0,0.0,99.4210527,0.0
2025-07-14 14:45:00,579.89474,0.0,0.0,0.0,1080.0,155.0,0.0,155.0,0.0,0.0,88.8947369,0.0
2025-07-14 15:00:00,181.0,0.0,0.0,0.0,1080.0,0.0,155.0,-155.0,0.0,0.0,0.0,34.1
2025-07-14 15:15:00,205.72,0.0,0.0,0.0,1080.0,0.0,155.0,-155.0,0.0,0.0,0.0,23.68
2025-07-14 15:30:00,259.7,0.0,0.0,0.0,1080.0,0.0,155.0,-155.0,0.0,0.0,0.0,10.0
2025-07-14 15:45:00,284.7,0.0,0.0,0.0,1080.0,0.0,155.0,-155.0,0.0,0.0,0.0,10.0
2025-07-14 16:00:00,324.54,0.0,0.0,0.0,1080.0,0.0,155.0,-155.0,0.0,0.0,0.0,0.66
2025-07-14 16:15:00,329.66842,0.0,0.0,0.0,1080.0,0.0,155.0,-155.0,0.0,0.0,6.3684211,0.0
2025-07-14 16:30:00,383.43684,0.0,0.0,0.0,1080.0,0.0,155.0,-155.0,0.0,0.0,12.7368421,0.0
2025-07-14 16:45:00,415.1,0.0,0.0,0.0,1080.0,0.0,155.0,-155.0,0.0,0.0,14.0,0.0
2025-07-14 17:00:00,8.7,0.0,0.0,300.0,1001.0526,0.0,155.0,-155.0,0.0,0.0,0.0,92.0
2025-07-14 17:15:00,30.8,0.0,0.0,300.0,922.10526,0.0,155.0,-155.0,0.0,0.0,0.0,89.4
2025-07-14 17:30:00,33.7,0.0,0.0,300.0,843.15789,0.0,155.0,-155.0,0.0,0.0,0.0,78.0
2025-07-14 17:45:00,41.6,0.0,0.0,300.0,764.21053,0.0,155.0,-155.0,0.0,0.0,0.0,74.7
2025-07-14 18:00:00,61.7,0.0,0.0,300.0,685.26316,0.0,155.0,-155.0,0.0,0.0,0.0,50.1
2025-07-14 18:15:00,89.76,0.0,0.0,300.0,606.31579,0.0,155.0,-155.0,0.0,0.0,0.0,34.54
2025-07-14 18:30:00,114.7,0.0,0.0,300.0,527.36842,0.0,155.0,-155.0,0.0,0.0,0.0,24.0
2025-07-14 18:45:00,116.02,0.0,0.0,300.0,448.42105,0.0,155.0,-155.0,0.0,0.0,0.0,14.78
2025-07-14 19:00:00,431.3,0.0,0.0,0.0,448.42105,0.0,155.0,-155.0,0.0,0.0,0.0,0.0
2025-07-14 19:15:00,414.8,0.0,0.0,0.0,448.42105,0.0,155.0,-155.0,0.0,0.0,0.0,0.0
2025-07-14 19:30:00,409.2,0.0,0.0,0.0,448.42105,0.0,155.0,-155.0,0.0,0.0,0.0,0.0
2025-07-14 19:45:00,83.9,0.0,0.0,300.0,369.47368,0.0,155.0,-155.0,0.0,0.0,0.0,0.0
2025-07-14 20:00:00,45.3,0.0,0.0,300.0,290.52632,0.0,155.0,-155.0,0.0,0.0,0.0,0.0
2025-07-14 20:15:00,33.4,0.0,0.0,300.0,211.57895,0.0,155.0,-155.0,0.0,0.0,0.0,0.0
2025-07-14 20:30:00,28.5,0.0,0.0,300.0,132.63158,0.0,155.0,-155.0,0.0,0.0,0.0,0.0
2025-07-14 20:45:00,273.5,0.0,0.0,48.0,120.0,0.0,155.0,-155.0,0.0,0.0,0.0,0.0
2025-07-14 21:00:00,463.8,0.0,0.0,0.0,120.0,0.0,0.0,0.0,0.0,0.0,0.0,0.0
2025-07-14 21:15:00,458.4,0.0,0.0,0.0,120.0,0.0,0.0,0.0,0.0,0.0,0.0,0.0
2025-07-14 21:30:00,441.4,0.0,0.0,0.0,120.0,0.0,0.0,0.0,0.0,0.0,0.0,0.0
2025-07-14 21:45:00,449.2,0.0,0.0,0.0,120.0,0.0,0.0,0.0,0.0,0.0,0.0,0.0
2025-07-14 22:00:00,432.9,0.0,0.0,0.0,120.0,0.0,0.0,0.0,0.0,0.0,0.0,0.0
2025-07-14 22:15:00,426.2,0.0,0.0,0.0,120.0,0.0,0.0,0.0,0.0,0.0,0.0,0.0
2025-07-14 22:30:00,431.6,0.0,0.0,0.0,120.0,0.0,0.0,0.0,0.0,0.0,0.0,0.0
2025-07-14 22:45:00,419.8,0.0,0.0,0.0,120.0,0.0,0.0,0.0,0.0,0.0,0.0,0.0
2025-07-14 23:00:00,411.7,0.0,0.0,0.0,120.0,0.0,0.0,0.0,0.0,0.0,0.0,0.0
2025-07-14 23:15:00,425.2,0.0,0.0,0.0,120.0,0.0,0.0,0.0,0.0,0.0,0.0,0.0
2025-07-14 23:30:00,417.5,0.0,0.0,0.0,120.0,0.0,0.0,0.0,0.0,0.0,0.0,0.0
2025-07-14 23:45:00,390.4,0.0,0.0,0.0,120.0,0.0,0.0,0.0,0.0,0.0,0.0,0.0
2025-07-15 00:00:00,538.8,0.0,0.0,0.0,120.0,155.0,0.0,155.0,0.0,0.0,0.0,0.0
2025-07-15 00:15:00,526.7,0.0,0.0,0.0,120.0,155.0,0.0,155.0,0.0,0.0,0.0,0.0
2025-07-15 00:30:00,541.8,0.0,0.0,0.0,120.0,155.0,0.0,155.0,0.0,0.0,0.0,0.0
2025-07-15 00:45:00,538.6,0.0,0.0,0.0,120.0,155.0,0.0,155.0,0.0,0.0,0.0,0.0
2025-07-15 01:00:00,527.8,0.0,0.0,0.0,120.0,155.0,0.0,155.0,0.0,0.0,0.0,0.0
2025-07-15 01:15:00,526.7,0.0,0.0,0.0,120.0,155.0,0.0,155.0,0.0,0.0,0.0,0.0
2025-07-15 01:30:00,532.2,0.0,0.0,0.0,120.0,155.0,0.0,155.0,0.0,0.0,0.0,0.0
2025-07-15 01:45:00,534.5,0.0,0.0,0.0,120.0,155.0,0.0,155.0,0.0,0.0,0.0,0.0
2025-07-15 02:00:00,536.6,0.0,0.0,0.0,120.0,155.0,0.0,155.0,0.0,0.0,0.0,0.0
2025-07-15 02:15:00,538.7,0.0,0.0,0.0,120.0,155.0,0.0,155.0,0.0,0.0,0.0,0.0
2025-07-15 02:30:00,532.7,0.0,0.0,0.0,120.0,155.0,0.0,155.0,0.0,0.0,0.0,0.0
2025-07-15 02:45:00,510.9,0.0,0.0,0.0,120.0,155.0,0.0,155.0,0.0,0.0,0.0,0.0
2025-07-15 03:00:00,540.6,0.0,0.0,0.0,120.0,155.0,0.0,155.0,0.0,0.0,0.0,0.0
2025-07-15 03:15:00,515.8,0.0,0.0,0.0,120.0,155.0,0.0,155.0,0.0,0.0,0.0,0.0
2025-07-15 03:30:00,819.3,0.0,300.0,0.0,191.25,155.0,0.0,155.0,0.0,0.0,0.0,0.0
2025-07-15 03:45:00,831.7,0.0,300.0,0.0,262.5,155.0,0.0,155.0,0.0,0.0,0.0,0.0
2025-07-15 04:00:00,828.3,0.0,300.0,0.0,333.75,155.0,0.0,155.0,0.0,0.0,0.0,0.0
2025-07-15 04:15:00,827.0,0.0,300.0,0.0,405.0,155.0,0.0,155.0,0.0,0.0,0.0,0.0
2025-07-15 04:30:00,819.5,0.0,300.0,0.0,476.25,155.0,0.0,155.0,0.0,0.0,0.0,0.0
2025-07-15 04:45:00,827.7,0.0,300.0,0.0,547.5,155.0,0.0,155.0,0.0,0.0,0.0,0.0
2025-07-15 05:00:00,676.60526,0.0,142.10526,0.0,581.25,155.0,0.0,155.0,0.0,0.0,0.0,0.0
2025-07-15 05:15:00,819.4,0.0,300.0,0.0,652.5,155.0,0.0,155.0,0.0,0.0,0.0,0.0
2025-07-15 05:30:00,842.9,0.0,300.0,0.0,723.75,155.0,0.0,155.0,0.0,0.0,0.0,0.0
2025-07-15 05:45:00,841.4,0.0,300.0,0.0,795.0,155.0,0.0,155.0,0.0,0.0,0.0,0.0
2025-07-15 06:00:00,824.5,0.0,300.0,0.0,866.25,155.0,0.0,155.0,0.0,0.0,0.0,0.0
2025-07-15 06:15:00,814.3,0.0,300.0,0.0,937.5,155.0,0.0,155.0,0.0,0.0,0.0,0.0
2025-07-15 06:30:00,830.0,0.0,300.0,0.0,1008.75,155.0,0.0,155.0,0.0,0.0,0.0,0.0
2025-07-15 06:45:00,812.3,0.0,300.0,0.0,1080.0,155.0,0.0,155.0,0.0,0.0,0.0,0.0
2025-07-15 07:00:00,187.3,0.0,0.0,0.0,1080.0,0.0,155.0,-155.0,0.0,0.0,0.0,0.0
2025-07-15 07:15:00,201.2,0.0,0.0,0.0,1080.0,0.0,155.0,-155.0,0.0,0.0,0.0,0.0
2025-07-15 07:30:00,181.2,0.0,0.0,0.0,1080.0,0.0,155.0,-155.0,0.0,0.0,0.0,0.0
2025-07-15 07:45:00,184.0,0.0,0.0,0.0,1080.0,0.0,155.0,-155.0,0.0,0.0,0.0,0.0
2025-07-15 08:00:00,192.9,0.0,0.0,0.0,1080.0,0.0,155.0,-155.0,0.0,0.0,7.0,0.0
2025-07-15 08:15:00,192.2,0.0,0.0,0.0,1080.0,0.0,155.0,-155.0,0.0,0.0,7.0,0.0
2025-07-15 08:30:00,184.76842,0.0,0.0,0.0,1080.0,0.0,155.0,-155.0,0.0,0.0,11.36842105,0.0
2025-07-15 08:45:00,171.61053,0.0,0.0,0.0,1080.0,0.0,155.0,-155.0,0.0,0.0,16.210526299999998,0.0
2025-07-15 09:00:00,170.2,0.0,0.0,0.0,1080.0,0.0,155.0,-155.0,0.0,0.0,7.0,0.0
2025-07-15 09:15:00,155.3,0.0,0.0,0.0,1080.0,0.0,155.0,-155.0,0.0,0.0,7.0,0.0
2025-07-15 09:30:00,152.1,0.0,0.0,0.0,1080.0,0.0,155.0,-155.0,0.0,0.0,7.0,0.0
2025-07-15 09:45:00,149.5,0.0,0.0,0.0,1080.0,0.0,155.0,-155.0,0.0,0.0,7.0,0.0
2025-07-15 10:00:00,126.5,0.0,0.0,0.0,1080.0,0.0,155.0,-155.0,0.0,0.0,7.0,0.0
2025-07-15 10:15:00,127.6,0.0,0.0,0.0,1080.0,0.0,155.0,-155.0,0.0,0.0,7.0,0.0
2025-07-15 10:30:00,128.1,0.0,0.0,0.0,1080.0,0.0,155.0,-155.0,0.0,0.0,7.0,0.0
2025-07-15 10:45:00,114.9,0.0,0.0,0.0,1080.0,0.0,155.0,-155.0,0.0,0.0,7.0,0.0
2025-07-15 11:00:00,388.92105,0.0,0.0,0.0,1080.0,0.0,0.0,0.0,0.0,0.0,114.421053,0.0
2025-07-15 11:15:00,489.7,0.0,0.0,0.0,1080.0,155.0,0.0,155.0,0.0,0.0,86.0,0.0
2025-07-15 11:30:00,345.6,0.0,0.0,0.0,1080.0,0.0,0.0,0.0,0.0,0.0,90.0,0.0
2025-07-15 11:45:00,519.96316,0.0,0.0,0.0,1080.0,155.0,0.0,155.0,0.0,0.0,108.2631579,0.0
2025-07-15 12:00:00,475.4,0.0,0.0,0.0,1080.0,155.0,0.0,155.0,0.0,0.0,101.0,0.0
2025-07-15 12:15:00,455.32632,0.0,0.0,0.0,1080.0,155.0,0.0,155.0,0.0,0.0,74.5263158,0.0
2025-07-15 12:30:00,442.9,0.0,0.0,0.0,1080.0,155.0,0.0,155.0,0.0,0.0,76.0,0.0
2025-07-15 12:45:00,333.1,0.0,0.0,0.0,1080.0,0.0,0.0,0.0,0.0,0.0,119.0,0.0
2025-07-15 13:00:00,481.0,0.0,0.0,0.0,1080.0,155.0,0.0,155.0,0.0,0.0,101.0,0.0
2025-07-15 13:15:00,476.8,0.0,0.0,0.0,1080.0,155.0,0.0,155.0,0.0,0.0,105.0,0.0
2025-07-15 13:30:00,481.72632,0.0,0.0,0.0,1080.0,155.0,0.0,155.0,0.0,0.0,90.5263158,0.0
2025-07-15 13:45:00,484.27895,0.0,0.0,0.0,1080.0,155.0,0.0,155.0,0.0,0.0,82.5789474,0.0
2025-07-15 14:00:00,501.24211,0.0,0.0,0.0,1080.0,155.0,0.0,155.0,0.0,0.0,44.8421053,0.0
2025-07-15 14:15:00,541.7,0.0,0.0,0.0,1080.0,155.0,0.0,155.0,0.0,0.0,58.0,0.0
2025-07-15 14:30:00,384.5,0.0,0.0,0.0,1080.0,0.0,0.0,0.0,0.0,0.0,36.0,0.0
2025-07-15 14:45:00,586.82327,0.0,0.0,0.0,1080.0,155.0,0.0,155.0,0.0,0.0,53.6232687,0.0
2025-07-15 15:00:00,200.58,0.0,0.0,0.0,1080.0,0.0,155.0,-155.0,0.0,0.0,0.0,32.519999999999996
2025-07-15 15:15:00,236.6,0.0,0.0,0.0,1080.0,0.0,155.0,-155.0,0.0,0.0,0.0,24.0
2025-07-15 15:30:00,250.72,0.0,0.0,0.0,1080.0,0.0,155.0,-155.0,0.0,0.0,0.0,22.38
2025-07-15 15:45:00,286.8,0.0,0.0,0.0,1080.0,0.0,155.0,-155.0,0.0,0.0,0.0,17.0
2025-07-15 16:00:00,325.9,0.0,0.0,0.0,1080.0,0.0,155.0,-155.0,0.0,0.0,0.0,10.6
2025-07-15 16:15:00,346.9,0.0,0.0,0.0,1080.0,0.0,155.0,-155.0,0.0,0.0,0.0,0.0
2025-07-15 16:30:00,402.6,0.0,0.0,0.0,1080.0,0.0,155.0,-155.0,0.0,0.0,0.0,0.0
2025-07-15 16:45:00,421.0,0.0,0.0,0.0,1080.0,0.0,155.0,-155.0,0.0,0.0,0.0,0.0
2025-07-15 17:00:00,73.7,0.0,0.0,300.0,1001.0526,0.0,155.0,-155.0,0.0,0.0,0.0,40.0
2025-07-15 17:15:00,88.6,0.0,0.0,300.0,922.10526,0.0,155.0,-155.0,0.0,0.0,0.0,40.0
2025-07-15 17:30:00,76.5,0.0,0.0,300.0,843.15789,0.0,155.0,-155.0,0.0,0.0,0.0,40.0
2025-07-15 17:45:00,80.7,0.0,0.0,300.0,764.21053,0.0,155.0,-155.0,0.0,0.0,0.0,40.0
2025-07-15 18:00:00,82.4,0.0,0.0,300.0,685.26316,0.0,155.0,-155.0,0.0,0.0,0.0,30.0
2025-07-15 18:15:00,122.8,0.0,0.0,300.0,606.31579,0.0,155.0,-155.0,0.0,0.0,0.0,20.0
2025-07-15 18:30:00,125.66,0.0,0.0,300.0,527.36842,0.0,155.0,-155.0,0.0,0.0,0.0,6.54
2025-07-15 18:45:00,132.9,0.0,0.0,300.0,448.42105,0.0,155.0,-155.0,0.0,0.0,0.0,0.0
2025-07-15 19:00:00,138.0,0.0,0.0,300.0,369.47368,0.0,155.0,-155.0,0.0,0.0,0.0,0.0
2025-07-15 19:15:00,418.0,0.0,0.0,0.0,369.47368,0.0,155.0,-155.0,0.0,0.0,0.0,0.0
2025-07-15 19:30:00,402.5,0.0,0.0,0.0,369.47368,0.0,155.0,-155.0,0.0,0.0,0.0,0.0
2025-07-15 19:45:00,381.9,0.0,0.0,0.0,369.47368,0.0,155.0,-155.0,0.0,0.0,0.0,0.0
2025-07-15 20:00:00,42.1,0.0,0.0,300.0,290.52632,0.0,155.0,-155.0,0.0,0.0,0.0,0.0
2025-07-15 20:15:00,39.6,0.0,0.0,300.0,211.57895,0.0,155.0,-155.0,0.0,0.0,0.0,0.0
2025-07-15 20:30:00,35.1,0.0,0.0,300.0,132.63158,0.0,155.0,-155.0,0.0,0.0,0.0,0.0
2025-07-15 20:45:00,276.3,0.0,0.0,48.0,120.0,0.0,155.0,-155.0,0.0,0.0,0.0,0.0
2025-07-15 21:00:00,463.0,0.0,0.0,0.0,120.0,0.0,0.0,0.0,0.0,0.0,0.0,0.0
2025-07-15 21:15:00,467.3,0.0,0.0,0.0,120.0,0.0,0.0,0.0,0.0,0.0,0.0,0.0
2025-07-15 21:30:00,452.4,0.0,0.0,0.0,120.0,0.0,0.0,0.0,0.0,0.0,0.0,0.0
2025-07-15 21:45:00,453.5,0.0,0.0,0.0,120.0,0.0,0.0,0.0,0.0,0.0,0.0,0.0
2025-07-15 22:00:00,455.6,0.0,0.0,0.0,120.0,0.0,0.0,0.0,0.0,0.0,0.0,0.0
2025-07-15 22:15:00,419.6,0.0,0.0,0.0,120.0,0.0,0.0,0.0,0.0,0.0,0.0,0.0
2025-07-15 22:30:00,426.3,0.0,0.0,0.0,120.0,0.0,0.0,0.0,0.0,0.0,0.0,0.0
2025-07-15 22:45:00,407.2,0.0,0.0,0.0,120.0,0.0,0.0,0.0,0.0,0.0,0.0,0.0
2025-07-15 23:00:00,422.5,0.0,0.0,0.0,120.0,0.0,0.0,0.0,0.0,0.0,0.0,0.0
2025-07-15 23:15:00,413.9,0.0,0.0,0.0,120.0,0.0,0.0,0.0,0.0,0.0,0.0,0.0
2025-07-15 23:30:00,421.5,0.0,0.0,0.0,120.0,0.0,0.0,0.0,0.0,0.0,0.0,0.0
2025-07-15 23:45:00,411.7,0.0,0.0,0.0,120.0,0.0,0.0,0.0,0.0,0.0,0.0,0.0
2025-07-16 00:00:00,539.1,0.0,0.0,0.0,120.0,155.0,0.0,155.0,0.0,0.0,0.0,0.0
2025-07-16 00:15:00,532.3,0.0,0.0,0.0,120.0,155.0,0.0,155.0,0.0,0.0,0.0,0.0
2025-07-16 00:30:00,530.5,0.0,0.0,0.0,120.0,155.0,0.0,155.0,0.0,0.0,0.0,0.0
2025-07-16 00:45:00,528.4,0.0,0.0,0.0,120.0,155.0,0.0,155.0,0.0,0.0,0.0,0.0
2025-07-16 01:00:00,539.9,0.0,0.0,0.0,120.0,155.0,0.0,155.0,0.0,0.0,0.0,0.0
2025-07-16 01:15:00,526.1,0.0,0.0,0.0,120.0,155.0,0.0,155.0,0.0,0.0,0.0,0.0
2025-07-16 01:30:00,522.6,0.0,0.0,0.0,120.0,155.0,0.0,155.0,0.0,0.0,0.0,0.0
2025-07-16 01:45:00,533.0,0.0,0.0,0.0,120.0,155.0,0.0,155.0,0.0,0.0,0.0,0.0
2025-07-16 02:00:00,527.0,0.0,0.0,0.0,120.0,155.0,0.0,155.0,0.0,0.0,0.0,0.0
2025-07-16 02:15:00,528.4,0.0,0.0,0.0,120.0,155.0,0.0,155.0,0.0,0.0,0.0,0.0
2025-07-16 02:30:00,524.2,0.0,0.0,0.0,120.0,155.0,0.0,155.0,0.0,0.0,0.0,0.0
2025-07-16 02:45:00,531.5,0.0,0.0,0.0,120.0,155.0,0.0,155.0,0.0,0.0,0.0,0.0
2025-07-16 03:00:00,537.2,0.0,0.0,0.0,120.0,155.0,0.0,155.0,0.0,0.0,0.0,0.0
2025-07-16 03:15:00,688.10526,0.0,142.10526,0.0,153.75,155.0,0.0,155.0,0.0,0.0,0.0,0.0
2025-07-16 03:30:00,542.1,0.0,0.0,0.0,153.75,155.0,0.0,155.0,0.0,0.0,0.0,0.0
2025-07-16 03:45:00,819.4,0.0,300.0,0.0,225.0,155.0,0.0,155.0,0.0,0.0,0.0,0.0
2025-07-16 04:00:00,827.5,0.0,300.0,0.0,296.25,155.0,0.0,155.0,0.0,0.0,0.0,0.0
2025-07-16 04:15:00,830.3,0.0,300.0,0.0,367.5,155.0,0.0,155.0,0.0,0.0,0.0,0.0
2025-07-16 04:30:00,828.2,0.0,300.0,0.0,438.75,155.0,0.0,155.0,0.0,0.0,0.0,0.0
2025-07-16 04:45:00,840.8,0.0,300.0,0.0,510.0,155.0,0.0,155.0,0.0,0.0,0.0,0.0
2025-07-16 05:00:00,823.1,0.0,300.0,0.0,581.25,155.0,0.0,155.0,0.0,0.0,0.0,0.0
2025-07-16 05:15:00,840.1,0.0,300.0,0.0,652.5,155.0,0.0,155.0,0.0,0.0,0.0,0.0
2025-07-16 05:30:00,831.0,0.0,300.0,0.0,723.75,155.0,0.0,155.0,0.0,0.0,0.0,0.0
2025-07-16 05:45:00,830.7,0.0,300.0,0.0,795.0,155.0,0.0,155.0,0.0,0.0,0.0,0.0
2025-07-16 06:00:00,844.7,0.0,300.0,0.0,866.25,155.0,0.0,155.0,0.0,0.0,0.0,0.0
2025-07-16 06:15:00,846.1,0.0,300.0,0.0,937.5,155.0,0.0,155.0,0.0,0.0,0.0,0.0
2025-07-16 06:30:00,839.9,0.0,300.0,0.0,1008.75,155.0,0.0,155.0,0.0,0.0,0.0,0.0
2025-07-16 06:45:00,855.2,0.0,300.0,0.0,1080.0,155.0,0.0,155.0,0.0,0.0,18.0,0.0
2025-07-16 07:00:00,233.7,0.0,0.0,0.0,1080.0,0.0,155.0,-155.0,0.0,0.0,0.0,0.0
2025-07-16 07:15:00,252.0,0.0,0.0,0.0,1080.0,0.0,155.0,-155.0,0.0,0.0,7.0,0.0
2025-07-16 07:30:00,255.0,0.0,0.0,0.0,1080.0,0.0,155.0,-155.0,0.0,0.0,7.0,0.0
2025-07-16 07:45:00,262.7,0.0,0.0,0.0,1080.0,0.0,155.0,-155.0,0.0,0.0,7.0,0.0
2025-07-16 08:00:00,270.7,0.0,0.0,0.0,1080.0,0.0,155.0,-155.0,0.0,0.0,14.0,0.0
2025-07-16 08:15:00,273.7,0.0,0.0,0.0,1080.0,0.0,155.0,-155.0,0.0,0.0,14.0,0.0
2025-07-16 08:30:00,269.6,0.0,0.0,0.0,1080.0,0.0,155.0,-155.0,0.0,0.0,14.0,0.0
2025-07-16 08:45:00,280.0,0.0,0.0,0.0,1080.0,0.0,155.0,-155.0,0.0,0.0,7.0,0.0
2025-07-16 09:00:00,294.7,0.0,0.0,0.0,1080.0,0.0,155.0,-155.0,0.0,0.0,21.0,0.0
2025-07-16 09:15:00,286.34211,0.0,0.0,0.0,1080.0,0.0,155.0,-155.0,0.0,0.0,21.84210526,0.0
2025-07-16 09:30:00,282.92355,0.0,0.0,0.0,1080.0,0.0,155.0,-155.0,0.0,0.0,23.5235457,0.0
2025-07-16 09:45:00,263.74737,0.0,0.0,0.0,1080.0,0.0,155.0,-155.0,0.0,0.0,7.94736842,0.0
2025-07-16 10:00:00,273.2,0.0,0.0,0.0,1080.0,0.0,155.0,-155.0,0.0,0.0,7.0,0.0
2025-07-16 10:15:00,246.47424,0.0,0.0,0.0,1080.0,0.0,155.0,-155.0,0.0,0.0,2.2742382,0.0
2025-07-16 10:30:00,255.7,0.0,0.0,0.0,1080.0,0.0,155.0,-155.0,0.0,0.0,0.0,0.0
2025-07-16 10:45:00,258.9,0.0,0.0,0.0,1080.0,0.0,155.0,-155.0,0.0,0.0,0.0,0.0
2025-07-16 11:00:00,610.12632,0.0,0.0,0.0,1080.0,0.0,0.0,0.0,0.0,0.0,79.5263158,0.0
2025-07-16 11:15:00,803.16842,0.0,0.0,0.0,1080.0,155.0,0.0,155.0,0.0,0.0,105.368421,0.0
2025-07-16 11:30:00,815.4,0.0,0.0,0.0,1080.0,155.0,0.0,155.0,0.0,0.0,110.0,0.0
2025-07-16 11:45:00,644.77368,0.0,0.0,0.0,1080.0,0.0,0.0,0.0,0.0,0.0,87.4736842,0.0
2025-07-16 12:00:00,759.3,0.0,0.0,0.0,1080.0,155.0,0.0,155.0,0.0,0.0,81.0,0.0
2025-07-16 12:15:00,768.8,0.0,0.0,0.0,1080.0,155.0,0.0,155.0,0.0,0.0,96.0,0.0
2025-07-16 12:30:00,749.1,0.0,0.0,0.0,1080.0,155.0,0.0,155.0,0.0,0.0,93.0,0.0
2025-07-16 12:45:00,743.3,0.0,0.0,0.0,1080.0,155.0,0.0,155.0,0.0,0.0,89.0,0.0
2025-07-16 13:00:00,758.1,0.0,0.0,0.0,1080.0,155.0,0.0,155.0,0.0,0.0,114.0,0.0
2025-07-16 13:15:00,737.9,0.0,0.0,0.0,1080.0,155.0,0.0,155.0,0.0,0.0,78.0,0.0
2025-07-16 13:30:00,622.27368,0.0,0.0,0.0,1080.0,0.0,0.0,0.0,0.0,0.0,111.4736842,0.0
2025-07-16 13:45:00,753.33684,0.0,0.0,0.0,1080.0,155.0,0.0,155.0,0.0,0.0,89.73684211,0.0
2025-07-16 14:00:00,609.35789,0.0,0.0,0.0,1080.0,0.0,0.0,0.0,0.0,0.0,60.1578947,0.0
2025-07-16 14:15:00,676.45097,0.0,0.0,0.0,1080.0,155.0,0.0,155.0,0.0,0.0,58.6509695,0.0
2025-07-16 14:30:00,707.30526,0.0,0.0,0.0,1080.0,155.0,0.0,155.0,0.0,0.0,74.1052632,0.0
2025-07-16 14:45:00,717.2,0.0,0.0,0.0,1080.0,155.0,0.0,155.0,0.0,0.0,64.0,0.0
2025-07-16 15:00:00,325.06,0.0,0.0,0.0,1080.0,0.0,155.0,-155.0,0.0,0.0,0.0,33.44
2025-07-16 15:15:00,357.44,0.0,0.0,0.0,1080.0,0.0,155.0,-155.0,0.0,0.0,0.0,22.96
2025-07-16 15:30:00,372.3,0.0,0.0,0.0,1080.0,0.0,155.0,-155.0,0.0,0.0,0.0,7.0
2025-07-16 15:45:00,404.9,0.0,0.0,0.0,1080.0,0.0,155.0,-155.0,0.0,0.0,0.0,1.7
2025-07-16 16:00:00,425.8,0.0,0.0,0.0,1080.0,0.0,155.0,-155.0,0.0,0.0,0.0,0.0
2025-07-16 16:15:00,425.7,0.0,0.0,0.0,1080.0,0.0,155.0,-155.0,0.0,0.0,0.0,0.0
2025-07-16 16:30:00,456.3,0.0,0.0,0.0,1080.0,0.0,155.0,-155.0,0.0,0.0,0.0,0.0
2025-07-16 16:45:00,460.0,0.0,0.0,0.0,1080.0,0.0,155.0,-155.0,0.0,0.0,0.0,0.0
2025-07-16 17:00:00,110.5,0.0,0.0,300.0,1001.0526,0.0,155.0,-155.0,0.0,0.0,0.0,55.0
2025-07-16 17:15:00,114.8,0.0,0.0,300.0,922.10526,0.0,155.0,-155.0,0.0,0.0,0.0,55.0
2025-07-16 17:30:00,97.3,0.0,0.0,300.0,843.15789,0.0,155.0,-155.0,0.0,0.0,0.0,51.1
2025-07-16 17:45:00,98.2,0.0,0.0,300.0,764.21053,0.0,155.0,-155.0,0.0,0.0,0.0,41.0
2025-07-16 18:00:00,107.0,0.0,0.0,300.0,685.26316,0.0,155.0,-155.0,0.0,0.0,0.0,31.0
2025-07-16 18:15:00,101.4,0.0,0.0,300.0,606.31579,0.0,155.0,-155.0,0.0,0.0,0.0,21.0
2025-07-16 18:30:00,108.5,0.0,0.0,300.0,527.36842,0.0,155.0,-155.0,0.0,0.0,0.0,10.6
2025-07-16 18:45:00,117.1,0.0,0.0,300.0,448.42105,0.0,155.0,-155.0,0.0,0.0,0.0,7.0
2025-07-16 19:00:00,113.4,0.0,0.0,300.0,369.47368,0.0,155.0,-155.0,0.0,0.0,0.0,0.0
2025-07-16 19:15:00,103.0,0.0,0.0,300.0,290.52632,0.0,155.0,-155.0,0.0,0.0,0.0,0.0
2025-07-16 19:30:00,87.1,0.0,0.0,300.0,211.57895,0.0,155.0,-155.0,0.0,0.0,0.0,0.0
2025-07-16 19:45:00,378.9,0.0,0.0,0.0,211.57895,0.0,155.0,-155.0,0.0,0.0,0.0,0.0
2025-07-16 20:00:00,326.8,0.0,0.0,0.0,211.57895,0.0,155.0,-155.0,0.0,0.0,0.0,0.0
2025-07-16 20:15:00,28.2,0.0,0.0,300.0,132.63158,0.0,155.0,-155.0,0.0,0.0,0.0,0.0
2025-07-16 20:30:00,313.0,0.0,0.0,0.0,132.63158,0.0,155.0,-155.0,0.0,0.0,0.0,0.0
2025-07-16 20:45:00,261.9,0.0,0.0,48.0,120.0,0.0,155.0,-155.0,0.0,0.0,0.0,0.0
2025-07-16 21:00:00,455.6,0.0,0.0,0.0,120.0,0.0,0.0,0.0,0.0,0.0,0.0,0.0
2025-07-16 21:15:00,454.2,0.0,0.0,0.0,120.0,0.0,0.0,0.0,0.0,0.0,0.0,0.0
2025-07-16 21:30:00,448.9,0.0,0.0,0.0,120.0,0.0,0.0,0.0,0.0,0.0,0.0,0.0
2025-07-16 21:45:00,447.3,0.0,0.0,0.0,120.0,0.0,0.0,0.0,0.0,0.0,0.0,0.0
2025-07-16 22:00:00,430.5,0.0,0.0,0.0,120.0,0.0,0.0,0.0,0.0,0.0,0.0,0.0
2025-07-16 22:15:00,417.1,0.0,0.0,0.0,120.0,0.0,0.0,0.0,0.0,0.0,0.0,0.0
2025-07-16 22:30:00,418.8,0.0,0.0,0.0,120.0,0.0,0.0,0.0,0.0,0.0,0.0,0.0
2025-07-16 22:45:00,417.2,0.0,0.0,0.0,120.0,0.0,0.0,0.0,0.0,0.0,0.0,0.0
2025-07-16 23:00:00,410.5,0.0,0.0,0.0,120.0,0.0,0.0,0.0,0.0,0.0,0.0,0.0
2025-07-16 23:15:00,412.4,0.0,0.0,0.0,120.0,0.0,0.0,0.0,0.0,0.0,0.0,0.0
2025-07-16 23:30:00,395.8,0.0,0.0,0.0,120.0,0.0,0.0,0.0,0.0,0.0,0.0,0.0
2025-07-16 23:45:00,390.2,0.0,0.0,0.0,120.0,0.0,0.0,0.0,0.0,0.0,0.0,0.0
2025-07-17 00:00:00,535.9,0.0,0.0,0.0,120.0,155.0,0.0,155.0,0.0,0.0,0.0,0.0
2025-07-17 00:15:00,542.9,0.0,0.0,0.0,120.0,155.0,0.0,155.0,0.0,0.0,0.0,0.0
2025-07-17 00:30:00,527.3,0.0,0.0,0.0,120.0,155.0,0.0,155.0,0.0,0.0,0.0,0.0
2025-07-17 00:45:00,548.4,0.0,0.0,0.0,120.0,155.0,0.0,155.0,0.0,0.0,0.0,0.0
2025-07-17 01:00:00,538.1,0.0,0.0,0.0,120.0,155.0,0.0,155.0,0.0,0.0,0.0,0.0
2025-07-17 01:15:00,525.1,0.0,0.0,0.0,120.0,155.0,0.0,155.0,0.0,0.0,0.0,0.0
2025-07-17 01:30:00,521.4,0.0,0.0,0.0,120.0,155.0,0.0,155.0,0.0,0.0,0.0,0.0
2025-07-17 01:45:00,535.4,0.0,0.0,0.0,120.0,155.0,0.0,155.0,0.0,0.0,0.0,0.0
2025-07-17 02:00:00,528.2,0.0,0.0,0.0,120.0,155.0,0.0,155.0,0.0,0.0,0.0,0.0
2025-07-17 02:15:00,522.7,0.0,0.0,0.0,120.0,155.0,0.0,155.0,0.0,0.0,0.0,0.0
2025-07-17 02:30:00,524.6,0.0,0.0,0.0,120.0,155.0,0.0,155.0,0.0,0.0,0.0,0.0
2025-07-17 02:45:00,537.4,0.0,0.0,0.0,120.0,155.0,0.0,155.0,0.0,0.0,0.0,0.0
2025-07-17 03:00:00,672.60526,0.0,142.10526,0.0,153.75,155.0,0.0,155.0,0.0,0.0,0.0,0.0
2025-07-17 03:15:00,524.7,0.0,0.0,0.0,153.75,155.0,0.0,155.0,0.0,0.0,0.0,0.0
2025-07-17 03:30:00,528.7,0.0,0.0,0.0,153.75,155.0,0.0,155.0,0.0,0.0,0.0,0.0
2025-07-17 03:45:00,835.8,0.0,300.0,0.0,225.0,155.0,0.0,155.0,0.0,0.0,0.0,0.0
2025-07-17 04:00:00,833.4,0.0,300.0,0.0,296.25,155.0,0.0,155.0,0.0,0.0,0.0,0.0
2025-07-17 04:15:00,835.6,0.0,300.0,0.0,367.5,155.0,0.0,155.0,0.0,0.0,0.0,0.0
2025-07-17 04:30:00,829.3,0.0,300.0,0.0,438.75,155.0,0.0,155.0,0.0,0.0,0.0,0.0
2025-07-17 04:45:00,831.9,0.0,300.0,0.0,510.0,155.0,0.0,155.0,0.0,0.0,0.0,0.0
2025-07-17 05:00:00,841.2,0.0,300.0,0.0,581.25,155.0,0.0,155.0,0.0,0.0,0.0,0.0
2025-07-17 05:15:00,835.5,0.0,300.0,0.0,652.5,155.0,0.0,155.0,0.0,0.0,0.0,0.0
2025-07-17 05:30:00,823.2,0.0,300.0,0.0,723.75,155.0,0.0,155.0,0.0,0.0,0.0,0.0
2025-07-17 05:45:00,813.5,0.0,300.0,0.0,795.0,155.0,0.0,155.0,0.0,0.0,0.0,0.0
2025-07-17 06:00:00,833.8,0.0,300.0,0.0,866.25,155.0,0.0,155.0,0.0,0.0,0.0,0.0
2025-07-17 06:15:00,831.7,0.0,300.0,0.0,937.5,155.0,0.0,155.0,0.0,0.0,0.0,0.0
2025-07-17 06:30:00,818.0,0.0,300.0,0.0,1008.75,155.0,0.0,155.0,0.0,0.0,0.0,0.0
2025-07-17 06:45:00,815.3,0.0,300.0,0.0,1080.0,155.0,0.0,155.0,0.0,0.0,7.0,0.0
2025-07-17 07:00:00,192.1,0.0,0.0,0.0,1080.0,0.0,155.0,-155.0,0.0,0.0,0.0,0.0
2025-07-17 07:15:00,207.3,0.0,0.0,0.0,1080.0,0.0,155.0,-155.0,0.0,0.0,0.0,0.0
2025-07-17 07:30:00,194.5,0.0,0.0,0.0,1080.0,0.0,155.0,-155.0,0.0,0.0,0.0,0.0
2025-07-17 07:45:00,199.1,0.0,0.0,0.0,1080.0,0.0,155.0,-155.0,0.0,0.0,0.0,0.0
2025-07-17 08:00:00,209.5,0.0,0.0,0.0,1080.0,0.0,155.0,-155.0,0.0,0.0,7.0,0.0
2025-07-17 08:15:00,189.8,0.0,0.0,0.0,1080.0,0.0,155.0,-155.0,0.0,0.0,14.0,0.0
2025-07-17 08:30:00,216.2,0.0,0.0,0.0,1080.0,0.0,155.0,-155.0,0.0,0.0,32.0,0.0
2025-07-17 08:45:00,220.71994,0.0,0.0,0.0,1080.0,0.0,155.0,-155.0,0.0,0.0,33.8199446,0.0
2025-07-17 09:00:00,204.8,0.0,0.0,0.0,1080.0,0.0,155.0,-155.0,0.0,0.0,21.0,0.0
2025-07-17 09:15:00,194.13684,0.0,0.0,0.0,1080.0,0.0,155.0,-155.0,0.0,0.0,25.7368421,0.0
2025-07-17 09:30:00,167.02632,0.0,0.0,0.0,1080.0,0.0,155.0,-155.0,0.0,0.0,7.52631579,0.0
2025-07-17 09:45:00,168.2,0.0,0.0,0.0,1080.0,0.0,155.0,-155.0,0.0,0.0,7.0,0.0
2025-07-17 10:00:00,156.5,0.0,0.0,0.0,1080.0,0.0,155.0,-155.0,0.0,0.0,7.0,0.0
2025-07-17 10:15:00,138.8,0.0,0.0,0.0,1080.0,0.0,155.0,-155.0,0.0,0.0,7.0,0.0
2025-07-17 10:30:00,143.23158,0.0,0.0,0.0,1080.0,0.0,155.0,-155.0,0.0,0.0,4.6315789,0.0
2025-07-17 10:45:00,118.3,0.0,0.0,0.0,1080.0,0.0,155.0,-155.0,0.0,0.0,0.0,0.0
2025-07-17 11:00:00,605.6,0.0,0.0,0.0,1080.0,155.0,0.0,155.0,0.0,0.0,158.0,0.0
2025-07-17 11:15:00,593.30526,0.0,0.0,0.0,1080.0,155.0,0.0,155.0,0.0,0.0,152.1052632,0.0
2025-07-17 11:30:00,595.88947,0.0,0.0,0.0,1080.0,155.0,0.0,155.0,0.0,0.0,164.789474,0.0
2025-07-17 11:45:00,608.1,0.0,0.0,0.0,1080.0,155.0,0.0,155.0,0.0,0.0,165.0,0.0
2025-07-17 12:00:00,549.8,0.0,0.0,0.0,1080.0,155.0,0.0,155.0,0.0,0.0,165.0,0.0
2025-07-17 12:15:00,535.5,0.0,0.0,0.0,1080.0,155.0,0.0,155.0,0.0,0.0,158.0,0.0
2025-07-17 12:30:00,552.4,0.0,0.0,0.0,1080.0,155.0,0.0,155.0,0.0,0.0,165.0,0.0
2025-07-17 12:45:00,378.4,0.0,0.0,0.0,1080.0,0.0,0.0,0.0,0.0,0.0,147.0,0.0
2025-07-17 13:00:00,560.01053,0.0,0.0,0.0,1080.0,155.0,0.0,155.0,0.0,0.0,164.2105263,0.0
2025-07-17 13:15:00,555.29141,0.0,0.0,0.0,1080.0,155.0,0.0,155.0,0.0,0.0,155.0914128,0.0
2025-07-17 13:30:00,551.3,0.0,0.0,0.0,1080.0,155.0,0.0,155.0,0.0,0.0,147.0,0.0
2025-07-17 13:45:00,563.01773,0.0,0.0,0.0,1080.0,155.0,0.0,155.0,0.0,0.0,146.6177285,0.0
2025-07-17 14:00:00,650.0,0.0,0.0,0.0,1080.0,90.768421,0.0,90.768421,0.0,0.0,118.6315789,0.0
2025-07-17 14:15:00,647.73158,0.0,0.0,0.0,1080.0,64.231579,0.0,64.231579,0.0,0.0,122.0,0.0
2025-07-17 14:30:00,609.43684,0.0,0.0,0.0,1080.0,0.0,0.0,0.0,0.0,0.0,125.7368421,0.0
2025-07-17 14:45:00,583.56842,0.0,0.0,0.0,1080.0,0.0,0.0,0.0,0.0,0.0,100.3684211,0.0
2025-07-17 15:00:00,289.14,0.0,0.0,0.0,1080.0,0.0,155.0,-155.0,0.0,0.0,0.0,65.36
2025-07-17 15:15:00,210.8,0.0,0.0,0.0,1080.0,0.0,155.0,-155.0,0.0,0.0,0.0,58.0
2025-07-17 15:30:00,259.8,0.0,0.0,0.0,1080.0,0.0,155.0,-155.0,0.0,0.0,0.0,44.0
2025-07-17 15:45:00,275.0,0.0,0.0,0.0,1080.0,0.0,155.0,-155.0,0.0,0.0,0.0,44.0
2025-07-17 16:00:00,315.7,0.0,0.0,0.0,1080.0,0.0,155.0,-155.0,0.0,0.0,0.0,35.9
2025-07-17 16:15:00,362.0,0.0,0.0,0.0,1080.0,0.0,155.0,-155.0,0.0,0.0,0.0,17.2
2025-07-17 16:30:00,398.58,0.0,0.0,0.0,1080.0,0.0,155.0,-155.0,0.0,0.0,0.0,5.12
2025-07-17 16:45:00,418.6,0.0,0.0,0.0,1080.0,0.0,155.0,-155.0,0.0,0.0,0.0,0.0
2025-07-17 17:00:00,29.4,0.0,0.0,300.0,1001.0526,0.0,155.0,-155.0,0.0,0.0,0.0,81.0
2025-07-17 17:15:00,55.8,0.0,0.0,300.0,922.10526,0.0,155.0,-155.0,0.0,0.0,0.0,81.0
2025-07-17 17:30:00,53.3,0.0,0.0,300.0,843.15789,0.0,155.0,-155.0,0.0,0.0,0.0,61.0
2025-07-17 17:45:00,81.5,0.0,0.0,300.0,764.21053,0.0,155.0,-155.0,0.0,0.0,0.0,51.0
2025-07-17 18:00:00,89.84,0.0,0.0,300.0,685.26316,0.0,155.0,-155.0,0.0,0.0,0.0,33.96
2025-07-17 18:15:00,108.8,0.0,0.0,300.0,606.31579,0.0,155.0,-155.0,0.0,0.0,0.0,14.0
2025-07-17 18:30:00,131.04,0.0,0.0,300.0,527.36842,0.0,155.0,-155.0,0.0,0.0,0.0,7.96
2025-07-17 18:45:00,136.8,0.0,0.0,300.0,448.42105,0.0,155.0,-155.0,0.0,0.0,0.0,0.0
2025-07-17 19:00:00,135.4,0.0,0.0,300.0,369.47368,0.0,155.0,-155.0,0.0,0.0,0.0,0.0
2025-07-17 19:15:00,399.1,0.0,0.0,0.0,369.47368,0.0,155.0,-155.0,0.0,0.0,0.0,0.0
2025-07-17 19:30:00,103.0,0.0,0.0,300.0,290.52632,0.0,155.0,-155.0,0.0,0.0,0.0,0.0
2025-07-17 19:45:00,331.9,0.0,0.0,48.0,277.89474,0.0,155.0,-155.0,0.0,0.0,0.0,0.0
2025-07-17 20:00:00,334.6,0.0,0.0,0.0,277.89474,0.0,155.0,-155.0,0.0,0.0,0.0,0.0
2025-07-17 20:15:00,325.6,0.0,0.0,0.0,277.89474,0.0,155.0,-155.0,0.0,0.0,0.0,0.0
2025-07-17 20:30:00,31.5,0.0,0.0,300.0,198.94737,0.0,155.0,-155.0,0.0,0.0,0.0,0.0
2025-07-17 20:45:00,8.2,0.0,0.0,300.0,120.0,0.0,155.0,-155.0,0.0,0.0,0.0,0.0
2025-07-17 21:00:00,468.8,0.0,0.0,0.0,120.0,0.0,0.0,0.0,0.0,0.0,0.0,0.0
2025-07-17 21:15:00,469.6,0.0,0.0,0.0,120.0,0.0,0.0,0.0,0.0,0.0,0.0,0.0
2025-07-17 21:30:00,468.9,0.0,0.0,0.0,120.0,0.0,0.0,0.0,0.0,0.0,0.0,0.0
2025-07-17 21:45:00,439.5,0.0,0.0,0.0,120.0,0.0,0.0,0.0,0.0,0.0,0.0,0.0
2025-07-17 22:00:00,434.2,0.0,0.0,0.0,120.0,0.0,0.0,0.0,0.0,0.0,0.0,0.0
2025-07-17 22:15:00,424.8,0.0,0.0,0.0,120.0,0.0,0.0,0.0,0.0,0.0,0.0,0.0
2025-07-17 22:30:00,408.9,0.0,0.0,0.0,120.0,0.0,0.0,0.0,0.0,0.0,0.0,0.0
2025-07-17 22:45:00,422.6,0.0,0.0,0.0,120.0,0.0,0.0,0.0,0.0,0.0,0.0,0.0
2025-07-17 23:00:00,411.9,0.0,0.0,0.0,120.0,0.0,0.0,0.0,0.0,0.0,0.0,0.0
2025-07-17 23:15:00,426.8,0.0,0.0,0.0,120.0,0.0,0.0,0.0,0.0,0.0,0.0,0.0
2025-07-17 23:30:00,396.5,0.0,0.0,0.0,120.0,0.0,0.0,0.0,0.0,0.0,0.0,0.0
2025-07-17 23:45:00,397.3,0.0,0.0,0.0,120.0,0.0,0.0,0.0,0.0,0.0,0.0,0.0
2025-07-18 00:00:00,516.9,0.0,0.0,0.0,120.0,155.0,0.0,155.0,0.0,0.0,0.0,0.0
2025-07-18 00:15:00,546.0,0.0,0.0,0.0,120.0,155.0,0.0,155.0,0.0,0.0,0.0,0.0
2025-07-18 00:30:00,528.4,0.0,0.0,0.0,120.0,155.0,0.0,155.0,0.0,0.0,0.0,0.0
2025-07-18 00:45:00,535.2,0.0,0.0,0.0,120.0,155.0,0.0,155.0,0.0,0.0,0.0,0.0
2025-07-18 01:00:00,526.7,0.0,0.0,0.0,120.0,155.0,0.0,155.0,0.0,0.0,0.0,0.0
2025-07-18 01:15:00,533.8,0.0,0.0,0.0,120.0,155.0,0.0,155.0,0.0,0.0,0.0,0.0
2025-07-18 01:30:00,659.60526,0.0,142.10526,0.0,153.75,155.0,0.0,155.0,0.0,0.0,0.0,0.0
2025-07-18 01:45:00,530.8,0.0,0.0,0.0,153.75,155.0,0.0,155.0,0.0,0.0,0.0,0.0
2025-07-18 02:00:00,528.1,0.0,0.0,0.0,153.75,155.0,0.0,155.0,0.0,0.0,0.0,0.0
2025-07-18 02:15:00,526.8,0.0,0.0,0.0,153.75,155.0,0.0,155.0,0.0,0.0,0.0,0.0
2025-07-18 02:30:00,528.6,0.0,0.0,0.0,153.75,155.0,0.0,155.0,0.0,0.0,0.0,0.0
2025-07-18 02:45:00,529.7,0.0,0.0,0.0,153.75,155.0,0.0,155.0,0.0,0.0,0.0,0.0
2025-07-18 03:00:00,532.6,0.0,0.0,0.0,153.75,155.0,0.0,155.0,0.0,0.0,0.0,0.0
2025-07-18 03:15:00,516.2,0.0,0.0,0.0,153.75,155.0,0.0,155.0,0.0,0.0,0.0,0.0
2025-07-18 03:30:00,518.8,0.0,0.0,0.0,153.75,155.0,0.0,155.0,0.0,0.0,0.0,0.0
2025-07-18 03:45:00,836.1,0.0,300.0,0.0,225.0,155.0,0.0,155.0,0.0,0.0,0.0,0.0
2025-07-18 04:00:00,829.9,0.0,300.0,0.0,296.25,155.0,0.0,155.0,0.0,0.0,0.0,0.0
2025-07-18 04:15:00,831.7,0.0,300.0,0.0,367.5,155.0,0.0,155.0,0.0,0.0,0.0,0.0
2025-07-18 04:30:00,822.8,0.0,300.0,0.0,438.75,155.0,0.0,155.0,0.0,0.0,0.0,0.0
2025-07-18 04:45:00,838.7,0.0,300.0,0.0,510.0,155.0,0.0,155.0,0.0,0.0,0.0,0.0
2025-07-18 05:00:00,828.5,0.0,300.0,0.0,581.25,155.0,0.0,155.0,0.0,0.0,0.0,0.0
2025-07-18 05:15:00,827.5,0.0,300.0,0.0,652.5,155.0,0.0,155.0,0.0,0.0,0.0,0.0
2025-07-18 05:30:00,839.3,0.0,300.0,0.0,723.75,155.0,0.0,155.0,0.0,0.0,0.0,0.0
2025-07-18 05:45:00,824.1,0.0,300.0,0.0,795.0,155.0,0.0,155.0,0.0,0.0,0.0,0.0
2025-07-18 06:00:00,834.5,0.0,300.0,0.0,866.25,155.0,0.0,155.0,0.0,0.0,0.0,0.0
2025-07-18 06:15:00,831.1,0.0,300.0,0.0,937.5,155.0,0.0,155.0,0.0,0.0,0.0,0.0
2025-07-18 06:30:00,819.0,0.0,300.0,0.0,1008.75,155.0,0.0,155.0,0.0,0.0,0.0,0.0
2025-07-18 06:45:00,799.8,0.0,300.0,0.0,1080.0,155.0,0.0,155.0,0.0,0.0,0.0,0.0
2025-07-18 07:00:00,209.2,0.0,0.0,0.0,1080.0,0.0,155.0,-155.0,0.0,0.0,0.0,0.0
2025-07-18 07:15:00,183.8,0.0,0.0,0.0,1080.0,0.0,155.0,-155.0,0.0,0.0,0.0,0.0
2025-07-18 07:30:00,180.4,0.0,0.0,0.0,1080.0,0.0,155.0,-155.0,0.0,0.0,0.0,0.0
2025-07-18 07:45:00,160.0,0.0,0.0,0.0,1080.0,0.0,155.0,-155.0,0.0,0.0,0.0,0.0
2025-07-18 08:00:00,168.3,0.0,0.0,0.0,1080.0,0.0,155.0,-155.0,0.0,0.0,0.0,0.0
2025-07-18 08:15:00,170.9,0.0,0.0,0.0,1080.0,0.0,155.0,-155.0,0.0,0.0,7.0,0.0
2025-07-18 08:30:00,164.32521,0.0,0.0,0.0,1080.0,0.0,155.0,-155.0,0.0,0.0,9.925207799999999,0.0
2025-07-18 08:45:00,165.3,0.0,0.0,0.0,1080.0,0.0,155.0,-155.0,0.0,0.0,7.0,0.0
2025-07-18 09:00:00,140.8,0.0,0.0,0.0,1080.0,0.0,155.0,-155.0,0.0,0.0,7.0,0.0
2025-07-18 09:15:00,135.3,0.0,0.0,0.0,1080.0,0.0,155.0,-155.0,0.0,0.0,14.0,0.0
2025-07-18 09:30:00,125.2,0.0,0.0,0.0,1080.0,0.0,155.0,-155.0,0.0,0.0,14.0,0.0
2025-07-18 09:45:00,116.4,0.0,0.0,0.0,1080.0,0.0,155.0,-155.0,0.0,0.0,14.0,0.0
2025-07-18 10:00:00,95.9,0.0,0.0,0.0,1080.0,0.0,155.0,-155.0,0.0,0.0,11.0,0.0
2025-07-18 10:15:00,95.6,0.0,0.0,0.0,1080.0,0.0,155.0,-155.0,0.0,0.0,7.0,0.0
2025-07-18 10:30:00,94.5,0.0,0.0,0.0,1080.0,0.0,155.0,-155.0,0.0,0.0,14.0,0.0
2025-07-18 10:45:00,79.3,0.0,0.0,0.0,1080.0,0.0,155.0,-155.0,0.0,0.0,14.0,0.0
2025-07-18 11:00:00,477.98421,0.0,0.0,0.0,1080.0,155.0,0.0,155.0,0.0,0.0,115.6842105,0.0
2025-07-18 11:15:00,353.42105,0.0,0.0,0.0,1080.0,0.0,0.0,0.0,0.0,0.0,138.4210526,0.0
2025-07-18 11:30:00,503.3,0.0,0.0,0.0,1080.0,155.0,0.0,155.0,0.0,0.0,133.0,0.0
2025-07-18 11:45:00,504.9,0.0,0.0,0.0,1080.0,155.0,0.0,155.0,0.0,0.0,140.0,0.0
2025-07-18 12:00:00,437.13158,0.0,0.0,0.0,1080.0,155.0,0.0,155.0,0.0,0.0,106.6315789,0.0
2025-07-18 12:15:00,458.7,0.0,0.0,0.0,1080.0,155.0,0.0,155.0,0.0,0.0,140.0,0.0
2025-07-18 12:30:00,292.27895,0.0,0.0,0.0,1080.0,0.0,0.0,0.0,0.0,0.0,125.5789474,0.0
2025-07-18 12:45:00,283.6,0.0,0.0,0.0,1080.0,0.0,0.0,0.0,0.0,0.0,115.0,0.0
2025-07-18 13:00:00,454.1,0.0,0.0,0.0,1080.0,155.0,0.0,155.0,0.0,0.0,126.0,0.0
2025-07-18 13:15:00,307.50526,0.0,0.0,0.0,1080.0,0.0,0.0,0.0,0.0,0.0,140.105263,0.0
2025-07-18 13:30:00,458.97368,0.0,0.0,0.0,1080.0,155.0,0.0,155.0,0.0,0.0,125.4736842,0.0
2025-07-18 13:45:00,473.6,0.0,0.0,0.0,1080.0,155.0,0.0,155.0,0.0,0.0,104.0,0.0
2025-07-18 14:00:00,515.03324,0.0,0.0,0.0,1080.0,155.0,0.0,155.0,0.0,0.0,102.03324099,0.0
2025-07-18 14:15:00,528.32105,0.0,0.0,0.0,1080.0,155.0,0.0,155.0,0.0,0.0,90.4210526,0.0
2025-07-18 14:30:00,539.1,0.0,0.0,0.0,1080.0,155.0,0.0,155.0,0.0,0.0,75.0,0.0
2025-07-18 14:45:00,540.7,0.0,0.0,0.0,1080.0,155.0,0.0,155.0,0.0,0.0,68.0,0.0
2025-07-18 15:00:00,154.9,0.0,0.0,0.0,1080.0,0.0,155.0,-155.0,0.0,0.0,0.0,37.0
2025-07-18 15:15:00,185.5,0.0,0.0,0.0,1080.0,0.0,155.0,-155.0,0.0,0.0,0.0,29.8
2025-07-18 15:30:00,217.4,0.0,0.0,0.0,1080.0,0.0,155.0,-155.0,0.0,0.0,0.0,27.0
2025-07-18 15:45:00,252.5,0.0,0.0,0.0,1080.0,0.0,155.0,-155.0,0.0,0.0,0.0,27.0
2025-07-18 16:00:00,288.14,0.0,0.0,0.0,1080.0,0.0,155.0,-155.0,0.0,0.0,0.0,23.36
2025-07-18 16:15:00,338.19723,0.0,0.0,0.0,1080.0,0.0,155.0,-155.0,0.0,0.0,4.9972299,7.0
2025-07-18 16:30:00,370.33158,0.0,0.0,0.0,1080.0,0.0,155.0,-155.0,0.0,0.0,11.631578900000001,7.0
2025-07-18 16:45:00,398.46,0.0,0.0,0.0,1080.0,0.0,155.0,-155.0,0.0,0.0,14.0,1.54
2025-07-18 17:00:00,29.5,0.0,0.0,300.0,1001.0526,0.0,155.0,-155.0,0.0,0.0,0.0,65.0
2025-07-18 17:15:00,79.7,0.0,0.0,300.0,922.10526,0.0,155.0,-155.0,0.0,0.0,0.0,48.0
2025-07-18 17:30:00,57.6,0.0,0.0,300.0,843.15789,0.0,155.0,-155.0,0.0,0.0,0.0,34.1
2025-07-18 17:45:00,84.8,0.0,0.0,300.0,764.21053,0.0,155.0,-155.0,0.0,0.0,0.0,31.0
2025-07-18 18:00:00,90.6,0.0,0.0,300.0,685.26316,0.0,155.0,-155.0,0.0,0.0,0.0,31.0
2025-07-18 18:15:00,102.4,0.0,0.0,300.0,606.31579,0.0,155.0,-155.0,0.0,0.0,0.0,31.0
2025-07-18 18:30:00,117.3,0.0,0.0,300.0,527.36842,0.0,155.0,-155.0,0.0,0.0,0.0,21.0
2025-07-18 18:45:00,127.6,0.0,0.0,300.0,448.42105,0.0,155.0,-155.0,0.0,0.0,0.0,7.0
2025-07-18 19:00:00,99.22,0.0,0.0,300.0,369.47368,0.0,155.0,-155.0,0.0,0.0,0.0,25.88
2025-07-18 19:15:00,420.9,0.0,0.0,0.0,369.47368,0.0,155.0,-155.0,0.0,0.0,0.0,0.0
2025-07-18 19:30:00,412.9,0.0,0.0,0.0,369.47368,0.0,155.0,-155.0,0.0,0.0,0.0,0.0
2025-07-18 19:45:00,93.3,0.0,0.0,300.0,290.52632,0.0,155.0,-155.0,0.0,0.0,0.0,0.0
2025-07-18 20:00:00,55.7,0.0,0.0,300.0,211.57895,0.0,155.0,-155.0,0.0,0.0,0.0,0.0
2025-07-18 20:15:00,344.2,0.0,0.0,0.0,211.57895,0.0,155.0,-155.0,0.0,0.0,0.0,0.0
2025-07-18 20:30:00,294.1,0.0,0.0,48.0,198.94737,0.0,155.0,-155.0,0.0,0.0,0.0,0.0
2025-07-18 20:45:00,17.2,0.0,0.0,300.0,120.0,0.0,155.0,-155.0,0.0,0.0,0.0,0.0
2025-07-18 21:00:00,489.5,0.0,0.0,0.0,120.0,0.0,0.0,0.0,0.0,0.0,0.0,0.0
2025-07-18 21:15:00,456.1,0.0,0.0,0.0,120.0,0.0,0.0,0.0,0.0,0.0,0.0,0.0
2025-07-18 21:30:00,464.6,0.0,0.0,0.0,120.0,0.0,0.0,0.0,0.0,0.0,0.0,0.0
2025-07-18 21:45:00,454.0,0.0,0.0,0.0,120.0,0.0,0.0,0.0,0.0,0.0,0.0,0.0
2025-07-18 22:00:00,443.9,0.0,0.0,0.0,120.0,0.0,0.0,0.0,0.0,0.0,0.0,0.0
2025-07-18 22:15:00,434.0,0.0,0.0,0.0,120.0,0.0,0.0,0.0,0.0,0.0,0.0,0.0
2025-07-18 22:30:00,439.7,0.0,0.0,0.0,120.0,0.0,0.0,0.0,0.0,0.0,0.0,0.0
2025-07-18 22:45:00,435.1,0.0,0.0,0.0,120.0,0.0,0.0,0.0,0.0,0.0,0.0,0.0
2025-07-18 23:00:00,412.2,0.0,0.0,0.0,120.0,0.0,0.0,0.0,0.0,0.0,0.0,0.0
2025-07-18 23:15:00,428.9,0.0,0.0,0.0,120.0,0.0,0.0,0.0,0.0,0.0,0.0,0.0
2025-07-18 23:30:00,405.8,0.0,0.0,0.0,120.0,0.0,0.0,0.0,0.0,0.0,0.0,0.0
2025-07-18 23:45:00,403.2,0.0,0.0,0.0,120.0,0.0,0.0,0.0,0.0,0.0,0.0,0.0
2025-07-19 00:00:00,488.3,0.0,0.0,0.0,120.0,155.0,0.0,155.0,0.0,0.0,0.0,0.0
2025-07-19 00:15:00,475.3,0.0,0.0,0.0,120.0,155.0,0.0,155.0,0.0,0.0,0.0,0.0
2025-07-19 00:30:00,493.8,0.0,0.0,0.0,120.0,155.0,0.0,155.0,0.0,0.0,0.0,0.0
2025-07-19 00:45:00,498.3,0.0,0.0,0.0,120.0,155.0,0.0,155.0,0.0,0.0,0.0,0.0
2025-07-19 01:00:00,497.6,0.0,0.0,0.0,120.0,155.0,0.0,155.0,0.0,0.0,0.0,0.0
2025-07-19 01:15:00,630.80526,0.0,142.10526,0.0,153.75,155.0,0.0,155.0,0.0,0.0,0.0,0.0
2025-07-19 01:30:00,490.3,0.0,0.0,0.0,153.75,155.0,0.0,155.0,0.0,0.0,0.0,0.0
2025-07-19 01:45:00,484.7,0.0,0.0,0.0,153.75,155.0,0.0,155.0,0.0,0.0,0.0,0.0
2025-07-19 02:00:00,488.5,0.0,0.0,0.0,153.75,155.0,0.0,155.0,0.0,0.0,0.0,0.0
2025-07-19 02:15:00,508.5,0.0,0.0,0.0,153.75,155.0,0.0,155.0,0.0,0.0,0.0,0.0
2025-07-19 02:30:00,495.7,0.0,0.0,0.0,153.75,155.0,0.0,155.0,0.0,0.0,0.0,0.0
2025-07-19 02:45:00,488.9,0.0,0.0,0.0,153.75,155.0,0.0,155.0,0.0,0.0,0.0,0.0
2025-07-19 03:00:00,488.7,0.0,0.0,0.0,153.75,155.0,0.0,155.0,0.0,0.0,0.0,0.0
2025-07-19 03:15:00,489.5,0.0,0.0,0.0,153.75,155.0,0.0,155.0,0.0,0.0,0.0,0.0
2025-07-19 03:30:00,491.1,0.0,0.0,0.0,153.75,155.0,0.0,155.0,0.0,0.0,0.0,0.0
2025-07-19 03:45:00,483.9,0.0,0.0,0.0,153.75,155.0,0.0,155.0,0.0,0.0,0.0,0.0
2025-07-19 04:00:00,497.2,0.0,0.0,0.0,153.75,155.0,0.0,155.0,0.0,0.0,0.0,0.0
2025-07-19 04:15:00,498.0,0.0,0.0,0.0,153.75,155.0,0.0,155.0,0.0,0.0,0.0,0.0
2025-07-19 04:30:00,497.8,0.0,0.0,0.0,153.75,155.0,0.0,155.0,0.0,0.0,0.0,0.0
2025-07-19 04:45:00,783.4,0.0,300.0,0.0,225.0,155.0,0.0,155.0,0.0,0.0,0.0,0.0
2025-07-19 05:00:00,784.5,0.0,300.0,0.0,296.25,155.0,0.0,155.0,0.0,0.0,0.0,0.0
2025-07-19 05:15:00,788.4,0.0,300.0,0.0,367.5,155.0,0.0,155.0,0.0,0.0,0.0,0.0
2025-07-19 05:30:00,783.5,0.0,300.0,0.0,438.75,155.0,0.0,155.0,0.0,0.0,0.0,0.0
2025-07-19 05:45:00,781.1,0.0,300.0,0.0,510.0,155.0,0.0,155.0,0.0,0.0,0.0,0.0
2025-07-19 06:00:00,760.0,0.0,300.0,0.0,581.25,155.0,0.0,155.0,0.0,0.0,0.0,0.0
2025-07-19 06:15:00,758.0,0.0,300.0,0.0,652.5,155.0,0.0,155.0,0.0,0.0,0.0,0.0
2025-07-19 06:30:00,747.7,0.0,300.0,0.0,723.75,155.0,0.0,155.0,0.0,0.0,0.0,0.0
2025-07-19 06:45:00,719.0,0.0,300.0,0.0,795.0,155.0,0.0,155.0,0.0,0.0,0.0,0.0
2025-07-19 07:00:00,729.5,0.0,300.0,0.0,866.25,155.0,0.0,155.0,0.0,0.0,0.0,0.0
2025-07-19 07:15:00,691.7,0.0,300.0,0.0,937.5,155.0,0.0,155.0,0.0,0.0,0.0,0.0
2025-07-19 07:30:00,676.7,0.0,300.0,0.0,1008.75,155.0,0.0,155.0,0.0,0.0,0.0,0.0
2025-07-19 07:45:00,669.5,0.0,300.0,0.0,1080.0,155.0,0.0,155.0,0.0,0.0,0.0,0.0
2025-07-19 08:00:00,0.0,0.0,0.0,244.0,1015.7895,0.0,0.0,0.0,0.0,0.0,0.0,0.0
2025-07-19 08:15:00,0.0,0.0,0.0,216.9,958.71053,0.0,0.0,0.0,0.0,0.0,0.0,0.0
2025-07-19 08:30:00,0.0,0.0,0.0,65.1,941.57895,0.0,155.0,-155.0,0.0,0.0,0.0,0.0
2025-07-19 08:45:00,52.8,0.0,0.0,0.0,941.57895,0.0,155.0,-155.0,0.0,0.0,0.0,0.0
2025-07-19 09:00:00,22.9,0.0,0.0,0.0,941.57895,0.0,155.0,-155.0,0.0,0.0,0.0,0.0
2025-07-19 09:15:00,42.9,0.0,0.0,0.0,941.57895,0.0,155.0,-155.0,0.0,0.0,0.0,0.0
2025-07-19 09:30:00,12.6,0.0,0.0,0.0,941.57895,0.0,155.0,-155.0,0.0,0.0,0.0,0.0
2025-07-19 09:45:00,11.3,0.0,0.0,0.0,941.57895,0.0,155.0,-155.0,0.0,0.0,0.0,0.0
2025-07-19 10:00:00,0.0,0.0,0.0,0.0,941.57895,0.0,142.7,-142.7,0.0,0.0,7.0,0.0
2025-07-19 10:15:00,0.0,0.0,0.0,0.0,941.57895,0.0,135.9,-135.9,0.0,0.0,7.0,0.0
2025-07-19 10:30:00,0.0,0.0,0.0,0.0,941.57895,0.0,152.0,-152.0,0.0,0.0,14.0,0.0
2025-07-19 10:45:00,0.0,0.0,0.0,0.0,941.57895,0.0,141.8,-141.8,0.0,0.0,14.0,0.0
2025-07-19 11:00:00,0.0,0.0,0.0,0.0,941.57895,0.0,113.2,-113.2,0.0,0.0,0.0,0.0
2025-07-19 11:15:00,115.56316,0.0,0.0,0.0,941.57895,0.0,0.0,0.0,0.0,0.0,1.5631579,0.0
2025-07-19 11:30:00,0.0,0.0,0.0,0.0,941.57895,0.0,128.88947,-128.88947,0.0,0.0,13.4894737,0.0
2025-07-19 11:45:00,0.0,0.0,0.0,0.0,941.57895,0.0,113.2,-113.2,0.0,0.0,0.0,0.0
2025-07-19 12:00:00,0.0,0.0,0.0,0.0,941.57895,0.0,129.91053,-129.91053,0.0,0.0,15.2105263,0.0
2025-07-19 12:15:00,0.0,0.0,0.0,0.0,941.57895,0.0,114.9,-114.9,0.0,0.0,14.0,0.0
2025-07-19 12:30:00,0.0,0.0,0.0,67.5,923.81579,0.0,80.2,-80.2,0.0,0.0,14.0,0.0
2025-07-19 12:45:00,0.0,0.0,0.0,0.0,923.81579,0.0,142.3,-142.3,0.0,0.0,14.0,0.0
2025-07-19 13:00:00,2.1,0.0,0.0,0.0,923.81579,0.0,155.0,-155.0,0.0,0.0,14.0,0.0
2025-07-19 13:15:00,4.1,0.0,0.0,0.0,923.81579,0.0,155.0,-155.0,0.0,0.0,14.0,0.0
2025-07-19 13:30:00,0.0,0.0,0.0,0.0,923.81579,0.0,155.0,-155.0,0.0,0.0,5.6,0.0
2025-07-19 13:45:00,25.6,0.0,0.0,0.0,923.81579,0.0,155.0,-155.0,0.0,0.0,14.0,0.0
2025-07-19 14:00:00,22.9,0.0,0.0,0.0,923.81579,0.0,155.0,-155.0,0.0,0.0,7.0,0.0
2025-07-19 14:15:00,210.39474,0.0,0.0,0.0,923.81579,0.0,0.0,0.0,0.0,0.0,23.8947368,0.0
2025-07-19 14:30:00,210.2,0.0,0.0,0.0,923.81579,0.0,0.0,0.0,0.0,0.0,14.0,0.0
2025-07-19 14:45:00,89.8,0.0,0.0,0.0,923.81579,0.0,155.0,-155.0,0.0,0.0,21.0,0.0
2025-07-19 15:00:00,103.1,0.0,0.0,0.0,923.81579,0.0,155.0,-155.0,0.0,0.0,21.0,0.0
2025-07-19 15:15:00,103.1,0.0,0.0,0.0,923.81579,0.0,155.0,-155.0,0.0,0.0,14.0,0.0
2025-07-19 15:30:00,128.80526,0.0,0.0,0.0,923.81579,0.0,155.0,-155.0,0.0,0.0,10.5052632,0.0
2025-07-19 15:45:00,139.13158,0.0,0.0,0.0,923.81579,0.0,155.0,-155.0,0.0,0.0,7.63157895,0.0
2025-07-19 16:00:00,315.0,0.0,0.0,0.0,923.81579,0.0,0.0,0.0,0.0,0.0,7.0,0.0
2025-07-19 16:15:00,173.7,0.0,0.0,0.0,923.81579,0.0,155.0,-155.0,0.0,0.0,7.0,0.0
2025-07-19 16:30:00,174.1,0.0,0.0,0.0,923.81579,0.0,155.0,-155.0,0.0,0.0,0.0,0.0
2025-07-19 16:45:00,195.5,0.0,0.0,0.0,923.81579,0.0,155.0,-155.0,0.0,0.0,0.0,0.0
2025-07-19 17:00:00,204.1,0.0,0.0,0.0,923.81579,0.0,155.0,-155.0,0.0,0.0,0.0,0.0
2025-07-19 17:15:00,219.5,0.0,0.0,0.0,923.81579,0.0,155.0,-155.0,0.0,0.0,0.0,0.0
2025-07-19 17:30:00,247.3,0.0,0.0,0.0,923.81579,0.0,155.0,-155.0,0.0,0.0,7.0,0.0
2025-07-19 17:45:00,256.7,0.0,0.0,0.0,923.81579,0.0,155.0,-155.0,0.0,0.0,0.0,0.0
2025-07-19 18:00:00,0.0,0.0,0.0,232.3,862.68421,0.0,155.0,-155.0,0.0,0.0,0.0,0.0
2025-07-19 18:15:00,0.0,0.0,0.0,250.6,796.73684,0.0,155.0,-155.0,0.0,0.0,0.0,0.0
2025-07-19 18:30:00,0.0,0.0,0.0,269.9,725.71053,0.0,155.0,-155.0,0.0,0.0,0.0,0.0
2025-07-19 18:45:00,0.0,0.0,0.0,269.6,654.76316,0.0,155.0,-155.0,0.0,0.0,0.0,0.0
2025-07-19 19:00:00,0.0,0.0,0.0,282.1,580.52632,0.0,155.0,-155.0,0.0,0.0,0.0,0.0
2025-07-19 19:15:00,0.0,0.0,0.0,265.0,510.78947,0.0,155.0,-155.0,0.0,0.0,0.0,0.0
2025-07-19 19:30:00,0.0,0.0,0.0,255.9,443.44737,0.0,155.0,-155.0,0.0,0.0,0.0,0.0
2025-07-19 19:45:00,0.0,0.0,0.0,253.7,376.68421,0.0,155.0,-155.0,0.0,0.0,0.0,0.0
2025-07-19 20:00:00,0.0,0.0,0.0,259.8,308.31579,0.0,155.0,-155.0,0.0,0.0,0.0,0.0
2025-07-19 20:15:00,0.0,0.0,0.0,243.7,244.18421,0.0,155.0,-155.0,0.0,0.0,0.0,0.0
2025-07-19 20:30:00,0.0,0.0,0.0,247.4,179.07895,0.0,155.0,-155.0,0.0,0.0,0.0,0.0
2025-07-19 20:45:00,0.0,0.0,0.0,224.5,120.0,0.0,155.0,-155.0,0.0,0.0,0.0,0.0
2025-07-19 21:00:00,515.0,0.0,0.0,0.0,120.0,155.0,0.0,155.0,0.0,0.0,0.0,0.0
2025-07-19 21:15:00,528.3,0.0,0.0,0.0,120.0,155.0,0.0,155.0,0.0,0.0,0.0,0.0
2025-07-19 21:30:00,517.7,0.0,0.0,0.0,120.0,155.0,0.0,155.0,0.0,0.0,0.0,0.0
2025-07-19 21:45:00,513.0,0.0,0.0,0.0,120.0,155.0,0.0,155.0,0.0,0.0,0.0,0.0
2025-07-19 22:00:00,485.2,0.0,0.0,0.0,120.0,155.0,0.0,155.0,0.0,0.0,0.0,0.0
2025-07-19 22:15:00,495.0,0.0,0.0,0.0,120.0,155.0,0.0,155.0,0.0,0.0,0.0,0.0
2025-07-19 22:30:00,483.4,0.0,0.0,0.0,120.0,155.0,0.0,155.0,0.0,0.0,0.0,0.0
2025-07-19 22:45:00,489.0,0.0,0.0,0.0,120.0,155.0,0.0,155.0,0.0,0.0,0.0,0.0
2025-07-19 23:00:00,497.5,0.0,0.0,0.0,120.0,155.0,0.0,155.0,0.0,0.0,0.0,0.0
2025-07-19 23:15:00,473.5,0.0,0.0,0.0,120.0,155.0,0.0,155.0,0.0,0.0,0.0,0.0
2025-07-19 23:30:00,482.7,0.0,0.0,0.0,120.0,155.0,0.0,155.0,0.0,0.0,0.0,0.0
2025-07-19 23:45:00,473.0,0.0,0.0,0.0,120.0,155.0,0.0,155.0,0.0,0.0,0.0,0.0
2025-07-20 00:00:00,505.2,0.0,0.0,0.0,120.0,155.0,0.0,155.0,0.0,0.0,0.0,0.0
2025-07-20 00:15:00,497.3,0.0,0.0,0.0,120.0,155.0,0.0,155.0,0.0,0.0,0.0,0.0
2025-07-20 00:30:00,496.6,0.0,0.0,0.0,120.0,155.0,0.0,155.0,0.0,0.0,0.0,0.0
2025-07-20 00:45:00,481.4,0.0,0.0,0.0,120.0,155.0,0.0,155.0,0.0,0.0,0.0,0.0
2025-07-20 01:00:00,500.4,0.0,0.0,0.0,120.0,155.0,0.0,155.0,0.0,0.0,0.0,0.0
2025-07-20 01:15:00,486.1,0.0,0.0,0.0,120.0,155.0,0.0,155.0,0.0,0.0,0.0,0.0
2025-07-20 01:30:00,491.7,0.0,0.0,0.0,120.0,155.0,0.0,155.0,0.0,0.0,0.0,0.0
2025-07-20 01:45:00,494.7,0.0,0.0,0.0,120.0,155.0,0.0,155.0,0.0,0.0,0.0,0.0
2025-07-20 02:00:00,488.3,0.0,0.0,0.0,120.0,155.0,0.0,155.0,0.0,0.0,0.0,0.0
2025-07-20 02:15:00,492.6,0.0,0.0,0.0,120.0,155.0,0.0,155.0,0.0,0.0,0.0,0.0
2025-07-20 02:30:00,489.4,0.0,0.0,0.0,120.0,155.0,0.0,155.0,0.0,0.0,0.0,0.0
2025-07-20 02:45:00,495.6,0.0,0.0,0.0,120.0,155.0,0.0,155.0,0.0,0.0,0.0,0.0
2025-07-20 03:00:00,491.4,0.0,0.0,0.0,120.0,155.0,0.0,155.0,0.0,0.0,0.0,0.0
2025-07-20 03:15:00,482.9,0.0,0.0,0.0,120.0,155.0,0.0,155.0,0.0,0.0,0.0,0.0
2025-07-20 03:30:00,480.3,0.0,0.0,0.0,120.0,155.0,0.0,155.0,0.0,0.0,0.0,0.0
2025-07-20 03:45:00,488.3,0.0,0.0,0.0,120.0,155.0,0.0,155.0,0.0,0.0,0.0,0.0
2025-07-20 04:00:00,492.5,0.0,0.0,0.0,120.0,155.0,0.0,155.0,0.0,0.0,0.0,0.0
2025-07-20 04:15:00,501.9,0.0,0.0,0.0,120.0,155.0,0.0,155.0,0.0,0.0,0.0,0.0
2025-07-20 04:30:00,783.4,0.0,300.0,0.0,191.25,155.0,0.0,155.0,0.0,0.0,0.0,0.0
2025-07-20 04:45:00,787.7,0.0,300.0,0.0,262.5,155.0,0.0,155.0,0.0,0.0,0.0,0.0
2025-07-20 05:00:00,783.0,0.0,300.0,0.0,333.75,155.0,0.0,155.0,0.0,0.0,0.0,0.0
2025-07-20 05:15:00,782.1,0.0,300.0,0.0,405.0,155.0,0.0,155.0,0.0,0.0,0.0,0.0
2025-07-20 05:30:00,782.6,0.0,300.0,0.0,476.25,155.0,0.0,155.0,0.0,0.0,0.0,0.0
2025-07-20 05:45:00,779.1,0.0,300.0,0.0,547.5,155.0,0.0,155.0,0.0,0.0,0.0,0.0
2025-07-20 06:00:00,766.6,0.0,300.0,0.0,618.75,155.0,0.0,155.0,0.0,0.0,0.0,0.0
2025-07-20 06:15:00,756.6,0.0,300.0,0.0,690.0,155.0,0.0,155.0,0.0,0.0,0.0,0.0
2025-07-20 06:30:00,742.8,0.0,300.0,0.0,761.25,155.0,0.0,155.0,0.0,0.0,0.0,0.0
2025-07-20 06:45:00,722.3,0.0,300.0,0.0,832.5,155.0,0.0,155.0,0.0,0.0,0.0,0.0
2025-07-20 07:00:00,713.3,0.0,300.0,0.0,903.75,155.0,0.0,155.0,0.0,0.0,0.0,0.0
2025-07-20 07:15:00,545.40526,0.0,142.10526,0.0,937.5,155.0,0.0,155.0,0.0,0.0,0.0,0.0
2025-07-20 07:30:00,685.2,0.0,300.0,0.0,1008.75,155.0,0.0,155.0,0.0,0.0,0.0,0.0
2025-07-20 07:45:00,671.6,0.0,300.0,0.0,1080.0,155.0,0.0,155.0,0.0,0.0,0.0,0.0
2025-07-20 08:00:00,90.1,0.0,0.0,0.0,1080.0,0.0,155.0,-155.0,0.0,0.0,0.0,0.0
2025-07-20 08:15:00,74.6,0.0,0.0,0.0,1080.0,0.0,155.0,-155.0,0.0,0.0,0.0,0.0
2025-07-20 08:30:00,74.2,0.0,0.0,0.0,1080.0,0.0,155.0,-155.0,0.0,0.0,0.0,0.0
2025-07-20 08:45:00,55.9,0.0,0.0,0.0,1080.0,0.0,155.0,-155.0,0.0,0.0,0.0,0.0
2025-07-20 09:00:00,32.7,0.0,0.0,0.0,1080.0,0.0,155.0,-155.0,0.0,0.0,0.0,0.0
2025-07-20 09:15:00,40.2,0.0,0.0,0.0,1080.0,0.0,155.0,-155.0,0.0,0.0,0.0,0.0
2025-07-20 09:30:00,29.2,0.0,0.0,0.0,1080.0,0.0,155.0,-155.0,0.0,0.0,0.0,0.0
2025-07-20 09:45:00,175.3,0.0,0.0,0.0,1080.0,0.0,0.0,0.0,0.0,0.0,0.0,0.0
2025-07-20 10:00:00,8.2,0.0,0.0,0.0,1080.0,0.0,155.0,-155.0,0.0,0.0,0.0,0.0
2025-07-20 10:15:00,166.6,0.0,0.0,0.0,1080.0,0.0,0.0,0.0,0.0,0.0,0.0,0.0
2025-07-20 10:30:00,0.0,0.0,0.0,0.0,1080.0,0.0,141.5,-141.5,0.0,0.0,0.0,0.0
2025-07-20 10:45:00,0.0,0.0,0.0,0.0,1080.0,0.0,148.2,-148.2,0.0,0.0,7.0,0.0
2025-07-20 11:00:00,14.515789,0.0,0.0,0.0,1080.0,0.0,155.0,-155.0,0.0,0.0,20.3157895,0.0
2025-07-20 11:15:00,180.6,0.0,0.0,0.0,1080.0,0.0,0.0,0.0,0.0,0.0,47.0,0.0
2025-07-20 11:30:00,170.0,0.0,0.0,0.0,1080.0,0.0,0.0,0.0,0.0,0.0,47.0,0.0
2025-07-20 11:45:00,0.0,0.0,0.0,0.0,1080.0,0.0,155.0,-155.0,0.0,0.0,22.1,0.0
2025-07-20 12:00:00,40.0,0.0,0.0,0.0,1080.0,0.0,155.0,-155.0,0.0,0.0,58.0,0.0
2025-07-20 12:15:00,35.1,0.0,0.0,0.0,1080.0,0.0,155.0,-155.0,0.0,0.0,51.0,0.0
2025-07-20 12:30:00,43.563158,0.0,0.0,0.0,1080.0,0.0,155.0,-155.0,0.0,0.0,46.2631579,0.0
2025-07-20 12:45:00,43.2,0.0,0.0,0.0,1080.0,0.0,155.0,-155.0,0.0,0.0,58.0,0.0
2025-07-20 13:00:00,49.526316,0.0,0.0,0.0,1080.0,0.0,155.0,-155.0,0.0,0.0,50.526316,0.0
2025-07-20 13:15:00,15.4,0.0,0.0,0.0,1080.0,0.0,155.0,-155.0,0.0,0.0,22.0,0.0
2025-07-20 13:30:00,50.1,0.0,0.0,0.0,1080.0,0.0,155.0,-155.0,0.0,0.0,22.0,0.0
2025-07-20 13:45:00,50.742105,0.0,0.0,0.0,1080.0,0.0,155.0,-155.0,0.0,0.0,16.8421053,0.0
2025-07-20 14:00:00,206.73158,0.0,0.0,0.0,1080.0,0.0,0.0,0.0,0.0,0.0,13.5315789,0.0
2025-07-20 14:15:00,43.5,0.0,0.0,0.0,1080.0,0.0,155.0,-155.0,0.0,0.0,0.0,0.0
2025-07-20 14:30:00,62.4,0.0,0.0,0.0,1080.0,0.0,155.0,-155.0,0.0,0.0,0.0,0.0
2025-07-20 14:45:00,65.8,0.0,0.0,0.0,1080.0,0.0,155.0,-155.0,0.0,0.0,0.0,0.0
2025-07-20 15:00:00,91.4,0.0,0.0,0.0,1080.0,0.0,155.0,-155.0,0.0,0.0,0.0,0.0
2025-07-20 15:15:00,114.4,0.0,0.0,0.0,1080.0,0.0,155.0,-155.0,0.0,0.0,11.0,0.0
2025-07-20 15:30:00,137.1,0.0,0.0,0.0,1080.0,0.0,155.0,-155.0,0.0,0.0,11.0,0.0
2025-07-20 15:45:00,143.2,0.0,0.0,0.0,1080.0,0.0,155.0,-155.0,0.0,0.0,11.0,0.0
2025-07-20 16:00:00,157.3,0.0,0.0,0.0,1080.0,0.0,155.0,-155.0,0.0,0.0,11.0,0.0
2025-07-20 16:15:00,172.1,0.0,0.0,0.0,1080.0,0.0,155.0,-155.0,0.0,0.0,10.0,0.0
2025-07-20 16:30:00,339.2,0.0,0.0,0.0,1080.0,0.0,0.0,0.0,0.0,0.0,0.0,0.0
2025-07-20 16:45:00,345.8,0.0,0.0,0.0,1080.0,0.0,20.3,-20.3,0.0,0.0,0.0,0.0
2025-07-20 17:00:00,219.4,0.0,0.0,0.0,1080.0,0.0,155.0,-155.0,0.0,0.0,0.0,0.0
2025-07-20 17:15:00,379.5,0.0,0.0,0.0,1080.0,0.0,0.0,0.0,0.0,0.0,0.0,0.0
2025-07-20 17:30:00,226.4,0.0,0.0,0.0,1080.0,0.0,155.0,-155.0,0.0,0.0,0.0,0.0
2025-07-20 17:45:00,247.2,0.0,0.0,0.0,1080.0,0.0,155.0,-155.0,0.0,0.0,0.0,0.0
2025-07-20 18:00:00,0.0,0.0,0.0,229.9,1019.5,0.0,155.0,-155.0,0.0,0.0,0.0,0.0
2025-07-20 18:15:00,0.0,0.0,0.0,247.5,954.36842,0.0,155.0,-155.0,0.0,0.0,0.0,0.0
2025-07-20 18:30:00,0.0,0.0,0.0,243.5,890.28947,0.0,155.0,-155.0,0.0,0.0,0.0,0.0
2025-07-20 18:45:00,0.0,0.0,0.0,249.1,824.73684,0.0,155.0,-155.0,0.0,0.0,0.0,0.0
2025-07-20 19:00:00,0.0,0.0,0.0,272.6,753.0,0.0,155.0,-155.0,0.0,0.0,0.0,0.0
2025-07-20 19:15:00,0.0,0.0,0.0,263.5,683.65789,0.0,155.0,-155.0,0.0,0.0,0.0,0.0
2025-07-20 19:30:00,0.0,0.0,0.0,258.3,615.68421,0.0,155.0,-155.0,0.0,0.0,0.0,0.0
2025-07-20 19:45:00,0.0,0.0,0.0,258.5,547.65789,0.0,155.0,-155.0,0.0,0.0,0.0,0.0
2025-07-20 20:00:00,0.0,0.0,0.0,249.8,481.92105,0.0,155.0,-155.0,0.0,0.0,0.0,0.0
2025-07-20 20:15:00,0.0,0.0,0.0,236.4,419.71053,0.0,155.0,-155.0,0.0,0.0,0.0,0.0
2025-07-20 20:30:00,0.0,0.0,0.0,244.9,355.26316,0.0,155.0,-155.0,0.0,0.0,0.0,0.0
2025-07-20 20:45:00,0.0,0.0,0.0,226.0,295.78947,0.0,155.0,-155.0,0.0,0.0,0.0,0.0
2025-07-20 21:00:00,516.0,0.0,0.0,0.0,295.78947,155.0,0.0,155.0,0.0,0.0,0.0,0.0
2025-07-20 21:15:00,500.1,0.0,0.0,0.0,295.78947,155.0,0.0,155.0,0.0,0.0,0.0,0.0
2025-07-20 21:30:00,513.0,0.0,0.0,0.0,295.78947,155.0,0.0,155.0,0.0,0.0,0.0,0.0
2025-07-20 21:45:00,510.7,0.0,0.0,0.0,295.78947,155.0,0.0,155.0,0.0,0.0,0.0,0.0
2025-07-20 22:00:00,489.2,0.0,0.0,0.0,295.78947,155.0,0.0,155.0,0.0,0.0,0.0,0.0
2025-07-20 22:15:00,475.8,0.0,0.0,0.0,295.78947,155.0,0.0,155.0,0.0,0.0,0.0,0.0
2025-07-20 22:30:00,476.5,0.0,0.0,0.0,295.78947,155.0,0.0,155.0,0.0,0.0,0.0,0.0
2025-07-20 22:45:00,779.4,0.0,300.0,0.0,367.03947,155.0,0.0,155.0,0.0,0.0,0.0,0.0
2025-07-20 23:00:00,544.98643,0.0,80.886427,0.0,386.25,155.0,0.0,155.0,0.0,0.0,0.0,0.0
2025-07-20 23:15:00,769.7,0.0,300.0,0.0,457.5,155.0,0.0,155.0,0.0,0.0,0.0,0.0
2025-07-20 23:30:00,774.9,0.0,300.0,0.0,528.75,155.0,0.0,155.0,0.0,0.0,0.0,0.0
2025-07-20 23:45:00,774.0,0.0,300.0,0.0,600.0,155.0,0.0,155.0,0.0,0.0,0.0,0.0
