timestamp,ambient_temp_c,solar_irradiance_wm2,office_building_kw,wet_lab_kw,teaching_center_kw,total_native_load_kw,pv_available_kw,grid_buy_price_cny_per_kwh,grid_sell_price_cny_per_kwh,grid_carbon_kg_per_kwh,grid_import_limit_kw,grid_export_limit_kw
2025-07-14 00:00:00,25.11,0.0,104.4,208.7,69.6,382.7,0.0,0.42,0.35,0.737,1200,300
2025-07-14 00:15:00,24.67,0.0,104.1,212.9,67.3,384.3,0.0,0.42,0.35,0.736,1200,300
2025-07-14 00:30:00,24.39,0.0,107.2,202.7,63.6,373.5,0.0,0.42,0.35,0.734,1200,300
2025-07-14 00:45:00,24.42,0.0,97.3,196.4,63.3,357.0,0.0,0.42,0.35,0.732,1200,300
2025-07-14 01:00:00,23.87,0.0,106.3,200.5,60.8,367.5,0.0,0.42,0.35,0.729,1200,300
2025-07-14 01:15:00,24.46,0.0,104.1,205.3,60.7,370.2,0.0,0.42,0.35,0.727,1200,300
2025-07-14 01:30:00,23.72,0.0,105.4,199.2,66.1,370.8,0.0,0.42,0.35,0.723,1200,300
2025-07-14 01:45:00,23.59,0.0,103.8,202.0,70.6,376.4,0.0,0.42,0.35,0.72,1200,300
2025-07-14 02:00:00,23.67,0.0,100.8,209.1,61.3,371.2,0.0,0.42,0.35,0.717,1200,300
2025-07-14 02:15:00,23.66,0.0,97.2,198.4,65.6,361.1,0.0,0.42,0.35,0.713,1200,300
2025-07-14 02:30:00,23.76,0.0,105.7,204.4,64.1,374.2,0.0,0.42,0.35,0.709,1200,300
2025-07-14 02:45:00,23.07,0.0,102.1,202.7,68.2,373.0,0.0,0.42,0.35,0.704,1200,300
2025-07-14 03:00:00,23.6,0.0,97.9,206.6,63.8,368.4,0.0,0.42,0.35,0.7,1200,300
2025-07-14 03:15:00,23.31,0.0,107.4,210.2,67.8,385.4,0.0,0.42,0.35,0.695,1200,300
2025-07-14 03:30:00,23.29,0.0,103.8,206.7,67.9,378.3,0.0,0.42,0.35,0.691,1200,300
2025-07-14 03:45:00,23.45,0.0,104.3,199.5,61.4,365.1,0.0,0.42,0.35,0.686,1200,300
2025-07-14 04:00:00,23.91,0.0,110.4,204.6,68.0,383.1,0.0,0.42,0.35,0.681,1200,300
2025-07-14 04:15:00,23.87,0.0,102.4,206.8,69.6,378.8,0.0,0.42,0.35,0.676,1200,300
2025-07-14 04:30:00,23.87,0.0,111.3,191.9,67.5,370.6,0.0,0.42,0.35,0.67,1200,300
2025-07-14 04:45:00,24.04,0.0,103.8,205.5,59.0,368.3,0.0,0.42,0.35,0.665,1200,300
2025-07-14 05:00:00,24.1,0.0,106.4,212.4,63.4,382.3,0.0,0.42,0.35,0.66,1200,300
2025-07-14 05:15:00,24.1,0.0,103.0,209.6,66.0,378.6,0.0,0.42,0.35,0.655,1200,300
2025-07-14 05:30:00,24.37,0.0,107.1,205.5,67.9,380.4,0.0,0.42,0.35,0.65,1200,300
2025-07-14 05:45:00,24.53,18.2,103.7,203.0,60.6,367.3,10.7,0.42,0.35,0.644,1200,300
2025-07-14 06:00:00,25.05,46.2,121.0,220.2,64.3,405.6,27.1,0.42,0.35,0.639,1200,300
2025-07-14 06:15:00,24.78,79.6,124.6,221.3,62.6,408.4,46.7,0.42,0.35,0.634,1200,300
2025-07-14 06:30:00,25.41,116.8,134.1,237.0,65.5,436.6,68.4,0.42,0.35,0.629,1200,300
2025-07-14 06:45:00,25.8,156.8,138.5,222.4,64.9,425.8,91.9,0.42,0.35,0.625,1200,300
2025-07-14 07:00:00,26.02,198.9,154.9,234.9,80.9,470.8,116.5,0.75,0.35,0.62,1200,300
2025-07-14 07:15:00,26.28,242.4,148.0,245.6,90.4,484.0,142.0,0.75,0.35,0.616,1200,300
2025-07-14 07:30:00,26.82,287.0,158.2,251.9,92.8,502.9,168.1,0.75,0.35,0.611,1200,300
2025-07-14 07:45:00,27.07,332.0,178.2,243.9,103.4,525.5,194.5,0.75,0.35,0.607,1200,300
2025-07-14 08:00:00,27.24,377.2,184.5,244.7,113.2,542.5,221.0,0.75,0.35,0.603,1200,300
2025-07-14 08:15:00,27.21,422.0,192.8,250.8,125.0,568.6,247.2,0.75,0.35,0.6,1200,300
2025-07-14 08:30:00,27.61,466.1,196.3,264.0,125.2,585.4,273.1,0.75,0.35,0.597,1200,300
2025-07-14 08:45:00,28.24,509.1,210.6,257.3,138.4,606.3,298.3,0.75,0.35,0.593,1200,300
2025-07-14 09:00:00,28.58,550.7,214.8,262.4,142.2,619.4,322.7,0.75,0.35,0.591,1200,300
2025-07-14 09:15:00,28.98,590.6,219.5,272.3,150.3,642.0,346.0,0.75,0.35,0.588,1200,300
2025-07-14 09:30:00,28.95,628.5,223.6,273.2,148.9,645.7,368.2,0.75,0.35,0.586,1200,300
2025-07-14 09:45:00,30.04,664.0,234.8,270.8,157.3,662.9,389.0,0.75,0.35,0.584,1200,300
2025-07-14 10:00:00,29.5,697.0,237.7,281.3,152.9,671.9,408.4,0.75,0.35,0.583,1200,300
2025-07-14 10:15:00,30.4,727.2,245.5,283.8,164.0,693.3,426.0,0.75,0.35,0.582,1200,300
2025-07-14 10:30:00,30.34,754.3,245.0,275.8,156.0,676.8,441.9,0.75,0.35,0.581,1200,300
2025-07-14 10:45:00,30.69,778.2,255.7,283.7,161.5,700.9,455.9,0.75,0.35,0.58,1200,300
2025-07-14 11:00:00,31.0,798.8,266.3,282.9,167.1,716.4,468.0,0.68,0.35,0.58,1200,300
2025-07-14 11:15:00,31.47,815.7,264.0,281.3,160.2,705.5,477.9,0.68,0.35,0.58,1200,300
2025-07-14 11:30:00,31.48,829.1,274.9,289.6,156.9,721.4,485.7,0.68,0.35,0.581,1200,300
2025-07-14 11:45:00,31.54,838.7,270.8,285.8,157.9,714.6,491.4,0.68,0.35,0.582,1200,300
2025-07-14 12:00:00,32.1,844.5,267.3,291.5,125.8,684.6,494.7,0.68,0.35,0.583,1200,300
2025-07-14 12:15:00,31.99,846.4,267.4,290.9,121.0,679.3,495.9,0.68,0.35,0.584,1200,300
2025-07-14 12:30:00,32.57,844.5,267.1,298.6,128.9,694.6,494.7,0.68,0.35,0.586,1200,300
2025-07-14 12:45:00,32.24,838.7,254.3,294.8,126.5,675.6,491.4,0.68,0.35,0.588,1200,300
2025-07-14 13:00:00,32.98,829.1,272.4,298.0,130.2,700.6,485.7,0.68,0.35,0.591,1200,300
2025-07-14 13:15:00,33.27,815.7,256.1,294.8,129.7,680.7,477.9,0.68,0.35,0.593,1200,300
2025-07-14 13:30:00,32.89,798.8,245.6,292.5,126.8,664.9,468.0,0.68,0.35,0.597,1200,300
2025-07-14 13:45:00,33.93,778.2,248.3,302.3,124.2,674.8,455.9,0.68,0.35,0.6,1200,300
2025-07-14 14:00:00,33.19,754.3,260.0,296.3,159.0,715.3,441.9,0.68,0.35,0.603,1200,300
2025-07-14 14:15:00,33.19,727.2,262.1,292.1,164.5,718.7,426.0,0.68,0.35,0.607,1200,300
2025-07-14 14:30:00,33.47,697.0,262.0,307.3,167.8,737.1,408.4,0.68,0.35,0.611,1200,300
2025-07-14 14:45:00,32.88,664.0,266.0,290.7,168.3,725.0,389.0,0.68,0.35,0.616,1200,300
2025-07-14 15:00:00,33.26,628.5,270.5,297.6,170.2,738.3,368.2,0.82,0.35,0.62,1200,300
2025-07-14 15:15:00,33.13,590.6,272.7,291.7,165.9,730.4,346.0,0.82,0.35,0.625,1200,300
2025-07-14 15:30:00,33.99,550.7,284.0,290.5,172.9,747.4,322.7,0.82,0.35,0.629,1200,300
2025-07-14 15:45:00,34.04,509.1,290.5,288.8,168.6,748.0,298.3,0.82,0.35,0.634,1200,300
2025-07-14 16:00:00,33.71,466.1,285.5,296.7,171.0,753.3,273.1,0.82,0.35,0.639,1200,300
2025-07-14 16:15:00,32.96,422.0,287.9,274.8,162.9,725.5,247.2,0.82,0.35,0.644,1200,300
2025-07-14 16:30:00,33.04,377.2,287.3,298.7,160.6,746.7,221.0,0.82,0.35,0.65,1200,300
2025-07-14 16:45:00,32.85,332.0,295.6,296.3,158.7,750.6,194.5,0.82,0.35,0.655,1200,300
2025-07-14 17:00:00,33.18,287.0,300.6,284.6,138.6,723.8,168.1,1.28,0.35,0.66,1200,300
2025-07-14 17:15:00,32.72,242.4,299.4,287.3,130.5,717.2,142.0,1.28,0.35,0.665,1200,300
2025-07-14 17:30:00,32.5,198.9,267.1,293.2,122.9,683.2,116.5,1.28,0.35,0.67,1200,300
2025-07-14 17:45:00,32.9,156.8,253.3,285.1,124.8,663.2,91.9,1.28,0.35,0.676,1200,300
2025-07-14 18:00:00,32.12,116.8,248.9,271.0,115.2,635.2,68.4,1.28,0.35,0.681,1200,300
2025-07-14 18:15:00,31.62,79.6,246.7,270.4,108.9,626.0,46.7,1.28,0.35,0.686,1200,300
2025-07-14 18:30:00,31.81,46.2,240.0,272.0,108.8,620.8,27.1,1.28,0.35,0.691,1200,300
2025-07-14 18:45:00,31.03,18.2,226.9,267.1,102.4,596.5,10.7,1.28,0.35,0.695,1200,300
2025-07-14 19:00:00,30.99,0.0,223.9,268.2,94.2,586.3,0.0,1.28,0.35,0.7,1200,300
2025-07-14 19:15:00,30.88,0.0,216.5,258.7,94.5,569.8,0.0,1.28,0.35,0.704,1200,300
2025-07-14 19:30:00,30.66,0.0,214.0,264.0,86.2,564.2,0.0,1.28,0.35,0.709,1200,300
2025-07-14 19:45:00,30.31,0.0,202.1,256.3,80.5,538.9,0.0,1.28,0.35,0.713,1200,300
2025-07-14 20:00:00,29.82,0.0,162.6,247.2,90.5,500.3,0.0,1.28,0.35,0.717,1200,300
2025-07-14 20:15:00,29.17,0.0,150.2,253.2,85.0,488.4,0.0,1.28,0.35,0.72,1200,300
2025-07-14 20:30:00,29.34,0.0,156.7,246.4,80.3,483.5,0.0,1.28,0.35,0.723,1200,300
2025-07-14 20:45:00,28.85,0.0,147.1,248.0,81.4,476.5,0.0,1.28,0.35,0.727,1200,300
2025-07-14 21:00:00,28.25,0.0,143.7,241.4,78.7,463.8,0.0,0.72,0.35,0.729,1200,300
2025-07-14 21:15:00,27.93,0.0,142.4,237.8,78.1,458.4,0.0,0.72,0.35,0.732,1200,300
2025-07-14 21:30:00,27.71,0.0,139.5,227.0,74.9,441.4,0.0,0.72,0.35,0.734,1200,300
2025-07-14 21:45:00,27.31,0.0,133.8,232.8,82.6,449.2,0.0,0.72,0.35,0.736,1200,300
2025-07-14 22:00:00,27.46,0.0,133.1,224.3,75.5,432.9,0.0,0.72,0.35,0.737,1200,300
2025-07-14 22:15:00,26.89,0.0,127.8,223.8,74.6,426.2,0.0,0.72,0.35,0.738,1200,300
2025-07-14 22:30:00,26.74,0.0,132.6,221.1,78.0,431.6,0.0,0.72,0.35,0.739,1200,300
2025-07-14 22:45:00,26.5,0.0,121.8,221.8,76.2,419.8,0.0,0.72,0.35,0.74,1200,300
2025-07-14 23:00:00,26.03,0.0,116.1,219.0,76.6,411.7,0.0,0.72,0.35,0.74,1200,300
2025-07-14 23:15:00,26.16,0.0,121.9,230.2,73.1,425.2,0.0,0.72,0.35,0.74,1200,300
2025-07-14 23:30:00,25.72,0.0,116.2,228.7,72.6,417.5,0.0,0.72,0.35,0.739,1200,300
2025-07-14 23:45:00,24.95,0.0,112.6,204.4,73.4,390.4,0.0,0.72,0.35,0.738,1200,300
2025-07-15 00:00:00,25.24,0.0,105.6,207.6,70.6,383.8,0.0,0.42,0.35,0.737,1200,300
2025-07-15 00:15:00,25.53,0.0,102.7,202.5,66.5,371.7,0.0,0.42,0.35,0.736,1200,300
2025-07-15 00:30:00,24.64,0.0,112.3,210.9,63.6,386.8,0.0,0.42,0.35,0.734,1200,300
2025-07-15 00:45:00,24.33,0.0,110.4,204.4,68.7,383.6,0.0,0.42,0.35,0.732,1200,300
2025-07-15 01:00:00,24.19,0.0,102.6,205.0,65.1,372.8,0.0,0.42,0.35,0.729,1200,300
2025-07-15 01:15:00,24.38,0.0,107.5,199.7,64.6,371.7,0.0,0.42,0.35,0.727,1200,300
2025-07-15 01:30:00,24.42,0.0,107.1,208.6,61.6,377.2,0.0,0.42,0.35,0.723,1200,300
2025-07-15 01:45:00,23.81,0.0,110.1,206.7,62.8,379.5,0.0,0.42,0.35,0.72,1200,300
2025-07-15 02:00:00,24.64,0.0,105.5,210.9,65.2,381.6,0.0,0.42,0.35,0.717,1200,300
2025-07-15 02:15:00,24.71,0.0,112.0,203.8,67.9,383.7,0.0,0.42,0.35,0.713,1200,300
2025-07-15 02:30:00,24.24,0.0,110.5,200.2,67.1,377.7,0.0,0.42,0.35,0.709,1200,300
2025-07-15 02:45:00,24.33,0.0,98.0,199.1,58.9,355.9,0.0,0.42,0.35,0.704,1200,300
2025-07-15 03:00:00,23.92,0.0,107.9,212.5,65.2,385.6,0.0,0.42,0.35,0.7,1200,300
2025-07-15 03:15:00,24.5,0.0,99.5,196.5,64.8,360.8,0.0,0.42,0.35,0.695,1200,300
2025-07-15 03:30:00,24.16,0.0,104.9,194.7,64.7,364.3,0.0,0.42,0.35,0.691,1200,300
2025-07-15 03:45:00,23.7,0.0,107.7,206.8,62.2,376.7,0.0,0.42,0.35,0.686,1200,300
2025-07-15 04:00:00,24.02,0.0,100.8,204.7,67.9,373.3,0.0,0.42,0.35,0.681,1200,300
2025-07-15 04:15:00,23.97,0.0,107.0,202.3,62.6,372.0,0.0,0.42,0.35,0.676,1200,300
2025-07-15 04:30:00,24.35,0.0,100.9,202.2,61.4,364.5,0.0,0.42,0.35,0.67,1200,300
2025-07-15 04:45:00,25.11,0.0,105.1,201.9,65.6,372.7,0.0,0.42,0.35,0.665,1200,300
2025-07-15 05:00:00,24.64,0.0,104.1,208.1,67.3,379.5,0.0,0.42,0.35,0.66,1200,300
2025-07-15 05:15:00,24.68,0.0,102.7,203.6,58.1,364.4,0.0,0.42,0.35,0.655,1200,300
2025-07-15 05:30:00,24.58,0.0,110.5,213.2,64.3,387.9,0.0,0.42,0.35,0.65,1200,300
2025-07-15 05:45:00,25.41,17.4,106.2,222.0,68.4,396.6,10.2,0.42,0.35,0.644,1200,300
2025-07-15 06:00:00,25.43,44.2,116.2,213.6,65.6,395.4,25.9,0.42,0.35,0.639,1200,300
2025-07-15 06:15:00,25.48,76.2,120.6,221.6,61.8,403.9,44.6,0.42,0.35,0.634,1200,300
2025-07-15 06:30:00,26.46,111.7,138.5,231.5,70.5,440.5,65.5,0.42,0.35,0.629,1200,300
2025-07-15 06:45:00,26.25,150.0,136.6,241.3,67.2,445.2,87.9,0.42,0.35,0.625,1200,300
2025-07-15 07:00:00,26.19,190.2,145.2,232.1,76.3,453.7,111.4,0.75,0.35,0.62,1200,300
2025-07-15 07:15:00,27.07,231.9,164.5,235.9,91.7,492.1,135.9,0.75,0.35,0.616,1200,300
2025-07-15 07:30:00,26.89,274.5,160.3,242.2,94.5,497.0,160.8,0.75,0.35,0.611,1200,300
2025-07-15 07:45:00,27.41,317.6,167.9,251.5,105.7,525.1,186.1,0.75,0.35,0.607,1200,300
2025-07-15 08:00:00,27.63,360.8,185.0,251.1,116.2,552.3,211.4,0.75,0.35,0.603,1200,300
2025-07-15 08:15:00,28.17,403.6,192.1,259.6,125.0,576.7,236.5,0.75,0.35,0.6,1200,300
2025-07-15 08:30:00,27.85,445.8,201.0,257.5,131.1,589.6,261.2,0.75,0.35,0.597,1200,300
2025-07-15 08:45:00,28.44,487.0,199.2,257.9,138.5,595.7,285.3,0.75,0.35,0.593,1200,300
2025-07-15 09:00:00,29.08,526.8,210.7,273.7,142.4,626.8,308.6,0.75,0.35,0.591,1200,300
2025-07-15 09:15:00,29.31,565.0,215.2,269.0,150.2,634.3,331.0,0.75,0.35,0.588,1200,300
2025-07-15 09:30:00,29.39,601.2,223.5,278.5,150.4,652.3,352.2,0.75,0.35,0.586,1200,300
2025-07-15 09:45:00,30.23,635.2,229.4,280.1,160.1,669.6,372.1,0.75,0.35,0.584,1200,300
2025-07-15 10:00:00,29.55,666.7,231.6,278.6,154.8,665.1,390.6,0.75,0.35,0.583,1200,300
2025-07-15 10:15:00,30.72,695.6,243.1,281.4,158.6,683.1,407.5,0.75,0.35,0.582,1200,300
2025-07-15 10:30:00,31.26,721.5,253.9,285.5,159.4,698.8,422.7,0.75,0.35,0.581,1200,300
2025-07-15 10:45:00,31.07,744.4,254.6,285.8,158.6,699.0,436.1,0.75,0.35,0.58,1200,300
2025-07-15 11:00:00,31.59,764.0,271.9,290.8,159.4,722.1,447.6,0.68,0.35,0.58,1200,300
2025-07-15 11:15:00,32.14,780.3,269.4,279.0,157.4,705.8,457.1,0.68,0.35,0.58,1200,300
2025-07-15 11:30:00,31.48,793.0,270.7,287.4,162.2,720.2,464.6,0.68,0.35,0.581,1200,300
2025-07-15 11:45:00,32.39,802.2,280.5,295.4,150.8,726.7,470.0,0.68,0.35,0.582,1200,300
2025-07-15 12:00:00,32.61,807.8,278.1,285.2,129.3,692.6,473.2,0.68,0.35,0.583,1200,300
2025-07-15 12:15:00,32.86,809.6,269.7,297.1,133.3,700.1,474.3,0.68,0.35,0.584,1200,300
2025-07-15 12:30:00,33.02,807.8,268.2,292.6,124.3,685.1,473.2,0.68,0.35,0.586,1200,300
2025-07-15 12:45:00,33.41,802.2,260.8,297.0,126.3,684.1,470.0,0.68,0.35,0.588,1200,300
2025-07-15 13:00:00,33.47,793.0,260.9,302.2,126.4,689.6,464.6,0.68,0.35,0.591,1200,300
2025-07-15 13:15:00,33.4,780.3,250.3,294.7,128.9,673.9,457.1,0.68,0.35,0.593,1200,300
2025-07-15 13:30:00,33.85,764.0,247.9,303.0,132.9,683.8,447.6,0.68,0.35,0.597,1200,300
2025-07-15 13:45:00,33.86,744.4,262.9,294.8,125.1,682.8,436.1,0.68,0.35,0.6,1200,300
2025-07-15 14:00:00,33.3,721.5,262.2,299.6,162.3,724.1,422.7,0.68,0.35,0.603,1200,300
2025-07-15 14:15:00,33.99,695.6,259.1,311.0,166.1,736.2,407.5,0.68,0.35,0.607,1200,300
2025-07-15 14:30:00,33.99,666.7,270.3,301.0,167.8,739.1,390.6,0.68,0.35,0.611,1200,300
2025-07-15 14:45:00,33.75,635.2,271.7,306.7,171.9,750.3,372.1,0.68,0.35,0.616,1200,300
2025-07-15 15:00:00,34.48,601.2,275.4,294.7,170.2,740.3,352.2,0.82,0.35,0.62,1200,300
2025-07-15 15:15:00,34.01,565.0,283.1,289.0,174.6,746.6,331.0,0.82,0.35,0.625,1200,300
2025-07-15 15:30:00,33.91,526.8,280.2,291.5,165.0,736.7,308.6,0.82,0.35,0.629,1200,300
2025-07-15 15:45:00,34.15,487.0,287.2,290.4,166.5,744.1,285.3,0.82,0.35,0.634,1200,300
2025-07-15 16:00:00,33.73,445.8,295.1,293.3,164.2,752.7,261.2,0.82,0.35,0.639,1200,300
2025-07-15 16:15:00,33.66,403.6,290.8,280.2,167.5,738.4,236.5,0.82,0.35,0.644,1200,300
2025-07-15 16:30:00,33.55,360.8,297.8,301.7,169.5,769.0,211.4,0.82,0.35,0.65,1200,300
2025-07-15 16:45:00,33.4,317.6,293.6,304.0,164.5,762.1,186.1,0.82,0.35,0.655,1200,300
2025-07-15 17:00:00,33.33,274.5,301.3,291.1,137.2,729.5,160.8,1.28,0.35,0.66,1200,300
2025-07-15 17:15:00,32.99,231.9,301.1,287.8,130.6,719.5,135.9,1.28,0.35,0.665,1200,300
2025-07-15 17:30:00,32.75,190.2,266.2,284.9,131.7,682.9,111.4,1.28,0.35,0.67,1200,300
2025-07-15 17:45:00,31.96,150.0,260.5,288.6,114.6,663.6,87.9,1.28,0.35,0.676,1200,300
2025-07-15 18:00:00,32.43,111.7,251.6,266.2,115.1,632.9,65.5,1.28,0.35,0.681,1200,300
2025-07-15 18:15:00,31.96,76.2,252.1,274.6,115.6,642.4,44.6,1.28,0.35,0.686,1200,300
2025-07-15 18:30:00,32.26,44.2,236.7,267.0,109.5,613.1,25.9,1.28,0.35,0.691,1200,300
2025-07-15 18:45:00,31.41,17.4,234.0,263.7,100.4,598.1,10.2,1.28,0.35,0.695,1200,300
2025-07-15 19:00:00,31.71,0.0,229.1,262.7,101.2,593.0,0.0,1.28,0.35,0.7,1200,300
2025-07-15 19:15:00,30.89,0.0,219.9,262.8,90.3,573.0,0.0,1.28,0.35,0.704,1200,300
2025-07-15 19:30:00,31.01,0.0,207.6,263.5,86.5,557.5,0.0,1.28,0.35,0.709,1200,300
2025-07-15 19:45:00,30.45,0.0,208.3,251.7,77.0,536.9,0.0,1.28,0.35,0.713,1200,300
2025-07-15 20:00:00,29.83,0.0,162.7,244.9,89.4,497.1,0.0,1.28,0.35,0.717,1200,300
2025-07-15 20:15:00,29.35,0.0,162.8,249.1,82.8,494.6,0.0,1.28,0.35,0.72,1200,300
2025-07-15 20:30:00,29.49,0.0,156.6,246.9,86.7,490.1,0.0,1.28,0.35,0.723,1200,300
2025-07-15 20:45:00,29.36,0.0,153.2,243.3,82.9,479.3,0.0,1.28,0.35,0.727,1200,300
2025-07-15 21:00:00,29.09,0.0,142.5,235.8,84.7,463.0,0.0,0.72,0.35,0.729,1200,300
2025-07-15 21:15:00,28.72,0.0,145.0,239.7,82.6,467.3,0.0,0.72,0.35,0.732,1200,300
2025-07-15 21:30:00,28.19,0.0,138.0,237.1,77.3,452.4,0.0,0.72,0.35,0.734,1200,300
2025-07-15 21:45:00,28.15,0.0,132.3,239.6,81.6,453.5,0.0,0.72,0.35,0.736,1200,300
2025-07-15 22:00:00,27.78,0.0,139.4,233.9,82.3,455.6,0.0,0.72,0.35,0.737,1200,300
2025-07-15 22:15:00,26.84,0.0,123.6,218.9,77.1,419.6,0.0,0.72,0.35,0.738,1200,300
2025-07-15 22:30:00,27.24,0.0,126.2,224.5,75.7,426.3,0.0,0.72,0.35,0.739,1200,300
2025-07-15 22:45:00,26.61,0.0,118.3,216.5,72.4,407.2,0.0,0.72,0.35,0.74,1200,300
2025-07-15 23:00:00,26.21,0.0,124.3,214.8,83.4,422.5,0.0,0.72,0.35,0.74,1200,300
2025-07-15 23:15:00,26.37,0.0,120.0,215.9,78.0,413.9,0.0,0.72,0.35,0.74,1200,300
2025-07-15 23:30:00,25.78,0.0,116.0,230.8,74.7,421.5,0.0,0.72,0.35,0.739,1200,300
2025-07-15 23:45:00,26.05,0.0,112.4,218.8,80.4,411.7,0.0,0.72,0.35,0.738,1200,300
2025-07-16 00:00:00,23.78,0.0,112.2,208.5,63.3,384.1,0.0,0.42,0.35,0.737,1200,300
2025-07-16 00:15:00,23.93,0.0,108.9,208.1,60.3,377.3,0.0,0.42,0.35,0.736,1200,300
2025-07-16 00:30:00,23.32,0.0,104.0,204.6,66.9,375.5,0.0,0.42,0.35,0.734,1200,300
2025-07-16 00:45:00,23.4,0.0,99.7,206.9,66.8,373.4,0.0,0.42,0.35,0.732,1200,300
2025-07-16 01:00:00,23.34,0.0,109.3,209.2,66.4,384.9,0.0,0.42,0.35,0.729,1200,300
2025-07-16 01:15:00,22.99,0.0,98.4,207.1,65.6,371.1,0.0,0.42,0.35,0.727,1200,300
2025-07-16 01:30:00,22.96,0.0,99.9,199.6,68.2,367.6,0.0,0.42,0.35,0.723,1200,300
2025-07-16 01:45:00,22.75,0.0,107.7,205.1,65.1,378.0,0.0,0.42,0.35,0.72,1200,300
2025-07-16 02:00:00,22.95,0.0,102.9,205.5,63.6,372.0,0.0,0.42,0.35,0.717,1200,300
2025-07-16 02:15:00,22.47,0.0,103.8,206.1,63.6,373.4,0.0,0.42,0.35,0.713,1200,300
2025-07-16 02:30:00,22.92,0.0,101.4,204.1,63.7,369.2,0.0,0.42,0.35,0.709,1200,300
2025-07-16 02:45:00,22.94,0.0,105.8,210.2,60.5,376.5,0.0,0.42,0.35,0.704,1200,300
2025-07-16 03:00:00,22.58,0.0,108.6,205.4,68.2,382.2,0.0,0.42,0.35,0.7,1200,300
2025-07-16 03:15:00,22.36,0.0,110.6,216.5,63.9,391.0,0.0,0.42,0.35,0.695,1200,300
2025-07-16 03:30:00,22.41,0.0,110.8,212.9,63.4,387.1,0.0,0.42,0.35,0.691,1200,300
2025-07-16 03:45:00,22.47,0.0,103.9,198.3,62.2,364.4,0.0,0.42,0.35,0.686,1200,300
2025-07-16 04:00:00,22.37,0.0,101.9,204.8,65.7,372.5,0.0,0.42,0.35,0.681,1200,300
2025-07-16 04:15:00,23.23,0.0,101.0,209.9,64.4,375.3,0.0,0.42,0.35,0.676,1200,300
2025-07-16 04:30:00,22.87,0.0,107.7,199.4,66.1,373.2,0.0,0.42,0.35,0.67,1200,300
2025-07-16 04:45:00,23.07,0.0,107.0,206.4,72.4,385.8,0.0,0.42,0.35,0.665,1200,300
2025-07-16 05:00:00,22.98,0.0,102.9,201.9,63.3,368.1,0.0,0.42,0.35,0.66,1200,300
2025-07-16 05:15:00,23.15,0.0,109.8,212.1,63.3,385.1,0.0,0.42,0.35,0.655,1200,300
2025-07-16 05:30:00,23.28,0.0,106.9,202.2,66.9,376.0,0.0,0.42,0.35,0.65,1200,300
2025-07-16 05:45:00,23.8,10.9,98.9,212.7,70.4,382.1,6.4,0.42,0.35,0.644,1200,300
2025-07-16 06:00:00,23.78,27.6,118.4,221.4,66.0,405.9,16.2,0.42,0.35,0.639,1200,300
2025-07-16 06:15:00,24.4,47.6,134.3,222.1,62.6,419.0,27.9,0.42,0.35,0.634,1200,300
2025-07-16 06:30:00,24.04,69.8,129.6,225.8,70.4,425.8,40.9,0.42,0.35,0.629,1200,300
2025-07-16 06:45:00,24.57,93.7,139.6,228.9,68.6,437.1,54.9,0.42,0.35,0.625,1200,300
2025-07-16 07:00:00,25.76,118.9,142.9,232.4,83.1,458.4,69.7,0.75,0.35,0.62,1200,300
2025-07-16 07:15:00,25.49,144.9,158.6,239.8,86.4,484.9,84.9,0.75,0.35,0.616,1200,300
2025-07-16 07:30:00,25.76,171.6,161.9,245.0,96.5,503.5,100.5,0.75,0.35,0.611,1200,300
2025-07-16 07:45:00,26.21,198.5,169.6,252.5,105.0,527.0,116.3,0.75,0.35,0.607,1200,300
2025-07-16 08:00:00,26.16,225.5,181.4,254.4,107.9,543.8,132.1,0.75,0.35,0.603,1200,300
2025-07-16 08:15:00,26.64,252.3,186.3,253.4,122.9,562.5,147.8,0.75,0.35,0.6,1200,300
2025-07-16 08:30:00,26.9,278.6,194.0,250.4,129.4,573.8,163.2,0.75,0.35,0.597,1200,300
2025-07-16 08:45:00,27.37,304.4,209.4,260.5,136.4,606.3,178.3,0.75,0.35,0.593,1200,300
2025-07-16 09:00:00,27.57,329.2,212.7,264.3,144.6,621.6,192.9,0.75,0.35,0.591,1200,300
2025-07-16 09:15:00,28.01,353.1,213.9,265.1,147.5,626.4,206.9,0.75,0.35,0.588,1200,300
2025-07-16 09:30:00,28.47,375.7,216.0,270.6,147.8,634.5,220.1,0.75,0.35,0.586,1200,300
2025-07-16 09:45:00,28.83,397.0,220.4,269.4,153.6,643.4,232.6,0.75,0.35,0.584,1200,300
2025-07-16 10:00:00,29.26,416.7,233.0,271.8,160.4,665.3,244.1,0.75,0.35,0.583,1200,300
2025-07-16 10:15:00,28.67,434.7,225.9,275.4,152.6,653.9,254.7,0.75,0.35,0.582,1200,300
2025-07-16 10:30:00,29.11,450.9,244.3,276.8,153.8,674.9,264.2,0.75,0.35,0.581,1200,300
2025-07-16 10:45:00,29.33,465.2,250.6,280.4,155.4,686.5,272.6,0.75,0.35,0.58,1200,300
2025-07-16 11:00:00,30.55,262.6,253.9,274.9,155.8,684.5,153.9,0.68,0.35,0.58,1200,300
2025-07-16 11:15:00,30.26,268.2,262.1,280.9,156.9,699.9,157.1,0.68,0.35,0.58,1200,300
2025-07-16 11:30:00,30.17,272.6,270.9,281.9,157.4,710.1,159.7,0.68,0.35,0.581,1200,300
2025-07-16 11:45:00,30.9,275.8,275.3,288.5,155.2,718.9,161.6,0.68,0.35,0.582,1200,300
2025-07-16 12:00:00,31.23,277.7,273.0,288.3,124.7,686.0,162.7,0.68,0.35,0.583,1200,300
2025-07-16 12:15:00,31.23,278.3,268.5,284.4,128.0,680.8,163.0,0.68,0.35,0.584,1200,300
2025-07-16 12:30:00,31.45,277.7,253.2,289.6,121.0,663.8,162.7,0.68,0.35,0.586,1200,300
2025-07-16 12:45:00,31.91,275.8,253.7,288.7,118.5,660.9,161.6,0.68,0.35,0.588,1200,300
2025-07-16 13:00:00,31.69,272.6,240.5,282.4,125.9,648.8,159.7,0.68,0.35,0.591,1200,300
2025-07-16 13:15:00,32.22,268.2,249.7,287.6,124.8,662.0,157.1,0.68,0.35,0.593,1200,300
2025-07-16 13:30:00,32.12,262.6,237.8,299.6,127.3,664.7,153.9,0.68,0.35,0.597,1200,300
2025-07-16 13:45:00,32.17,255.9,246.5,293.2,118.7,658.5,149.9,0.68,0.35,0.6,1200,300
2025-07-16 14:00:00,32.26,248.0,247.9,287.4,159.2,694.5,145.3,0.68,0.35,0.603,1200,300
2025-07-16 14:15:00,32.94,434.7,260.6,292.0,164.9,717.5,254.7,0.68,0.35,0.607,1200,300
2025-07-16 14:30:00,32.88,416.7,265.1,294.6,162.6,722.3,244.1,0.68,0.35,0.611,1200,300
2025-07-16 14:45:00,32.7,397.0,265.8,297.8,167.2,730.8,232.6,0.68,0.35,0.616,1200,300
2025-07-16 15:00:00,32.81,375.7,266.5,299.9,167.1,733.6,220.1,0.82,0.35,0.62,1200,300
2025-07-16 15:15:00,33.11,353.1,271.2,302.7,168.5,742.3,206.9,0.82,0.35,0.625,1200,300
2025-07-16 15:30:00,32.26,329.2,271.3,288.7,167.3,727.2,192.9,0.82,0.35,0.629,1200,300
2025-07-16 15:45:00,32.56,304.4,276.2,290.7,173.0,739.9,178.3,0.82,0.35,0.634,1200,300
2025-07-16 16:00:00,32.85,278.6,285.5,291.4,167.0,744.0,163.2,0.82,0.35,0.639,1200,300
2025-07-16 16:15:00,32.42,252.3,281.2,287.6,159.6,728.5,147.8,0.82,0.35,0.644,1200,300
2025-07-16 16:30:00,32.24,225.5,290.7,285.1,167.7,743.4,132.1,0.82,0.35,0.65,1200,300
2025-07-16 16:45:00,31.62,198.5,282.7,285.5,163.2,731.3,116.3,0.82,0.35,0.655,1200,300
2025-07-16 17:00:00,32.34,171.6,294.2,291.7,135.1,721.0,100.5,1.28,0.35,0.66,1200,300
2025-07-16 17:15:00,31.61,144.9,299.5,286.0,124.2,709.7,84.9,1.28,0.35,0.665,1200,300
2025-07-16 17:30:00,31.91,118.9,266.8,279.9,126.4,673.1,69.7,1.28,0.35,0.67,1200,300
2025-07-16 17:45:00,31.41,93.7,254.2,277.5,117.5,649.1,54.9,1.28,0.35,0.676,1200,300
2025-07-16 18:00:00,31.03,69.8,250.3,270.6,113.0,633.9,40.9,1.28,0.35,0.681,1200,300
2025-07-16 18:15:00,31.03,47.6,228.8,272.2,104.3,605.3,27.9,1.28,0.35,0.686,1200,300
2025-07-16 18:30:00,30.44,27.6,227.0,256.2,107.1,590.3,16.2,1.28,0.35,0.691,1200,300
2025-07-16 18:45:00,30.14,10.9,225.8,259.8,99.9,585.5,6.4,1.28,0.35,0.695,1200,300
2025-07-16 19:00:00,30.02,0.0,213.2,263.1,92.2,568.4,0.0,1.28,0.35,0.7,1200,300
2025-07-16 19:15:00,29.24,0.0,207.0,261.1,89.8,558.0,0.0,1.28,0.35,0.704,1200,300
2025-07-16 19:30:00,29.31,0.0,202.1,250.8,89.2,542.1,0.0,1.28,0.35,0.709,1200,300
2025-07-16 19:45:00,29.22,0.0,199.3,255.7,78.9,533.9,0.0,1.28,0.35,0.713,1200,300
2025-07-16 20:00:00,28.72,0.0,153.6,246.8,81.4,481.8,0.0,1.28,0.35,0.717,1200,300
2025-07-16 20:15:00,28.69,0.0,152.7,249.2,81.2,483.2,0.0,1.28,0.35,0.72,1200,300
2025-07-16 20:30:00,28.18,0.0,140.0,246.7,81.3,468.0,0.0,1.28,0.35,0.723,1200,300
2025-07-16 20:45:00,28.13,0.0,134.4,250.8,79.7,464.9,0.0,1.28,0.35,0.727,1200,300
2025-07-16 21:00:00,27.83,0.0,138.6,240.8,76.2,455.6,0.0,0.72,0.35,0.729,1200,300
2025-07-16 21:15:00,26.99,0.0,144.1,232.1,78.0,454.2,0.0,0.72,0.35,0.732,1200,300
2025-07-16 21:30:00,27.11,0.0,137.4,232.8,78.8,448.9,0.0,0.72,0.35,0.734,1200,300
2025-07-16 21:45:00,27.25,0.0,134.1,232.0,81.1,447.3,0.0,0.72,0.35,0.736,1200,300
2025-07-16 22:00:00,26.54,0.0,133.6,224.0,72.9,430.5,0.0,0.72,0.35,0.737,1200,300
2025-07-16 22:15:00,26.38,0.0,121.7,221.8,73.7,417.1,0.0,0.72,0.35,0.738,1200,300
2025-07-16 22:30:00,25.57,0.0,123.8,218.8,76.3,418.8,0.0,0.72,0.35,0.739,1200,300
2025-07-16 22:45:00,25.77,0.0,122.6,216.7,77.9,417.2,0.0,0.72,0.35,0.74,1200,300
2025-07-16 23:00:00,25.36,0.0,114.1,219.3,77.1,410.5,0.0,0.72,0.35,0.74,1200,300
2025-07-16 23:15:00,24.63,0.0,122.8,214.2,75.4,412.4,0.0,0.72,0.35,0.74,1200,300
2025-07-16 23:30:00,24.4,0.0,115.6,209.5,70.7,395.8,0.0,0.72,0.35,0.739,1200,300
2025-07-16 23:45:00,24.68,0.0,111.6,210.0,68.5,390.2,0.0,0.72,0.35,0.738,1200,300
2025-07-17 00:00:00,24.47,0.0,99.7,213.2,68.0,380.9,0.0,0.42,0.35,0.737,1200,300
2025-07-17 00:15:00,24.23,0.0,114.0,209.9,64.0,387.9,0.0,0.42,0.35,0.736,1200,300
2025-07-17 00:30:00,23.48,0.0,114.2,198.1,60.1,372.3,0.0,0.42,0.35,0.734,1200,300
2025-07-17 00:45:00,24.35,0.0,114.8,211.9,66.7,393.4,0.0,0.42,0.35,0.732,1200,300
2025-07-17 01:00:00,24.05,0.0,108.4,208.8,65.8,383.1,0.0,0.42,0.35,0.729,1200,300
2025-07-17 01:15:00,23.75,0.0,104.7,201.2,64.2,370.1,0.0,0.42,0.35,0.727,1200,300
2025-07-17 01:30:00,23.07,0.0,104.6,200.1,61.7,366.4,0.0,0.42,0.35,0.723,1200,300
2025-07-17 01:45:00,23.52,0.0,110.6,209.6,60.3,380.4,0.0,0.42,0.35,0.72,1200,300
2025-07-17 02:00:00,23.07,0.0,108.8,200.1,64.3,373.2,0.0,0.42,0.35,0.717,1200,300
2025-07-17 02:15:00,23.46,0.0,101.1,205.5,61.0,367.7,0.0,0.42,0.35,0.713,1200,300
2025-07-17 02:30:00,23.06,0.0,106.3,197.0,66.3,369.6,0.0,0.42,0.35,0.709,1200,300
2025-07-17 02:45:00,23.2,0.0,107.2,206.1,69.1,382.4,0.0,0.42,0.35,0.704,1200,300
2025-07-17 03:00:00,23.24,0.0,103.3,205.6,66.6,375.5,0.0,0.42,0.35,0.7,1200,300
2025-07-17 03:15:00,23.23,0.0,105.2,201.5,63.0,369.7,0.0,0.42,0.35,0.695,1200,300
2025-07-17 03:30:00,22.82,0.0,112.0,198.8,62.9,373.7,0.0,0.42,0.35,0.691,1200,300
2025-07-17 03:45:00,23.08,0.0,108.6,203.5,68.7,380.8,0.0,0.42,0.35,0.686,1200,300
2025-07-17 04:00:00,23.17,0.0,106.1,200.8,71.4,378.4,0.0,0.42,0.35,0.681,1200,300
2025-07-17 04:15:00,23.11,0.0,106.2,208.2,66.2,380.6,0.0,0.42,0.35,0.676,1200,300
2025-07-17 04:30:00,23.53,0.0,104.5,205.2,64.6,374.3,0.0,0.42,0.35,0.67,1200,300
2025-07-17 04:45:00,24.0,0.0,113.8,202.2,60.9,376.9,0.0,0.42,0.35,0.665,1200,300
2025-07-17 05:00:00,23.84,0.0,115.3,201.0,69.9,386.2,0.0,0.42,0.35,0.66,1200,300
2025-07-17 05:15:00,24.55,0.0,102.8,207.8,69.9,380.5,0.0,0.42,0.35,0.655,1200,300
2025-07-17 05:30:00,24.12,0.0,104.2,202.1,62.0,368.2,0.0,0.42,0.35,0.65,1200,300
2025-07-17 05:45:00,24.25,16.2,100.1,205.2,62.7,368.0,9.5,0.42,0.35,0.644,1200,300
2025-07-17 06:00:00,24.73,41.2,113.8,221.7,67.5,402.9,24.1,0.42,0.35,0.639,1200,300
2025-07-17 06:15:00,24.31,71.0,127.7,229.1,61.4,418.3,41.6,0.42,0.35,0.634,1200,300
2025-07-17 06:30:00,25.66,104.1,134.2,225.0,64.8,424.0,61.0,0.42,0.35,0.629,1200,300
2025-07-17 06:45:00,25.59,139.7,139.1,233.9,62.2,435.2,81.9,0.42,0.35,0.625,1200,300
2025-07-17 07:00:00,25.75,177.2,139.3,234.3,77.3,450.9,103.8,0.75,0.35,0.62,1200,300
2025-07-17 07:15:00,25.77,216.1,156.2,243.4,89.3,488.9,126.6,0.75,0.35,0.616,1200,300
2025-07-17 07:30:00,25.96,255.8,156.2,247.7,95.4,499.4,149.9,0.75,0.35,0.611,1200,300
2025-07-17 07:45:00,27.29,295.9,172.2,250.7,104.7,527.5,173.4,0.75,0.35,0.607,1200,300
2025-07-17 08:00:00,26.95,336.2,184.4,254.9,115.1,554.5,197.0,0.75,0.35,0.603,1200,300
2025-07-17 08:15:00,26.99,376.1,184.4,245.4,121.4,551.2,220.4,0.75,0.35,0.6,1200,300
2025-07-17 08:30:00,27.22,415.4,186.8,260.4,135.4,582.6,243.4,0.75,0.35,0.597,1200,300
2025-07-17 08:45:00,27.87,453.8,206.8,264.3,136.7,607.8,265.9,0.75,0.35,0.593,1200,300
2025-07-17 09:00:00,28.48,490.9,210.0,269.5,146.9,626.4,287.6,0.75,0.35,0.591,1200,300
2025-07-17 09:15:00,28.33,526.4,218.8,267.6,145.4,631.8,308.4,0.75,0.35,0.588,1200,300
2025-07-17 09:30:00,29.01,560.2,219.4,272.1,151.2,642.7,328.2,0.75,0.35,0.586,1200,300
2025-07-17 09:45:00,29.5,591.9,232.0,274.6,156.5,663.0,346.8,0.75,0.35,0.584,1200,300
2025-07-17 10:00:00,29.91,621.3,239.0,277.1,152.4,668.5,364.0,0.75,0.35,0.583,1200,300
2025-07-17 10:15:00,29.49,648.1,237.8,273.2,155.5,666.5,379.7,0.75,0.35,0.582,1200,300
2025-07-17 10:30:00,30.13,672.3,249.0,279.1,159.4,687.5,393.9,0.75,0.35,0.581,1200,300
2025-07-17 10:45:00,30.43,693.6,245.1,276.7,157.9,679.7,406.4,0.75,0.35,0.58,1200,300
2025-07-17 11:00:00,30.34,711.9,259.4,289.4,161.0,709.7,417.1,0.68,0.35,0.58,1200,300
2025-07-17 11:15:00,30.91,727.1,270.5,285.3,156.4,712.2,426.0,0.68,0.35,0.58,1200,300
2025-07-17 11:30:00,31.06,739.0,268.6,283.7,156.7,709.0,432.9,0.68,0.35,0.581,1200,300
2025-07-17 11:45:00,31.54,747.5,276.9,290.2,159.0,726.1,438.0,0.68,0.35,0.582,1200,300
2025-07-17 12:00:00,32.02,752.7,266.0,277.6,127.3,670.8,441.0,0.68,0.35,0.583,1200,300
2025-07-17 12:15:00,31.55,754.4,263.5,283.1,117.9,664.5,442.0,0.68,0.35,0.584,1200,300
2025-07-17 12:30:00,32.33,752.7,266.6,289.4,117.4,673.4,441.0,0.68,0.35,0.586,1200,300
2025-07-17 12:45:00,32.19,747.5,259.4,284.6,125.4,669.4,438.0,0.68,0.35,0.588,1200,300
2025-07-17 13:00:00,32.53,739.0,256.9,294.0,122.7,673.7,432.9,0.68,0.35,0.591,650,300
2025-07-17 13:15:00,33.04,727.1,251.7,295.4,124.1,671.2,426.0,0.68,0.35,0.593,650,300
2025-07-17 13:30:00,32.69,711.9,241.9,293.3,131.2,666.4,417.1,0.68,0.35,0.597,650,300
2025-07-17 13:45:00,32.52,693.6,241.9,300.9,125.0,667.8,406.4,0.68,0.35,0.6,650,300
2025-07-17 14:00:00,32.83,470.6,257.9,291.6,166.9,716.3,275.7,0.68,0.35,0.603,650,300
2025-07-17 14:15:00,33.31,453.7,258.0,307.0,162.3,727.3,265.8,0.68,0.35,0.607,650,300
2025-07-17 14:30:00,33.38,434.9,265.3,302.7,170.4,738.5,254.8,0.68,0.35,0.611,650,300
2025-07-17 14:45:00,33.2,414.3,263.9,297.5,164.5,725.9,242.7,0.68,0.35,0.616,650,300
2025-07-17 15:00:00,33.8,392.1,274.4,295.3,169.5,739.2,229.7,0.82,0.35,0.62,650,300
2025-07-17 15:15:00,32.79,526.4,268.3,298.8,165.1,732.2,308.4,0.82,0.35,0.625,650,300
2025-07-17 15:30:00,32.84,490.9,278.4,298.4,169.6,746.4,287.6,0.82,0.35,0.629,650,300
2025-07-17 15:45:00,33.4,453.8,280.0,286.9,173.1,739.9,265.9,0.82,0.35,0.634,650,300
2025-07-17 16:00:00,32.93,415.4,283.2,298.2,168.5,750.0,243.4,0.82,0.35,0.639,1200,300
2025-07-17 16:15:00,33.07,376.1,297.4,288.2,169.0,754.6,220.4,0.82,0.35,0.644,1200,300
2025-07-17 16:30:00,32.84,336.2,292.3,297.4,165.9,755.7,197.0,0.82,0.35,0.65,1200,300
2025-07-17 16:45:00,32.85,295.9,299.3,287.2,160.5,747.0,173.4,0.82,0.35,0.655,1200,300
2025-07-17 17:00:00,32.22,255.8,287.6,296.1,131.6,715.3,149.9,1.28,0.35,0.66,1200,300
2025-07-17 17:15:00,32.29,216.1,298.5,286.8,133.0,718.4,126.6,1.28,0.35,0.665,1200,300
2025-07-17 17:30:00,32.42,177.2,261.7,284.1,127.3,673.1,103.8,1.28,0.35,0.67,1200,300
2025-07-17 17:45:00,31.88,139.7,262.1,284.5,122.8,669.4,81.9,1.28,0.35,0.676,1200,300
2025-07-17 18:00:00,31.93,104.1,255.1,272.3,112.4,639.8,61.0,1.28,0.35,0.681,1200,300
2025-07-17 18:15:00,31.62,71.0,240.7,266.0,112.7,619.4,41.6,1.28,0.35,0.686,1200,300
2025-07-17 18:30:00,31.62,41.2,237.8,268.7,111.6,618.1,24.1,1.28,0.35,0.691,1200,300
2025-07-17 18:45:00,31.05,16.2,239.7,266.3,95.3,601.3,9.5,1.28,0.35,0.695,1200,300
2025-07-17 19:00:00,30.93,0.0,224.6,268.0,97.8,590.4,0.0,1.28,0.35,0.7,1200,300
2025-07-17 19:15:00,30.37,0.0,209.8,256.9,87.4,554.1,0.0,1.28,0.35,0.704,1200,300
2025-07-17 19:30:00,29.94,0.0,209.2,263.1,85.6,558.0,0.0,1.28,0.35,0.709,1200,300
2025-07-17 19:45:00,29.45,0.0,200.6,257.4,76.9,534.9,0.0,1.28,0.35,0.713,1200,300
2025-07-17 20:00:00,29.45,0.0,158.4,246.0,85.2,489.6,0.0,1.28,0.35,0.717,1200,300
2025-07-17 20:15:00,29.14,0.0,156.6,242.8,81.2,480.6,0.0,1.28,0.35,0.72,1200,300
2025-07-17 20:30:00,29.07,0.0,151.3,254.1,81.2,486.5,0.0,1.28,0.35,0.723,1200,300
2025-07-17 20:45:00,28.59,0.0,152.2,235.1,75.9,463.2,0.0,1.28,0.35,0.727,1200,300
2025-07-17 21:00:00,27.74,0.0,147.3,234.7,86.9,468.8,0.0,0.72,0.35,0.729,1200,300
2025-07-17 21:15:00,27.7,0.0,141.0,243.5,85.1,469.6,0.0,0.72,0.35,0.732,1200,300
2025-07-17 21:30:00,28.17,0.0,145.8,241.2,82.0,468.9,0.0,0.72,0.35,0.734,1200,300
2025-07-17 21:45:00,27.46,0.0,133.3,227.7,78.5,439.5,0.0,0.72,0.35,0.736,1200,300
2025-07-17 22:00:00,26.85,0.0,128.7,225.5,79.9,434.2,0.0,0.72,0.35,0.737,1200,300
2025-07-17 22:15:00,26.62,0.0,133.4,215.4,75.9,424.8,0.0,0.72,0.35,0.738,1200,300
2025-07-17 22:30:00,26.07,0.0,115.4,218.7,74.8,408.9,0.0,0.72,0.35,0.739,1200,300
2025-07-17 22:45:00,26.44,0.0,125.6,215.4,81.6,422.6,0.0,0.72,0.35,0.74,1200,300
2025-07-17 23:00:00,26.07,0.0,121.7,217.9,72.3,411.9,0.0,0.72,0.35,0.74,1200,300
2025-07-17 23:15:00,25.31,0.0,121.6,225.6,79.6,426.8,0.0,0.72,0.35,0.74,1200,300
2025-07-17 23:30:00,25.01,0.0,111.0,215.7,69.7,396.5,0.0,0.72,0.35,0.739,1200,300
2025-07-17 23:45:00,25.0,0.0,114.4,212.7,70.2,397.3,0.0,0.72,0.35,0.738,1200,300
2025-07-18 00:00:00,25.92,0.0,102.9,202.6,56.4,361.9,0.0,0.42,0.35,0.737,1200,300
2025-07-18 00:15:00,25.53,0.0,112.1,215.3,63.6,391.0,0.0,0.42,0.35,0.736,1200,300
2025-07-18 00:30:00,25.15,0.0,106.9,200.6,65.9,373.4,0.0,0.42,0.35,0.734,1200,300
2025-07-18 00:45:00,25.37,0.0,109.9,205.9,64.4,380.2,0.0,0.42,0.35,0.732,1200,300
2025-07-18 01:00:00,24.71,0.0,101.7,203.9,66.1,371.7,0.0,0.42,0.35,0.729,1200,300
2025-07-18 01:15:00,25.09,0.0,101.8,212.8,64.2,378.8,0.0,0.42,0.35,0.727,1200,300
2025-07-18 01:30:00,24.67,0.0,102.0,192.9,67.7,362.5,0.0,0.42,0.35,0.723,1200,300
2025-07-18 01:45:00,24.79,0.0,103.9,205.3,66.5,375.8,0.0,0.42,0.35,0.72,1200,300
2025-07-18 02:00:00,24.0,0.0,102.9,209.0,61.2,373.1,0.0,0.42,0.35,0.717,1200,300
2025-07-18 02:15:00,24.48,0.0,99.6,207.3,64.9,371.8,0.0,0.42,0.35,0.713,1200,300
2025-07-18 02:30:00,23.86,0.0,109.7,201.3,62.6,373.6,0.0,0.42,0.35,0.709,1200,300
2025-07-18 02:45:00,24.37,0.0,109.6,199.9,65.2,374.7,0.0,0.42,0.35,0.704,1200,300
2025-07-18 03:00:00,24.43,0.0,107.8,205.9,63.9,377.6,0.0,0.42,0.35,0.7,1200,300
2025-07-18 03:15:00,24.06,0.0,105.3,199.6,56.2,361.2,0.0,0.42,0.35,0.695,1200,300
2025-07-18 03:30:00,24.47,0.0,108.6,193.2,62.0,363.8,0.0,0.42,0.35,0.691,1200,300
2025-07-18 03:45:00,24.58,0.0,113.2,205.1,62.8,381.1,0.0,0.42,0.35,0.686,1200,300
2025-07-18 04:00:00,24.42,0.0,110.5,201.8,62.6,374.9,0.0,0.42,0.35,0.681,1200,300
2025-07-18 04:15:00,24.42,0.0,101.2,205.6,69.9,376.7,0.0,0.42,0.35,0.676,1200,300
2025-07-18 04:30:00,24.78,0.0,104.0,203.5,60.3,367.8,0.0,0.42,0.35,0.67,1200,300
2025-07-18 04:45:00,25.08,0.0,104.7,204.4,74.6,383.7,0.0,0.42,0.35,0.665,1200,300
2025-07-18 05:00:00,25.06,0.0,102.0,203.1,68.4,373.5,0.0,0.42,0.35,0.66,1200,300
2025-07-18 05:15:00,25.18,0.0,99.2,210.3,63.0,372.5,0.0,0.42,0.35,0.655,1200,300
2025-07-18 05:30:00,25.9,0.0,109.3,206.2,68.8,384.3,0.0,0.42,0.35,0.65,1200,300
2025-07-18 05:45:00,25.56,19.4,108.4,209.6,62.5,380.4,11.3,0.42,0.35,0.644,1200,300
2025-07-18 06:00:00,25.57,49.3,124.1,220.5,63.8,408.4,28.9,0.42,0.35,0.639,1200,300
2025-07-18 06:15:00,25.72,84.8,127.9,236.0,61.8,425.8,49.7,0.42,0.35,0.634,1200,300
2025-07-18 06:30:00,26.26,124.4,139.5,230.4,67.0,436.9,72.9,0.42,0.35,0.629,1200,300
2025-07-18 06:45:00,26.2,167.0,141.5,232.6,68.4,442.6,97.8,0.42,0.35,0.625,1200,300
2025-07-18 07:00:00,27.16,211.8,161.5,243.1,83.8,488.3,124.1,0.75,0.35,0.62,1200,300
2025-07-18 07:15:00,27.15,258.2,155.9,244.9,89.4,490.1,151.3,0.75,0.35,0.616,1200,300
2025-07-18 07:30:00,27.44,305.7,170.4,242.2,101.9,514.5,179.1,0.75,0.35,0.611,1200,300
2025-07-18 07:45:00,28.09,353.7,174.3,242.1,105.7,522.2,207.2,0.75,0.35,0.607,1200,300
2025-07-18 08:00:00,28.4,401.8,192.6,251.9,114.2,558.7,235.4,0.75,0.35,0.603,1200,300
2025-07-18 08:15:00,28.58,449.5,200.3,259.4,122.6,582.3,263.4,0.75,0.35,0.6,1200,300
2025-07-18 08:30:00,28.53,496.5,198.7,271.5,130.1,600.3,290.9,0.75,0.35,0.597,1200,300
2025-07-18 08:45:00,29.34,542.3,217.3,274.5,139.2,631.0,317.7,0.75,0.35,0.593,1200,300
2025-07-18 09:00:00,29.42,586.7,216.0,267.3,149.2,632.5,343.7,0.75,0.35,0.591,1200,300
2025-07-18 09:15:00,29.27,629.2,224.6,269.8,150.5,644.9,368.6,0.75,0.35,0.588,1200,300
2025-07-18 09:30:00,30.04,669.5,227.4,278.8,152.3,658.4,392.2,0.75,0.35,0.586,1200,300
2025-07-18 09:45:00,30.54,707.3,230.2,279.3,162.4,671.8,414.4,0.75,0.35,0.584,1200,300
2025-07-18 10:00:00,30.29,742.5,236.0,281.1,157.8,674.9,435.0,0.75,0.35,0.583,1200,300
2025-07-18 10:15:00,31.01,774.6,249.0,285.2,163.1,697.4,453.8,0.75,0.35,0.582,1200,300
2025-07-18 10:30:00,31.34,803.5,252.3,287.4,166.5,706.3,470.8,0.75,0.35,0.581,1200,300
2025-07-18 10:45:00,31.47,829.0,254.6,290.9,160.5,706.0,485.7,0.75,0.35,0.58,1200,300
2025-07-18 11:00:00,31.15,850.8,264.7,282.1,159.0,705.8,498.5,0.68,0.35,0.58,1200,300
2025-07-18 11:15:00,32.18,868.9,272.0,292.9,159.2,724.1,509.1,0.68,0.35,0.58,1200,300
2025-07-18 11:30:00,32.5,883.2,276.4,294.8,161.4,732.7,517.4,0.68,0.35,0.581,1200,300
2025-07-18 11:45:00,32.32,893.4,285.3,288.3,159.7,733.3,523.4,0.68,0.35,0.582,1200,300
2025-07-18 12:00:00,32.95,899.5,284.2,292.7,125.6,702.5,527.0,0.68,0.35,0.583,1200,300
2025-07-18 12:15:00,33.05,901.6,271.2,298.7,122.1,691.9,528.2,0.68,0.35,0.584,1200,300
2025-07-18 12:30:00,32.95,899.5,262.6,299.4,131.8,693.7,527.0,0.68,0.35,0.586,1200,300
2025-07-18 12:45:00,33.43,893.4,263.7,297.0,131.3,692.0,523.4,0.68,0.35,0.588,1200,300
2025-07-18 13:00:00,33.35,883.2,259.9,301.5,129.1,690.5,517.4,0.68,0.35,0.591,1200,300
2025-07-18 13:15:00,33.84,868.9,260.6,285.0,130.9,676.5,509.1,0.68,0.35,0.593,1200,300
2025-07-18 13:30:00,33.72,850.8,243.6,300.7,132.7,677.0,498.5,0.68,0.35,0.597,1200,300
2025-07-18 13:45:00,33.99,829.0,259.9,307.2,133.1,700.3,485.7,0.68,0.35,0.6,1200,300
2025-07-18 14:00:00,34.62,803.5,266.2,301.8,160.9,728.8,470.8,0.68,0.35,0.603,1200,300
2025-07-18 14:15:00,34.13,774.6,261.0,310.2,165.5,736.7,453.8,0.68,0.35,0.607,1200,300
2025-07-18 14:30:00,34.29,742.5,271.2,299.9,173.0,744.1,435.0,0.68,0.35,0.611,1200,300
2025-07-18 14:45:00,34.1,707.3,272.5,294.9,164.7,732.1,414.4,0.68,0.35,0.616,1200,300
2025-07-18 15:00:00,34.12,669.5,275.4,296.2,167.6,739.1,392.2,0.82,0.35,0.62,1200,300
2025-07-18 15:15:00,33.87,629.2,277.6,289.4,172.0,738.9,368.6,0.82,0.35,0.625,1200,300
2025-07-18 15:30:00,34.28,586.7,278.1,296.4,168.6,743.1,343.7,0.82,0.35,0.629,1200,300
2025-07-18 15:45:00,34.3,542.3,293.1,288.0,171.1,752.2,317.7,0.82,0.35,0.634,1200,300
2025-07-18 16:00:00,34.08,496.5,293.0,297.0,167.3,757.4,290.9,0.82,0.35,0.639,1200,300
2025-07-18 16:15:00,33.94,449.5,290.1,300.1,168.4,758.6,263.4,0.82,0.35,0.644,1200,300
2025-07-18 16:30:00,34.49,401.8,299.8,292.5,163.8,756.1,235.4,0.82,0.35,0.65,1200,300
2025-07-18 16:45:00,33.24,353.7,290.8,291.9,165.5,748.2,207.2,0.82,0.35,0.655,1200,300
2025-07-18 17:00:00,33.16,305.7,304.0,287.0,137.6,728.6,179.1,1.28,0.35,0.66,700,300
2025-07-18 17:15:00,33.94,258.2,311.9,290.2,131.9,734.0,151.3,1.28,0.35,0.665,700,300
2025-07-18 17:30:00,32.62,211.8,262.2,284.6,123.9,670.8,124.1,1.28,0.35,0.67,700,300
2025-07-18 17:45:00,33.02,167.0,262.0,285.2,121.4,668.6,97.8,1.28,0.35,0.676,700,300
2025-07-18 18:00:00,32.89,124.4,257.3,269.5,122.8,649.5,72.9,1.28,0.35,0.681,700,300
2025-07-18 18:15:00,32.57,84.8,248.4,275.8,114.0,638.1,49.7,1.28,0.35,0.686,700,300
2025-07-18 18:30:00,32.63,49.3,244.3,267.9,110.0,622.2,28.9,1.28,0.35,0.691,700,300
2025-07-18 18:45:00,31.73,19.4,233.3,265.9,101.6,600.9,11.3,1.28,0.35,0.695,700,300
2025-07-18 19:00:00,31.76,0.0,220.0,261.9,98.1,580.1,0.0,1.28,0.35,0.7,1200,300
2025-07-18 19:15:00,31.56,0.0,216.9,268.8,90.2,575.9,0.0,1.28,0.35,0.704,1200,300
2025-07-18 19:30:00,31.5,0.0,216.9,257.5,93.5,567.9,0.0,1.28,0.35,0.709,1200,300
2025-07-18 19:45:00,30.55,0.0,208.3,260.6,79.4,548.3,0.0,1.28,0.35,0.713,1200,300
2025-07-18 20:00:00,31.01,0.0,165.6,257.3,87.8,510.7,0.0,1.28,0.35,0.717,1200,300
2025-07-18 20:15:00,30.24,0.0,163.9,255.4,79.9,499.2,0.0,1.28,0.35,0.72,1200,300
2025-07-18 20:30:00,30.34,0.0,152.9,255.5,88.8,497.1,0.0,1.28,0.35,0.723,1200,300
2025-07-18 20:45:00,29.3,0.0,150.6,239.3,82.3,472.2,0.0,1.28,0.35,0.727,1200,300
2025-07-18 21:00:00,29.21,0.0,153.1,249.5,86.9,489.5,0.0,0.72,0.35,0.729,1200,300
2025-07-18 21:15:00,28.8,0.0,145.3,231.5,79.3,456.1,0.0,0.72,0.35,0.732,1200,300
2025-07-18 21:30:00,28.94,0.0,151.5,232.8,80.3,464.6,0.0,0.72,0.35,0.734,1200,300
2025-07-18 21:45:00,28.32,0.0,141.1,231.1,81.8,454.0,0.0,0.72,0.35,0.736,1200,300
2025-07-18 22:00:00,27.86,0.0,135.8,228.6,79.5,443.9,0.0,0.72,0.35,0.737,1200,300
2025-07-18 22:15:00,27.56,0.0,132.1,224.3,77.6,434.0,0.0,0.72,0.35,0.738,1200,300
2025-07-18 22:30:00,27.31,0.0,135.8,226.6,77.3,439.7,0.0,0.72,0.35,0.739,1200,300
2025-07-18 22:45:00,27.3,0.0,126.3,229.6,79.2,435.1,0.0,0.72,0.35,0.74,1200,300
2025-07-18 23:00:00,26.77,0.0,124.9,213.9,73.5,412.2,0.0,0.72,0.35,0.74,1200,300
2025-07-18 23:15:00,26.16,0.0,118.7,228.1,82.1,428.9,0.0,0.72,0.35,0.74,1200,300
2025-07-18 23:30:00,26.45,0.0,119.9,211.5,74.4,405.8,0.0,0.72,0.35,0.739,1200,300
2025-07-18 23:45:00,25.77,0.0,112.5,217.1,73.6,403.2,0.0,0.72,0.35,0.738,1200,300
2025-07-19 00:00:00,24.67,0.0,98.0,179.6,55.7,333.3,0.0,0.4,0.35,0.707,1200,300
2025-07-19 00:15:00,25.66,0.0,91.3,174.9,54.1,320.3,0.0,0.4,0.35,0.706,1200,300
2025-07-19 00:30:00,25.16,0.0,102.8,179.5,56.5,338.8,0.0,0.4,0.35,0.704,1200,300
2025-07-19 00:45:00,24.5,0.0,94.6,198.2,50.5,343.3,0.0,0.4,0.35,0.702,1200,300
2025-07-19 01:00:00,24.55,0.0,96.9,190.4,55.3,342.6,0.0,0.4,0.35,0.699,1200,300
2025-07-19 01:15:00,24.41,0.0,93.4,186.3,54.0,333.7,0.0,0.4,0.35,0.697,1200,300
2025-07-19 01:30:00,24.37,0.0,93.5,186.9,54.9,335.3,0.0,0.4,0.35,0.693,1200,300
2025-07-19 01:45:00,24.4,0.0,94.8,176.1,58.8,329.7,0.0,0.4,0.35,0.69,1200,300
2025-07-19 02:00:00,23.7,0.0,92.4,182.0,59.1,333.5,0.0,0.4,0.35,0.687,1200,300
2025-07-19 02:15:00,23.26,0.0,107.6,190.3,55.7,353.5,0.0,0.4,0.35,0.683,1200,300
2025-07-19 02:30:00,23.83,0.0,96.1,187.6,56.9,340.7,0.0,0.4,0.35,0.679,1200,300
2025-07-19 02:45:00,23.98,0.0,95.4,184.0,54.5,333.9,0.0,0.4,0.35,0.674,1200,300
2025-07-19 03:00:00,23.74,0.0,99.5,188.0,46.2,333.7,0.0,0.4,0.35,0.67,1200,300
2025-07-19 03:15:00,24.01,0.0,95.8,184.9,53.8,334.5,0.0,0.4,0.35,0.665,1200,300
2025-07-19 03:30:00,24.18,0.0,98.8,181.1,56.2,336.1,0.0,0.4,0.35,0.661,1200,300
2025-07-19 03:45:00,23.6,0.0,89.5,181.9,57.6,328.9,0.0,0.4,0.35,0.656,1200,300
2025-07-19 04:00:00,24.26,0.0,97.1,188.6,56.5,342.2,0.0,0.4,0.35,0.651,1200,300
2025-07-19 04:15:00,23.87,0.0,96.7,189.0,57.3,343.0,0.0,0.4,0.35,0.646,1200,300
2025-07-19 04:30:00,24.54,0.0,97.8,186.8,58.2,342.8,0.0,0.4,0.35,0.64,1200,300
2025-07-19 04:45:00,24.31,0.0,91.5,184.2,52.8,328.4,0.0,0.4,0.35,0.635,1200,300
2025-07-19 05:00:00,24.27,0.0,94.4,181.0,54.1,329.5,0.0,0.4,0.35,0.63,1200,300
2025-07-19 05:15:00,24.07,0.0,95.9,185.0,52.5,333.4,0.0,0.4,0.35,0.625,1200,300
2025-07-19 05:30:00,25.03,0.0,98.8,177.1,52.7,328.5,0.0,0.4,0.35,0.62,1200,300
2025-07-19 05:45:00,24.81,14.8,91.2,189.1,54.4,334.8,8.7,0.4,0.35,0.614,1200,300
2025-07-19 06:00:00,25.19,37.7,87.0,188.9,51.3,327.1,22.1,0.4,0.35,0.609,1200,300
2025-07-19 06:15:00,25.52,64.9,96.1,193.8,51.1,341.0,38.0,0.4,0.35,0.604,1200,300
2025-07-19 06:30:00,24.85,95.2,95.7,194.0,58.7,348.5,55.8,0.4,0.35,0.599,1200,300
2025-07-19 06:45:00,26.09,127.8,93.5,193.2,52.3,338.9,74.9,0.4,0.35,0.595,1200,300
2025-07-19 07:00:00,26.44,162.1,109.4,195.8,64.3,369.5,95.0,0.4,0.35,0.59,1200,300
2025-07-19 07:15:00,26.71,197.6,109.7,191.4,51.4,352.5,115.8,0.4,0.35,0.586,1200,300
2025-07-19 07:30:00,26.68,233.9,113.0,188.8,57.1,358.8,137.1,0.4,0.35,0.581,1200,300
2025-07-19 07:45:00,26.95,270.7,123.5,192.4,57.2,373.1,158.6,0.4,0.35,0.577,1200,300
2025-07-19 08:00:00,27.41,307.5,125.1,218.3,80.8,424.1,180.1,0.62,0.35,0.573,1200,300
2025-07-19 08:15:00,27.63,344.0,127.4,208.9,82.1,418.4,201.5,0.62,0.35,0.57,1200,300
2025-07-19 08:30:00,28.0,380.0,137.1,219.0,86.6,442.7,222.6,0.62,0.35,0.567,1200,300
2025-07-19 08:45:00,28.73,415.0,139.9,223.0,88.1,451.0,243.2,0.62,0.35,0.563,1200,300
2025-07-19 09:00:00,28.88,449.0,141.9,210.0,89.0,440.9,263.0,0.62,0.35,0.561,1200,300
2025-07-19 09:15:00,29.55,481.5,154.5,230.2,95.3,480.0,282.1,0.62,0.35,0.558,1200,300
2025-07-19 09:30:00,29.48,512.4,154.2,222.6,91.0,467.8,300.2,0.62,0.35,0.556,1200,300
2025-07-19 09:45:00,29.96,541.3,163.8,227.3,92.3,483.5,317.2,0.62,0.35,0.554,1200,300
2025-07-19 10:00:00,30.09,568.2,159.1,221.8,87.6,468.6,332.9,0.62,0.35,0.553,1200,300
2025-07-19 10:15:00,30.24,592.8,153.7,227.6,94.9,476.2,347.3,0.62,0.35,0.552,1200,300
2025-07-19 10:30:00,30.58,614.9,167.3,233.5,97.5,498.3,360.3,0.62,0.35,0.551,1200,300
2025-07-19 10:45:00,31.2,634.4,161.3,239.8,98.3,499.5,371.7,0.62,0.35,0.55,1200,300
2025-07-19 11:00:00,31.5,651.2,164.2,228.4,102.1,494.7,381.5,0.62,0.35,0.55,1200,300
2025-07-19 11:15:00,31.69,665.0,166.9,232.9,103.9,503.6,389.6,0.62,0.35,0.55,1200,300
2025-07-19 11:30:00,31.49,675.9,176.9,232.3,102.2,511.4,396.0,0.62,0.35,0.551,1200,300
2025-07-19 11:45:00,32.0,683.7,176.3,236.3,101.3,513.8,400.6,0.62,0.35,0.552,1200,300
2025-07-19 12:00:00,32.35,688.4,172.5,244.2,101.3,518.0,403.3,0.62,0.35,0.553,1200,300
2025-07-19 12:15:00,32.49,690.0,173.9,228.4,102.8,505.1,404.2,0.62,0.35,0.554,1200,300
2025-07-19 12:30:00,33.49,688.4,186.8,245.1,105.1,537.0,403.3,0.62,0.35,0.556,1200,300
2025-07-19 12:45:00,32.96,683.7,183.5,237.3,108.0,528.9,400.6,0.62,0.35,0.558,1200,300
2025-07-19 13:00:00,33.34,675.9,186.5,246.9,105.7,539.1,396.0,0.62,0.35,0.561,1200,300
2025-07-19 13:15:00,33.49,665.0,187.0,243.5,104.2,534.7,389.6,0.62,0.35,0.563,1200,300
2025-07-19 13:30:00,33.45,651.2,190.7,238.8,101.4,530.9,381.5,0.62,0.35,0.567,1200,300
2025-07-19 13:45:00,33.58,634.4,185.3,246.3,106.7,538.3,371.7,0.62,0.35,0.57,1200,300
2025-07-19 14:00:00,33.56,614.9,190.8,237.1,103.3,531.2,360.3,0.62,0.35,0.573,1200,300
2025-07-19 14:15:00,33.67,592.8,178.5,244.5,110.8,533.8,347.3,0.62,0.35,0.577,1200,300
2025-07-19 14:30:00,33.76,568.2,186.1,239.1,103.9,529.1,332.9,0.62,0.35,0.581,1200,300
2025-07-19 14:45:00,33.68,541.3,182.9,251.2,106.9,541.0,317.2,0.62,0.35,0.586,1200,300
2025-07-19 15:00:00,33.47,512.4,183.4,246.1,107.8,537.3,300.2,0.62,0.35,0.59,1200,300
2025-07-19 15:15:00,34.26,481.5,181.8,242.2,102.1,526.2,282.1,0.62,0.35,0.595,1200,300
2025-07-19 15:30:00,33.69,449.0,183.8,248.6,103.9,536.3,263.0,0.62,0.35,0.599,1200,300
2025-07-19 15:45:00,33.61,415.0,181.2,238.7,109.7,529.7,243.2,0.62,0.35,0.604,1200,300
2025-07-19 16:00:00,33.15,380.0,178.0,250.8,101.9,530.6,222.6,0.62,0.35,0.609,1200,300
2025-07-19 16:15:00,33.48,344.0,176.5,240.5,106.2,523.2,201.5,0.62,0.35,0.614,1200,300
2025-07-19 16:30:00,32.76,307.5,179.2,231.0,99.0,509.2,180.1,0.62,0.35,0.62,1200,300
2025-07-19 16:45:00,33.16,270.7,176.4,231.1,101.6,509.1,158.6,0.62,0.35,0.625,1200,300
2025-07-19 17:00:00,33.74,233.9,155.6,241.6,99.1,496.2,137.1,0.62,0.35,0.63,1200,300
2025-07-19 17:15:00,33.09,197.6,155.6,234.4,100.3,490.3,115.8,0.62,0.35,0.635,1200,300
2025-07-19 17:30:00,33.31,162.1,154.0,241.4,94.9,490.3,95.0,0.62,0.35,0.64,1200,300
2025-07-19 17:45:00,32.27,127.8,149.1,240.7,96.7,486.6,74.9,0.62,0.35,0.646,1200,300
2025-07-19 18:00:00,32.24,95.2,145.1,216.3,81.8,443.1,55.8,0.78,0.35,0.651,1200,300
2025-07-19 18:15:00,32.36,64.9,141.9,220.6,81.1,443.6,38.0,0.78,0.35,0.656,1200,300
2025-07-19 18:30:00,31.71,37.7,138.0,231.0,78.0,447.0,22.1,0.78,0.35,0.661,1200,300
2025-07-19 18:45:00,31.47,14.8,132.4,223.3,77.6,433.3,8.7,0.78,0.35,0.665,1200,300
2025-07-19 19:00:00,31.11,0.0,136.3,225.3,75.5,437.1,0.0,0.78,0.35,0.67,1200,300
2025-07-19 19:15:00,30.45,0.0,129.6,212.3,78.1,420.0,0.0,0.78,0.35,0.674,1200,300
2025-07-19 19:30:00,30.12,0.0,125.4,208.4,77.1,410.9,0.0,0.78,0.35,0.679,1200,300
2025-07-19 19:45:00,30.41,0.0,117.6,213.5,77.6,408.7,0.0,0.78,0.35,0.683,1200,300
2025-07-19 20:00:00,30.13,0.0,120.2,224.4,70.2,414.8,0.0,0.78,0.35,0.687,1200,300
2025-07-19 20:15:00,30.26,0.0,117.0,210.5,71.2,398.7,0.0,0.78,0.35,0.69,1200,300
2025-07-19 20:30:00,29.4,0.0,113.7,211.1,77.7,402.4,0.0,0.78,0.35,0.693,1200,300
2025-07-19 20:45:00,28.69,0.0,104.2,202.8,72.6,379.5,0.0,0.78,0.35,0.697,1200,300
2025-07-19 21:00:00,29.07,0.0,104.6,197.4,58.0,360.0,0.0,0.55,0.35,0.699,1200,300
2025-07-19 21:15:00,28.6,0.0,105.4,214.9,53.0,373.3,0.0,0.55,0.35,0.702,1200,300
2025-07-19 21:30:00,28.35,0.0,107.2,198.8,56.6,362.7,0.0,0.55,0.35,0.704,1200,300
2025-07-19 21:45:00,27.67,0.0,98.5,206.9,52.6,358.0,0.0,0.55,0.35,0.706,1200,300
2025-07-19 22:00:00,27.3,0.0,97.0,183.3,49.9,330.2,0.0,0.55,0.35,0.707,1200,300
2025-07-19 22:15:00,27.4,0.0,92.8,192.4,54.7,340.0,0.0,0.55,0.35,0.708,1200,300
2025-07-19 22:30:00,26.37,0.0,89.2,191.2,47.9,328.4,0.0,0.55,0.35,0.709,1200,300
2025-07-19 22:45:00,26.45,0.0,94.2,189.4,50.3,334.0,0.0,0.55,0.35,0.71,1200,300
2025-07-19 23:00:00,26.12,0.0,96.3,193.0,53.2,342.5,0.0,0.55,0.35,0.71,1200,300
2025-07-19 23:15:00,26.05,0.0,87.0,179.8,51.7,318.5,0.0,0.55,0.35,0.71,1200,300
2025-07-19 23:30:00,25.88,0.0,95.6,186.6,45.5,327.7,0.0,0.55,0.35,0.709,1200,300
2025-07-19 23:45:00,25.82,0.0,86.0,181.2,50.8,318.0,0.0,0.55,0.35,0.708,1200,300
2025-07-20 00:00:00,25.06,0.0,107.4,188.3,54.5,350.2,0.0,0.4,0.35,0.707,1200,300
2025-07-20 00:15:00,24.4,0.0,98.6,183.4,60.4,342.3,0.0,0.4,0.35,0.706,1200,300
2025-07-20 00:30:00,24.1,0.0,97.0,188.3,56.3,341.6,0.0,0.4,0.35,0.704,1200,300
2025-07-20 00:45:00,24.09,0.0,92.5,182.2,51.7,326.4,0.0,0.4,0.35,0.702,1200,300
2025-07-20 01:00:00,23.8,0.0,98.1,187.3,60.0,345.4,0.0,0.4,0.35,0.699,1200,300
2025-07-20 01:15:00,23.51,0.0,97.7,179.5,53.8,331.1,0.0,0.4,0.35,0.697,1200,300
2025-07-20 01:30:00,23.59,0.0,98.4,183.5,54.8,336.7,0.0,0.4,0.35,0.693,1200,300
2025-07-20 01:45:00,22.81,0.0,93.6,189.5,56.7,339.7,0.0,0.4,0.35,0.69,1200,300
2025-07-20 02:00:00,23.32,0.0,95.2,185.0,53.0,333.3,0.0,0.4,0.35,0.687,1200,300
2025-07-20 02:15:00,23.31,0.0,96.7,187.5,53.4,337.6,0.0,0.4,0.35,0.683,1200,300
2025-07-20 02:30:00,22.4,0.0,99.4,182.6,52.4,334.4,0.0,0.4,0.35,0.679,1200,300
2025-07-20 02:45:00,23.22,0.0,93.4,190.3,56.9,340.6,0.0,0.4,0.35,0.674,1200,300
2025-07-20 03:00:00,23.21,0.0,89.5,191.1,55.8,336.4,0.0,0.4,0.35,0.67,1200,300
2025-07-20 03:15:00,22.9,0.0,95.6,176.1,56.2,327.9,0.0,0.4,0.35,0.665,1200,300
2025-07-20 03:30:00,22.73,0.0,89.6,177.4,58.3,325.3,0.0,0.4,0.35,0.661,1200,300
2025-07-20 03:45:00,22.91,0.0,101.1,182.3,49.9,333.3,0.0,0.4,0.35,0.656,1200,300
2025-07-20 04:00:00,22.84,0.0,99.9,184.2,53.4,337.5,0.0,0.4,0.35,0.651,1200,300
2025-07-20 04:15:00,23.31,0.0,97.0,190.6,59.3,346.9,0.0,0.4,0.35,0.646,1200,300
2025-07-20 04:30:00,23.27,0.0,89.7,182.9,55.8,328.4,0.0,0.4,0.35,0.64,1200,300
2025-07-20 04:45:00,23.23,0.0,91.2,186.7,54.9,332.7,0.0,0.4,0.35,0.635,1200,300
2025-07-20 05:00:00,23.68,0.0,92.0,183.8,52.2,328.0,0.0,0.4,0.35,0.63,1200,300
2025-07-20 05:15:00,24.11,0.0,99.1,175.8,52.2,327.1,0.0,0.4,0.35,0.625,1200,300
2025-07-20 05:30:00,23.58,0.0,92.4,184.6,50.7,327.6,0.0,0.4,0.35,0.62,1200,300
2025-07-20 05:45:00,23.96,13.8,91.0,186.0,55.2,332.2,8.1,0.4,0.35,0.614,1200,300
2025-07-20 06:00:00,24.25,35.2,95.7,182.3,54.2,332.2,20.6,0.4,0.35,0.609,1200,300
2025-07-20 06:15:00,25.21,60.6,100.4,179.3,57.5,337.1,35.5,0.4,0.35,0.604,1200,300
2025-07-20 06:30:00,25.2,88.9,90.4,189.9,59.6,339.9,52.1,0.4,0.35,0.599,1200,300
2025-07-20 06:45:00,24.89,119.3,91.3,190.1,55.8,337.2,69.9,0.4,0.35,0.595,1200,300
2025-07-20 07:00:00,25.67,151.3,106.4,189.5,51.0,346.9,88.6,0.4,0.35,0.59,1200,300
2025-07-20 07:15:00,26.1,184.5,113.2,188.0,55.1,356.4,108.1,0.4,0.35,0.586,1200,300
2025-07-20 07:30:00,25.63,218.4,113.1,190.2,54.8,358.1,127.9,0.4,0.35,0.581,1200,300
2025-07-20 07:45:00,26.73,252.6,116.5,194.4,53.7,364.6,148.0,0.4,0.35,0.577,1200,300
2025-07-20 08:00:00,26.7,287.0,120.0,212.6,80.6,413.2,168.1,0.62,0.35,0.573,1200,300
2025-07-20 08:15:00,26.99,321.1,128.5,211.0,78.2,417.7,188.1,0.62,0.35,0.57,1200,300
2025-07-20 08:30:00,27.87,354.6,138.4,210.7,87.8,437.0,207.8,0.62,0.35,0.567,1200,300
2025-07-20 08:45:00,27.52,387.4,135.1,217.9,84.8,437.9,227.0,0.62,0.35,0.563,1200,300
2025-07-20 09:00:00,27.76,419.0,135.6,213.4,84.2,433.2,245.5,0.62,0.35,0.561,1200,300
2025-07-20 09:15:00,28.31,449.4,141.4,224.0,93.1,458.5,263.3,0.62,0.35,0.558,1200,300
2025-07-20 09:30:00,28.48,478.2,149.1,224.3,91.0,464.4,280.2,0.62,0.35,0.556,1200,300
2025-07-20 09:45:00,29.0,505.2,156.9,226.8,87.7,471.3,296.0,0.62,0.35,0.554,1200,300
2025-07-20 10:00:00,29.55,530.3,157.4,223.2,93.3,473.9,310.7,0.62,0.35,0.553,1200,300
2025-07-20 10:15:00,29.81,553.3,155.5,233.8,101.4,490.8,324.2,0.62,0.35,0.552,1200,300
2025-07-20 10:30:00,29.68,573.9,151.2,230.0,96.6,477.8,336.3,0.62,0.35,0.551,1200,300
2025-07-20 10:45:00,30.14,592.1,166.1,223.9,98.1,488.1,346.9,0.62,0.35,0.55,1200,300
2025-07-20 11:00:00,30.32,607.7,169.1,241.6,94.5,505.3,356.1,0.62,0.35,0.55,1200,300
2025-07-20 11:15:00,30.61,620.7,168.2,231.2,97.8,497.2,363.6,0.62,0.35,0.55,1200,300
2025-07-20 11:30:00,31.05,630.8,160.3,235.1,97.2,492.6,369.6,0.62,0.35,0.551,1200,300
2025-07-20 11:45:00,31.15,638.1,175.1,229.5,102.2,506.8,373.9,0.62,0.35,0.552,1200,300
2025-07-20 12:00:00,31.45,642.5,170.6,241.1,101.7,513.4,376.4,0.62,0.35,0.553,1200,300
2025-07-20 12:15:00,31.93,644.0,178.8,237.5,100.2,516.4,377.3,0.62,0.35,0.554,1200,300
2025-07-20 12:30:00,31.64,642.5,170.6,252.9,105.2,528.7,376.4,0.62,0.35,0.556,1200,300
2025-07-20 12:45:00,31.75,638.1,169.6,241.0,103.4,514.1,373.9,0.62,0.35,0.558,1200,300
2025-07-20 13:00:00,32.49,630.8,178.2,240.9,104.6,523.6,369.6,0.62,0.35,0.561,1200,300
2025-07-20 13:15:00,32.51,620.7,170.6,240.4,101.0,512.0,363.6,0.62,0.35,0.563,1200,300
2025-07-20 13:30:00,32.67,607.7,192.3,243.9,103.0,539.2,356.1,0.62,0.35,0.567,1200,300
2025-07-20 13:45:00,33.01,592.1,184.0,245.3,106.4,535.8,346.9,0.62,0.35,0.57,1200,300
2025-07-20 14:00:00,33.45,573.9,179.7,247.1,102.7,529.5,336.3,0.62,0.35,0.573,1200,300
2025-07-20 14:15:00,33.07,553.3,178.2,241.0,103.5,522.7,324.2,0.62,0.35,0.577,1200,300
2025-07-20 14:30:00,33.25,530.3,186.1,237.2,104.7,528.1,310.7,0.62,0.35,0.581,1200,300
2025-07-20 14:45:00,32.78,505.2,174.3,240.3,102.2,516.8,296.0,0.62,0.35,0.586,1200,300
2025-07-20 15:00:00,33.73,478.2,185.5,237.8,103.3,526.6,280.2,0.62,0.35,0.59,1200,300
2025-07-20 15:15:00,33.3,449.4,189.1,234.7,98.0,521.7,263.3,0.62,0.35,0.595,1200,300
2025-07-20 15:30:00,33.52,419.0,182.6,238.7,105.3,526.6,245.5,0.62,0.35,0.599,1200,300
2025-07-20 15:45:00,32.11,387.4,172.7,238.9,102.6,514.2,227.0,0.62,0.35,0.604,1200,300
2025-07-20 16:00:00,32.53,354.6,174.3,233.7,101.1,509.1,207.8,0.62,0.35,0.609,1200,300
2025-07-20 16:15:00,32.47,321.1,170.9,232.6,101.7,505.2,188.1,0.62,0.35,0.614,1200,300
2025-07-20 16:30:00,32.88,287.0,172.7,238.8,95.8,507.3,168.1,0.62,0.35,0.62,1200,300
2025-07-20 16:45:00,32.39,252.6,169.8,249.3,95.1,514.1,148.0,0.62,0.35,0.625,1200,300
2025-07-20 17:00:00,32.77,218.4,159.9,238.4,104.0,502.3,127.9,0.62,0.35,0.63,1200,300
2025-07-20 17:15:00,32.27,184.5,152.8,234.2,100.6,487.6,108.1,0.62,0.35,0.635,1200,300
2025-07-20 17:30:00,32.3,151.3,146.9,227.4,95.8,470.0,88.6,0.62,0.35,0.64,1200,300
2025-07-20 17:45:00,31.52,119.3,143.0,236.6,92.5,472.1,69.9,0.62,0.35,0.646,1200,300
2025-07-20 18:00:00,31.52,88.9,141.5,224.0,71.5,437.0,52.1,0.78,0.35,0.651,1200,300
2025-07-20 18:15:00,31.11,60.6,138.0,224.2,75.8,438.0,35.5,0.78,0.35,0.656,1200,300
2025-07-20 18:30:00,30.48,35.2,134.2,212.7,72.2,419.1,20.6,0.78,0.35,0.661,1200,300
2025-07-20 18:45:00,30.59,13.8,129.6,213.2,69.4,412.2,8.1,0.78,0.35,0.665,1200,300
2025-07-20 19:00:00,30.77,0.0,134.4,220.2,73.0,427.6,0.0,0.78,0.35,0.67,1200,300
2025-07-20 19:15:00,30.15,0.0,124.0,217.6,77.0,418.5,0.0,0.78,0.35,0.674,1200,300
2025-07-20 19:30:00,29.69,0.0,119.9,215.1,78.2,413.3,0.0,0.78,0.35,0.679,1200,300
2025-07-20 19:45:00,29.82,0.0,121.4,213.7,78.4,413.5,0.0,0.78,0.35,0.683,1200,300
2025-07-20 20:00:00,29.42,0.0,110.7,218.8,75.3,404.8,0.0,0.78,0.35,0.687,1200,300
2025-07-20 20:15:00,28.84,0.0,107.1,211.1,73.2,391.4,0.0,0.78,0.35,0.69,1200,300
2025-07-20 20:30:00,28.71,0.0,107.6,217.6,74.7,399.9,0.0,0.78,0.35,0.693,1200,300
2025-07-20 20:45:00,28.38,0.0,106.4,202.7,71.9,381.0,0.0,0.78,0.35,0.697,1200,300
2025-07-20 21:00:00,28.54,0.0,102.6,204.2,54.1,361.0,0.0,0.55,0.35,0.699,1200,300
2025-07-20 21:15:00,27.35,0.0,94.0,202.1,49.0,345.1,0.0,0.55,0.35,0.702,1200,300
2025-07-20 21:30:00,27.35,0.0,100.8,199.4,57.8,358.0,0.0,0.55,0.35,0.704,1200,300
2025-07-20 21:45:00,27.18,0.0,100.4,200.0,55.4,355.7,0.0,0.55,0.35,0.706,1200,300
2025-07-20 22:00:00,26.38,0.0,95.6,186.1,52.6,334.2,0.0,0.55,0.35,0.707,1200,300
2025-07-20 22:15:00,26.04,0.0,86.6,186.9,47.3,320.8,0.0,0.55,0.35,0.708,1200,300
2025-07-20 22:30:00,26.23,0.0,85.7,188.9,46.8,321.5,0.0,0.55,0.35,0.709,1200,300
2025-07-20 22:45:00,25.95,0.0,92.5,180.1,51.7,324.4,0.0,0.55,0.35,0.71,1200,300
2025-07-20 23:00:00,25.58,0.0,87.8,177.2,44.1,309.1,0.0,0.55,0.35,0.71,1200,300
2025-07-20 23:15:00,25.33,0.0,83.7,181.7,49.2,314.7,0.0,0.55,0.35,0.71,1200,300
2025-07-20 23:30:00,25.16,0.0,88.8,179.0,52.2,319.9,0.0,0.55,0.35,0.709,1200,300
2025-07-20 23:45:00,24.8,0.0,91.3,182.3,45.4,319.0,0.0,0.55,0.35,0.708,1200,300
