timestamp,native_load_kw,ev_total_charge_kw,total_load_with_ev_kw,pv_available_kw,pv_used_locally_kw,ess_charge_kw,ess_discharge_kw,ess_energy_kwh,grid_import_kw,grid_export_kw,buy_price,sell_price,unmet_load_kw
2025-07-14 00:00:00,382.7,0.0,382.7,0.0,0.0,0.0,0.0,600.0,382.7,0.0,0.42,0.35,0.0
2025-07-14 00:15:00,384.3,0.0,384.3,0.0,0.0,0.0,0.0,600.0,384.3,0.0,0.42,0.35,0.0
2025-07-14 00:30:00,373.5,0.0,373.5,0.0,0.0,0.0,0.0,600.0,373.5,0.0,0.42,0.35,0.0
2025-07-14 00:45:00,357.0,0.0,357.0,0.0,0.0,0.0,0.0,600.0,357.0,0.0,0.42,0.35,0.0
2025-07-14 01:00:00,367.5,0.0,367.5,0.0,0.0,0.0,0.0,600.0,367.5,0.0,0.42,0.35,0.0
2025-07-14 01:15:00,370.2,0.0,370.2,0.0,0.0,0.0,0.0,600.0,370.2,0.0,0.42,0.35,0.0
2025-07-14 01:30:00,370.8,0.0,370.8,0.0,0.0,0.0,0.0,600.0,370.8,0.0,0.42,0.35,0.0
2025-07-14 01:45:00,376.4,0.0,376.4,0.0,0.0,0.0,0.0,600.0,376.4,0.0,0.42,0.35,0.0
2025-07-14 02:00:00,371.2,0.0,371.2,0.0,0.0,0.0,0.0,600.0,371.2,0.0,0.42,0.35,0.0
2025-07-14 02:15:00,361.1,0.0,361.1,0.0,0.0,0.0,0.0,600.0,361.1,0.0,0.42,0.35,0.0
2025-07-14 02:30:00,374.2,0.0,374.2,0.0,0.0,0.0,0.0,600.0,374.2,0.0,0.42,0.35,0.0
2025-07-14 02:45:00,373.0,0.0,373.0,0.0,0.0,0.0,0.0,600.0,373.0,0.0,0.42,0.35,0.0
2025-07-14 03:00:00,368.4,0.0,368.4,0.0,0.0,0.0,0.0,600.0,368.4,0.0,0.42,0.35,0.0
2025-07-14 03:15:00,385.4,0.0,385.4,0.0,0.0,0.0,0.0,600.0,385.4,0.0,0.42,0.35,0.0
2025-07-14 03:30:00,378.3,0.0,378.3,0.0,0.0,0.0,0.0,600.0,378.3,0.0,0.42,0.35,0.0
2025-07-14 03:45:00,365.1,0.0,365.1,0.0,0.0,0.0,0.0,600.0,365.1,0.0,0.42,0.35,0.0
2025-07-14 04:00:00,383.1,0.0,383.1,0.0,0.0,0.0,0.0,600.0,383.1,0.0,0.42,0.35,0.0
2025-07-14 04:15:00,378.8,0.0,378.8,0.0,0.0,0.0,0.0,600.0,378.8,0.0,0.42,0.35,0.0
2025-07-14 04:30:00,370.6,0.0,370.6,0.0,0.0,0.0,0.0,600.0,370.6,0.0,0.42,0.35,0.0
2025-07-14 04:45:00,368.3,0.0,368.3,0.0,0.0,0.0,0.0,600.0,368.3,0.0,0.42,0.35,0.0
2025-07-14 05:00:00,382.3,0.0,382.3,0.0,0.0,0.0,0.0,600.0,382.3,0.0,0.42,0.35,0.0
2025-07-14 05:15:00,378.6,0.0,378.6,0.0,0.0,0.0,0.0,600.0,378.6,0.0,0.42,0.35,0.0
2025-07-14 05:30:00,380.4,0.0,380.4,0.0,0.0,0.0,0.0,600.0,380.4,0.0,0.42,0.35,0.0
2025-07-14 05:45:00,367.3,0.0,367.3,10.7,10.7,0.0,0.0,600.0,356.6,0.0,0.42,0.35,0.0
2025-07-14 06:00:00,405.6,0.0,405.6,27.1,27.1,0.0,0.0,600.0,378.5,0.0,0.42,0.35,0.0
2025-07-14 06:15:00,408.4,0.0,408.4,46.7,46.7,0.0,0.0,600.0,361.7,0.0,0.42,0.35,0.0
2025-07-14 06:30:00,436.6,0.0,436.6,68.4,68.4,0.0,0.0,600.0,368.2000000000001,0.0,0.42,0.35,0.0
2025-07-14 06:45:00,425.8,14.0,439.8,91.9,91.9,0.0,0.0,600.0,347.9,0.0,0.42,0.35,0.0
2025-07-14 07:00:00,470.8,14.0,484.8,116.5,116.5,0.0,0.0,600.0,368.3,0.0,0.75,0.35,0.0
2025-07-14 07:15:00,484.0,14.0,498.0,142.0,142.0,0.0,0.0,600.0,356.0,0.0,0.75,0.35,0.0
2025-07-14 07:30:00,502.9,21.0,523.9,168.1,168.1,0.0,0.0,600.0,355.79999999999995,0.0,0.75,0.35,0.0
2025-07-14 07:45:00,525.5,28.0,553.5,194.5,194.5,0.0,0.0,600.0,359.0,0.0,0.75,0.35,0.0
2025-07-14 08:00:00,542.5,35.0,577.5,221.0,221.0,0.0,0.0,600.0,356.5,0.0,0.75,0.35,0.0
2025-07-14 08:15:00,568.6,57.0,625.6,247.2,247.2,0.0,0.0,600.0,378.4,0.0,0.75,0.35,0.0
2025-07-14 08:30:00,585.4,82.0,667.4,273.1,273.1,0.0,0.0,600.0,394.3,0.0,0.75,0.35,0.0
2025-07-14 08:45:00,606.3,93.0,699.3,298.3,298.3,0.0,0.0,600.0,401.0,0.0,0.75,0.35,0.0
2025-07-14 09:00:00,619.4,104.0,723.4,322.7,322.7,0.0,0.0,600.0,400.7,0.0,0.75,0.35,0.0
2025-07-14 09:15:00,642.0,99.20000000000002,741.2,346.0,346.0,0.0,0.0,600.0,395.2000000000001,0.0,0.75,0.35,0.0
2025-07-14 09:30:00,645.7,117.8,763.5,368.2,368.2,0.0,0.0,600.0,395.3,0.0,0.75,0.35,0.0
2025-07-14 09:45:00,662.9,101.20000000000002,764.1,389.0,389.0,0.0,0.0,600.0,375.1,0.0,0.75,0.35,0.0
2025-07-14 10:00:00,671.9,101.0,772.9,408.4,408.4,0.0,0.0,600.0,364.5,0.0,0.75,0.35,0.0
2025-07-14 10:15:00,693.3,112.0,805.3,426.0,426.0,0.0,0.0,600.0,379.3,0.0,0.75,0.35,0.0
2025-07-14 10:30:00,676.8,119.6,796.4,441.9,441.9,0.0,0.0,600.0,354.5,0.0,0.75,0.35,0.0
2025-07-14 10:45:00,700.9,102.20000000000002,803.1,455.9,455.9,0.0,0.0,600.0,347.20000000000005,0.0,0.75,0.35,0.0
2025-07-14 11:00:00,716.4,86.20000000000002,802.6,468.0,468.0,0.0,0.0,600.0,334.6,0.0,0.68,0.35,0.0
2025-07-14 11:15:00,705.5,80.80000000000001,786.3,477.9,477.9,0.0,0.0,600.0,308.4,0.0,0.68,0.35,0.0
2025-07-14 11:30:00,721.4,63.19999999999999,784.5999999999999,485.7,485.7,0.0,0.0,600.0,298.8999999999999,0.0,0.68,0.35,0.0
2025-07-14 11:45:00,714.6,44.20000000000002,758.8000000000001,491.4,491.4,0.0,0.0,600.0,267.4000000000001,0.0,0.68,0.35,0.0
2025-07-14 12:00:00,684.6,32.39999999999998,717.0,494.7,494.7,0.0,0.0,600.0,222.3,0.0,0.68,0.35,0.0
2025-07-14 12:15:00,679.3,26.40000000000001,705.6999999999999,495.9,495.9,0.0,0.0,600.0,209.79999999999995,0.0,0.68,0.35,0.0
2025-07-14 12:30:00,694.6,21.0,715.6,494.7,494.7,0.0,0.0,600.0,220.90000000000003,0.0,0.68,0.35,0.0
2025-07-14 12:45:00,675.6,21.0,696.6,491.4,491.4,0.0,0.0,600.0,205.20000000000005,0.0,0.68,0.35,0.0
2025-07-14 13:00:00,700.6,18.40000000000001,719.0,485.7,485.7,0.0,0.0,600.0,233.3,0.0,0.68,0.35,0.0
2025-07-14 13:15:00,680.7,14.0,694.7,477.9,477.9,0.0,0.0,600.0,216.80000000000007,0.0,0.68,0.35,0.0
2025-07-14 13:30:00,664.9,8.400000000000006,673.3,468.0,468.0,0.0,0.0,600.0,205.29999999999995,0.0,0.68,0.35,0.0
2025-07-14 13:45:00,674.8,0.5999999999999943,675.4,455.9,455.9,0.0,0.0,600.0,219.5,0.0,0.68,0.35,0.0
2025-07-14 14:00:00,715.3,0.0,715.3,441.9,441.9,0.0,0.0,600.0,273.4,0.0,0.68,0.35,0.0
2025-07-14 14:15:00,718.7,0.0,718.7,426.0,426.0,0.0,0.0,600.0,292.70000000000005,0.0,0.68,0.35,0.0
2025-07-14 14:30:00,737.1,0.0,737.1,408.4,408.4,0.0,0.0,600.0,328.70000000000005,0.0,0.68,0.35,0.0
2025-07-14 14:45:00,725.0,0.0,725.0,389.0,389.0,0.0,0.0,600.0,336.0,0.0,0.68,0.35,0.0
2025-07-14 15:00:00,738.3,0.0,738.3,368.2,368.2,0.0,0.0,600.0,370.1,0.0,0.82,0.35,0.0
2025-07-14 15:15:00,730.4,0.0,730.4,346.0,346.0,0.0,0.0,600.0,384.4,0.0,0.82,0.35,0.0
2025-07-14 15:30:00,747.4,0.0,747.4,322.7,322.7,0.0,0.0,600.0,424.7,0.0,0.82,0.35,0.0
2025-07-14 15:45:00,748.0,0.0,748.0,298.3,298.3,0.0,0.0,600.0,449.7,0.0,0.82,0.35,0.0
2025-07-14 16:00:00,753.3,0.0,753.3,273.1,273.1,0.0,0.0,600.0,480.19999999999993,0.0,0.82,0.35,0.0
2025-07-14 16:15:00,725.5,0.0,725.5,247.2,247.2,0.0,0.0,600.0,478.3,0.0,0.82,0.35,0.0
2025-07-14 16:30:00,746.7,0.0,746.7,221.0,221.0,0.0,0.0,600.0,525.7,0.0,0.82,0.35,0.0
2025-07-14 16:45:00,750.6,0.0,750.6,194.5,194.5,0.0,0.0,600.0,556.1,0.0,0.82,0.35,0.0
2025-07-14 17:00:00,723.8,0.0,723.8,168.1,168.1,0.0,300.0,521.0526315789474,255.69999999999996,0.0,1.28,0.35,0.0
2025-07-14 17:15:00,717.2,0.0,717.2,142.0,142.0,0.0,300.0,442.1052631578948,275.20000000000005,0.0,1.28,0.35,0.0
2025-07-14 17:30:00,683.2,0.0,683.2,116.5,116.5,0.0,300.0,363.1578947368422,266.70000000000005,0.0,1.28,0.35,0.0
2025-07-14 17:45:00,663.2,0.0,663.2,91.9,91.9,0.0,300.0,284.2105263157896,271.30000000000007,0.0,1.28,0.35,0.0
2025-07-14 18:00:00,635.2,0.0,635.2,68.4,68.4,0.0,300.0,205.26315789473696,266.80000000000007,0.0,1.28,0.35,0.0
2025-07-14 18:15:00,626.0,0.0,626.0,46.7,46.7,0.0,300.0,126.31578947368432,279.29999999999995,0.0,1.28,0.35,0.0
2025-07-14 18:30:00,620.8,0.0,620.8,27.1,27.1,0.0,24.000000000000465,120.0,569.6999999999995,0.0,1.28,0.35,0.0
2025-07-14 18:45:00,596.5,0.0,596.5,10.7,10.7,0.0,0.0,120.0,585.8,0.0,1.28,0.35,0.0
2025-07-14 19:00:00,586.3,0.0,586.3,0.0,0.0,0.0,0.0,120.0,586.3,0.0,1.28,0.35,0.0
2025-07-14 19:15:00,569.8,0.0,569.8,0.0,0.0,0.0,0.0,120.0,569.8,0.0,1.28,0.35,0.0
2025-07-14 19:30:00,564.2,0.0,564.2,0.0,0.0,0.0,0.0,120.0,564.2,0.0,1.28,0.35,0.0
2025-07-14 19:45:00,538.9,0.0,538.9,0.0,0.0,0.0,0.0,120.0,538.9,0.0,1.28,0.35,0.0
2025-07-14 20:00:00,500.3,0.0,500.3,0.0,0.0,0.0,0.0,120.0,500.3,0.0,1.28,0.35,0.0
2025-07-14 20:15:00,488.4,0.0,488.4,0.0,0.0,0.0,0.0,120.0,488.4,0.0,1.28,0.35,0.0
2025-07-14 20:30:00,483.5,0.0,483.5,0.0,0.0,0.0,0.0,120.0,483.5,0.0,1.28,0.35,0.0
2025-07-14 20:45:00,476.5,0.0,476.5,0.0,0.0,0.0,0.0,120.0,476.5,0.0,1.28,0.35,0.0
2025-07-14 21:00:00,463.8,0.0,463.8,0.0,0.0,0.0,0.0,120.0,463.8,0.0,0.72,0.35,0.0
2025-07-14 21:15:00,458.4,0.0,458.4,0.0,0.0,0.0,0.0,120.0,458.4,0.0,0.72,0.35,0.0
2025-07-14 21:30:00,441.4,0.0,441.4,0.0,0.0,0.0,0.0,120.0,441.4,0.0,0.72,0.35,0.0
2025-07-14 21:45:00,449.2,0.0,449.2,0.0,0.0,0.0,0.0,120.0,449.2,0.0,0.72,0.35,0.0
2025-07-14 22:00:00,432.9,0.0,432.9,0.0,0.0,0.0,0.0,120.0,432.9,0.0,0.72,0.35,0.0
2025-07-14 22:15:00,426.2,0.0,426.2,0.0,0.0,0.0,0.0,120.0,426.2,0.0,0.72,0.35,0.0
2025-07-14 22:30:00,431.6,0.0,431.6,0.0,0.0,0.0,0.0,120.0,431.6,0.0,0.72,0.35,0.0
2025-07-14 22:45:00,419.8,0.0,419.8,0.0,0.0,0.0,0.0,120.0,419.8,0.0,0.72,0.35,0.0
2025-07-14 23:00:00,411.7,0.0,411.7,0.0,0.0,0.0,0.0,120.0,411.7,0.0,0.72,0.35,0.0
2025-07-14 23:15:00,425.2,0.0,425.2,0.0,0.0,0.0,0.0,120.0,425.2,0.0,0.72,0.35,0.0
2025-07-14 23:30:00,417.5,0.0,417.5,0.0,0.0,0.0,0.0,120.0,417.5,0.0,0.72,0.35,0.0
2025-07-14 23:45:00,390.4,0.0,390.4,0.0,0.0,0.0,0.0,120.0,390.4,0.0,0.72,0.35,0.0
2025-07-15 00:00:00,383.8,0.0,383.8,0.0,0.0,0.0,0.0,120.0,383.8,0.0,0.42,0.35,0.0
2025-07-15 00:15:00,371.7,0.0,371.7,0.0,0.0,0.0,0.0,120.0,371.7,0.0,0.42,0.35,0.0
2025-07-15 00:30:00,386.8,0.0,386.8,0.0,0.0,0.0,0.0,120.0,386.8,0.0,0.42,0.35,0.0
2025-07-15 00:45:00,383.6,0.0,383.6,0.0,0.0,0.0,0.0,120.0,383.6,0.0,0.42,0.35,0.0
2025-07-15 01:00:00,372.8,0.0,372.8,0.0,0.0,0.0,0.0,120.0,372.8,0.0,0.42,0.35,0.0
2025-07-15 01:15:00,371.7,0.0,371.7,0.0,0.0,0.0,0.0,120.0,371.7,0.0,0.42,0.35,0.0
2025-07-15 01:30:00,377.2,0.0,377.2,0.0,0.0,0.0,0.0,120.0,377.2,0.0,0.42,0.35,0.0
2025-07-15 01:45:00,379.5,0.0,379.5,0.0,0.0,0.0,0.0,120.0,379.5,0.0,0.42,0.35,0.0
2025-07-15 02:00:00,381.6,0.0,381.6,0.0,0.0,0.0,0.0,120.0,381.6,0.0,0.42,0.35,0.0
2025-07-15 02:15:00,383.7,0.0,383.7,0.0,0.0,0.0,0.0,120.0,383.7,0.0,0.42,0.35,0.0
2025-07-15 02:30:00,377.7,0.0,377.7,0.0,0.0,0.0,0.0,120.0,377.7,0.0,0.42,0.35,0.0
2025-07-15 02:45:00,355.9,0.0,355.9,0.0,0.0,0.0,0.0,120.0,355.9,0.0,0.42,0.35,0.0
2025-07-15 03:00:00,385.6,0.0,385.6,0.0,0.0,0.0,0.0,120.0,385.6,0.0,0.42,0.35,0.0
2025-07-15 03:15:00,360.8,0.0,360.8,0.0,0.0,0.0,0.0,120.0,360.8,0.0,0.42,0.35,0.0
2025-07-15 03:30:00,364.3,0.0,364.3,0.0,0.0,0.0,0.0,120.0,364.3,0.0,0.42,0.35,0.0
2025-07-15 03:45:00,376.7,0.0,376.7,0.0,0.0,0.0,0.0,120.0,376.7,0.0,0.42,0.35,0.0
2025-07-15 04:00:00,373.3,0.0,373.3,0.0,0.0,0.0,0.0,120.0,373.3,0.0,0.42,0.35,0.0
2025-07-15 04:15:00,372.0,0.0,372.0,0.0,0.0,0.0,0.0,120.0,372.0,0.0,0.42,0.35,0.0
2025-07-15 04:30:00,364.5,0.0,364.5,0.0,0.0,0.0,0.0,120.0,364.5,0.0,0.42,0.35,0.0
2025-07-15 04:45:00,372.7,0.0,372.7,0.0,0.0,0.0,0.0,120.0,372.7,0.0,0.42,0.35,0.0
2025-07-15 05:00:00,379.5,0.0,379.5,0.0,0.0,0.0,0.0,120.0,379.5,0.0,0.42,0.35,0.0
2025-07-15 05:15:00,364.4,0.0,364.4,0.0,0.0,0.0,0.0,120.0,364.4,0.0,0.42,0.35,0.0
2025-07-15 05:30:00,387.9,0.0,387.9,0.0,0.0,0.0,0.0,120.0,387.9,0.0,0.42,0.35,0.0
2025-07-15 05:45:00,396.6,0.0,396.6,10.2,10.2,0.0,0.0,120.0,386.4,0.0,0.42,0.35,0.0
2025-07-15 06:00:00,395.4,0.0,395.4,25.9,25.9,0.0,0.0,120.0,369.5,0.0,0.42,0.35,0.0
2025-07-15 06:15:00,403.9,0.0,403.9,44.6,44.6,0.0,0.0,120.0,359.29999999999995,0.0,0.42,0.35,0.0
2025-07-15 06:30:00,440.5,0.0,440.5,65.5,65.5,0.0,0.0,120.0,375.0,0.0,0.42,0.35,0.0
2025-07-15 06:45:00,445.2,0.0,445.2,87.9,87.9,0.0,0.0,120.0,357.29999999999995,0.0,0.42,0.35,0.0
2025-07-15 07:00:00,453.7,0.0,453.7,111.4,111.4,0.0,0.0,120.0,342.29999999999995,0.0,0.75,0.35,0.0
2025-07-15 07:15:00,492.1,0.0,492.1,135.9,135.9,0.0,0.0,120.0,356.20000000000005,0.0,0.75,0.35,0.0
2025-07-15 07:30:00,497.0,29.0,526.0,160.8,160.8,0.0,0.0,120.0,365.2,0.0,0.75,0.35,0.0
2025-07-15 07:45:00,525.1,40.0,565.1,186.1,186.1,0.0,0.0,120.0,379.0,0.0,0.75,0.35,0.0
2025-07-15 08:00:00,552.3,61.0,613.3,211.4,211.4,0.0,0.0,120.0,401.9,0.0,0.75,0.35,0.0
2025-07-15 08:15:00,576.7,61.0,637.7,236.5,236.5,0.0,0.0,120.0,401.2000000000001,0.0,0.75,0.35,0.0
2025-07-15 08:30:00,589.6,79.0,668.6,261.2,261.2,0.0,0.0,120.0,407.4,0.0,0.75,0.35,0.0
2025-07-15 08:45:00,595.7,95.0,690.7,285.3,285.3,0.0,0.0,120.0,405.4,0.0,0.75,0.35,0.0
2025-07-15 09:00:00,626.8,83.0,709.8,308.6,308.6,0.0,0.0,120.0,401.19999999999993,0.0,0.75,0.35,0.0
2025-07-15 09:15:00,634.3,101.0,735.3,331.0,331.0,0.0,0.0,120.0,404.3,0.0,0.75,0.35,0.0
2025-07-15 09:30:00,652.3,87.0,739.3,352.2,352.2,0.0,0.0,120.0,387.1,0.0,0.75,0.35,0.0
2025-07-15 09:45:00,669.6,70.20000000000002,739.8000000000001,372.1,372.1,0.0,0.0,120.0,367.7000000000001,0.0,0.75,0.35,0.0
2025-07-15 10:00:00,665.1,68.0,733.1,390.6,390.6,0.0,0.0,120.0,342.5,0.0,0.75,0.35,0.0
2025-07-15 10:15:00,683.1,52.400000000000006,735.5,407.5,407.5,0.0,0.0,120.0,328.0,0.0,0.75,0.35,0.0
2025-07-15 10:30:00,698.8,36.79999999999998,735.5999999999999,422.7,422.7,0.0,0.0,120.0,312.8999999999999,0.0,0.75,0.35,0.0
2025-07-15 10:45:00,699.0,32.0,731.0,436.1,436.1,0.0,0.0,120.0,294.9,0.0,0.75,0.35,0.0
2025-07-15 11:00:00,722.1,27.40000000000001,749.5,447.6,447.6,0.0,0.0,120.0,301.9,0.0,0.68,0.35,0.0
2025-07-15 11:15:00,705.8,21.0,726.8,457.1,457.1,0.0,0.0,120.0,269.69999999999993,0.0,0.68,0.35,0.0
2025-07-15 11:30:00,720.2,21.0,741.2,464.6,464.6,0.0,0.0,120.0,276.6,0.0,0.68,0.35,0.0
2025-07-15 11:45:00,726.7,21.0,747.7,470.0,470.0,0.0,0.0,120.0,277.70000000000005,0.0,0.68,0.35,0.0
2025-07-15 12:00:00,692.6,19.599999999999994,712.2,473.2,473.2,0.0,0.0,120.0,239.00000000000009,0.0,0.68,0.35,0.0
2025-07-15 12:15:00,700.1,7.0,707.1,474.3,474.3,0.0,0.0,120.0,232.8,0.0,0.68,0.35,0.0
2025-07-15 12:30:00,685.1,7.0,692.1,473.2,473.2,0.0,0.0,120.0,218.90000000000003,0.0,0.68,0.35,0.0
2025-07-15 12:45:00,684.1,7.0,691.1,470.0,470.0,0.0,0.0,120.0,221.1,0.0,0.68,0.35,0.0
2025-07-15 13:00:00,689.6,0.0,689.6,464.6,464.6,0.0,0.0,120.0,225.0,0.0,0.68,0.35,0.0
2025-07-15 13:15:00,673.9,0.0,673.9,457.1,457.1,0.0,0.0,120.0,216.79999999999995,0.0,0.68,0.35,0.0
2025-07-15 13:30:00,683.8,0.0,683.8,447.6,447.6,0.0,0.0,120.0,236.19999999999996,0.0,0.68,0.35,0.0
2025-07-15 13:45:00,682.8,0.0,682.8,436.1,436.1,0.0,0.0,120.0,246.69999999999996,0.0,0.68,0.35,0.0
2025-07-15 14:00:00,724.1,0.0,724.1,422.7,422.7,0.0,0.0,120.0,301.40000000000003,0.0,0.68,0.35,0.0
2025-07-15 14:15:00,736.2,0.0,736.2,407.5,407.5,0.0,0.0,120.0,328.70000000000005,0.0,0.68,0.35,0.0
2025-07-15 14:30:00,739.1,0.0,739.1,390.6,390.6,0.0,0.0,120.0,348.5,0.0,0.68,0.35,0.0
2025-07-15 14:45:00,750.3,0.0,750.3,372.1,372.1,0.0,0.0,120.0,378.19999999999993,0.0,0.68,0.35,0.0
2025-07-15 15:00:00,740.3,0.0,740.3,352.2,352.2,0.0,0.0,120.0,388.1,0.0,0.82,0.35,0.0
2025-07-15 15:15:00,746.6,0.0,746.6,331.0,331.0,0.0,0.0,120.0,415.6,0.0,0.82,0.35,0.0
2025-07-15 15:30:00,736.7,0.0,736.7,308.6,308.6,0.0,0.0,120.0,428.1,0.0,0.82,0.35,0.0
2025-07-15 15:45:00,744.1,0.0,744.1,285.3,285.3,0.0,0.0,120.0,458.8,0.0,0.82,0.35,0.0
2025-07-15 16:00:00,752.7,0.0,752.7,261.2,261.2,0.0,0.0,120.0,491.50000000000006,0.0,0.82,0.35,0.0
2025-07-15 16:15:00,738.4,0.0,738.4,236.5,236.5,0.0,0.0,120.0,501.9,0.0,0.82,0.35,0.0
2025-07-15 16:30:00,769.0,0.0,769.0,211.4,211.4,0.0,0.0,120.0,557.6,0.0,0.82,0.35,0.0
2025-07-15 16:45:00,762.1,0.0,762.1,186.1,186.1,0.0,0.0,120.0,576.0,0.0,0.82,0.35,0.0
2025-07-15 17:00:00,729.5,0.0,729.5,160.8,160.8,0.0,0.0,120.0,568.7,0.0,1.28,0.35,0.0
2025-07-15 17:15:00,719.5,0.0,719.5,135.9,135.9,0.0,0.0,120.0,583.6,0.0,1.28,0.35,0.0
2025-07-15 17:30:00,682.9,0.0,682.9,111.4,111.4,0.0,0.0,120.0,571.5,0.0,1.28,0.35,0.0
2025-07-15 17:45:00,663.6,0.0,663.6,87.9,87.9,0.0,0.0,120.0,575.7,0.0,1.28,0.35,0.0
2025-07-15 18:00:00,632.9,0.0,632.9,65.5,65.5,0.0,0.0,120.0,567.4,0.0,1.28,0.35,0.0
2025-07-15 18:15:00,642.4,0.0,642.4,44.6,44.6,0.0,0.0,120.0,597.8,0.0,1.28,0.35,0.0
2025-07-15 18:30:00,613.1,0.0,613.1,25.9,25.9,0.0,0.0,120.0,587.2,0.0,1.28,0.35,0.0
2025-07-15 18:45:00,598.1,0.0,598.1,10.2,10.2,0.0,0.0,120.0,587.9,0.0,1.28,0.35,0.0
2025-07-15 19:00:00,593.0,0.0,593.0,0.0,0.0,0.0,0.0,120.0,593.0,0.0,1.28,0.35,0.0
2025-07-15 19:15:00,573.0,0.0,573.0,0.0,0.0,0.0,0.0,120.0,573.0,0.0,1.28,0.35,0.0
2025-07-15 19:30:00,557.5,0.0,557.5,0.0,0.0,0.0,0.0,120.0,557.5,0.0,1.28,0.35,0.0
2025-07-15 19:45:00,536.9,0.0,536.9,0.0,0.0,0.0,0.0,120.0,536.9,0.0,1.28,0.35,0.0
2025-07-15 20:00:00,497.1,0.0,497.1,0.0,0.0,0.0,0.0,120.0,497.1,0.0,1.28,0.35,0.0
2025-07-15 20:15:00,494.6,0.0,494.6,0.0,0.0,0.0,0.0,120.0,494.6,0.0,1.28,0.35,0.0
2025-07-15 20:30:00,490.1,0.0,490.1,0.0,0.0,0.0,0.0,120.0,490.1,0.0,1.28,0.35,0.0
2025-07-15 20:45:00,479.3,0.0,479.3,0.0,0.0,0.0,0.0,120.0,479.3,0.0,1.28,0.35,0.0
2025-07-15 21:00:00,463.0,0.0,463.0,0.0,0.0,0.0,0.0,120.0,463.0,0.0,0.72,0.35,0.0
2025-07-15 21:15:00,467.3,0.0,467.3,0.0,0.0,0.0,0.0,120.0,467.3,0.0,0.72,0.35,0.0
2025-07-15 21:30:00,452.4,0.0,452.4,0.0,0.0,0.0,0.0,120.0,452.4,0.0,0.72,0.35,0.0
2025-07-15 21:45:00,453.5,0.0,453.5,0.0,0.0,0.0,0.0,120.0,453.5,0.0,0.72,0.35,0.0
2025-07-15 22:00:00,455.6,0.0,455.6,0.0,0.0,0.0,0.0,120.0,455.6,0.0,0.72,0.35,0.0
2025-07-15 22:15:00,419.6,0.0,419.6,0.0,0.0,0.0,0.0,120.0,419.6,0.0,0.72,0.35,0.0
2025-07-15 22:30:00,426.3,0.0,426.3,0.0,0.0,0.0,0.0,120.0,426.3,0.0,0.72,0.35,0.0
2025-07-15 22:45:00,407.2,0.0,407.2,0.0,0.0,0.0,0.0,120.0,407.2,0.0,0.72,0.35,0.0
2025-07-15 23:00:00,422.5,0.0,422.5,0.0,0.0,0.0,0.0,120.0,422.5,0.0,0.72,0.35,0.0
2025-07-15 23:15:00,413.9,0.0,413.9,0.0,0.0,0.0,0.0,120.0,413.9,0.0,0.72,0.35,0.0
2025-07-15 23:30:00,421.5,0.0,421.5,0.0,0.0,0.0,0.0,120.0,421.5,0.0,0.72,0.35,0.0
2025-07-15 23:45:00,411.7,0.0,411.7,0.0,0.0,0.0,0.0,120.0,411.7,0.0,0.72,0.35,0.0
2025-07-16 00:00:00,384.1,0.0,384.1,0.0,0.0,0.0,0.0,120.0,384.1,0.0,0.42,0.35,0.0
2025-07-16 00:15:00,377.3,0.0,377.3,0.0,0.0,0.0,0.0,120.0,377.3,0.0,0.42,0.35,0.0
2025-07-16 00:30:00,375.5,0.0,375.5,0.0,0.0,0.0,0.0,120.0,375.5,0.0,0.42,0.35,0.0
2025-07-16 00:45:00,373.4,0.0,373.4,0.0,0.0,0.0,0.0,120.0,373.4,0.0,0.42,0.35,0.0
2025-07-16 01:00:00,384.9,0.0,384.9,0.0,0.0,0.0,0.0,120.0,384.9,0.0,0.42,0.35,0.0
2025-07-16 01:15:00,371.1,0.0,371.1,0.0,0.0,0.0,0.0,120.0,371.1,0.0,0.42,0.35,0.0
2025-07-16 01:30:00,367.6,0.0,367.6,0.0,0.0,0.0,0.0,120.0,367.6,0.0,0.42,0.35,0.0
2025-07-16 01:45:00,378.0,0.0,378.0,0.0,0.0,0.0,0.0,120.0,378.0,0.0,0.42,0.35,0.0
2025-07-16 02:00:00,372.0,0.0,372.0,0.0,0.0,0.0,0.0,120.0,372.0,0.0,0.42,0.35,0.0
2025-07-16 02:15:00,373.4,0.0,373.4,0.0,0.0,0.0,0.0,120.0,373.4,0.0,0.42,0.35,0.0
2025-07-16 02:30:00,369.2,0.0,369.2,0.0,0.0,0.0,0.0,120.0,369.2,0.0,0.42,0.35,0.0
2025-07-16 02:45:00,376.5,0.0,376.5,0.0,0.0,0.0,0.0,120.0,376.5,0.0,0.42,0.35,0.0
2025-07-16 03:00:00,382.2,0.0,382.2,0.0,0.0,0.0,0.0,120.0,382.2,0.0,0.42,0.35,0.0
2025-07-16 03:15:00,391.0,0.0,391.0,0.0,0.0,0.0,0.0,120.0,391.0,0.0,0.42,0.35,0.0
2025-07-16 03:30:00,387.1,0.0,387.1,0.0,0.0,0.0,0.0,120.0,387.1,0.0,0.42,0.35,0.0
2025-07-16 03:45:00,364.4,0.0,364.4,0.0,0.0,0.0,0.0,120.0,364.4,0.0,0.42,0.35,0.0
2025-07-16 04:00:00,372.5,0.0,372.5,0.0,0.0,0.0,0.0,120.0,372.5,0.0,0.42,0.35,0.0
2025-07-16 04:15:00,375.3,0.0,375.3,0.0,0.0,0.0,0.0,120.0,375.3,0.0,0.42,0.35,0.0
2025-07-16 04:30:00,373.2,0.0,373.2,0.0,0.0,0.0,0.0,120.0,373.2,0.0,0.42,0.35,0.0
2025-07-16 04:45:00,385.8,0.0,385.8,0.0,0.0,0.0,0.0,120.0,385.8,0.0,0.42,0.35,0.0
2025-07-16 05:00:00,368.1,0.0,368.1,0.0,0.0,0.0,0.0,120.0,368.1,0.0,0.42,0.35,0.0
2025-07-16 05:15:00,385.1,0.0,385.1,0.0,0.0,0.0,0.0,120.0,385.1,0.0,0.42,0.35,0.0
2025-07-16 05:30:00,376.0,0.0,376.0,0.0,0.0,0.0,0.0,120.0,376.0,0.0,0.42,0.35,0.0
2025-07-16 05:45:00,382.1,0.0,382.1,6.4,6.4,0.0,0.0,120.0,375.7000000000001,0.0,0.42,0.35,0.0
2025-07-16 06:00:00,405.9,0.0,405.9,16.2,16.2,0.0,0.0,120.0,389.7,0.0,0.42,0.35,0.0
2025-07-16 06:15:00,419.0,0.0,419.0,27.9,27.9,0.0,0.0,120.0,391.1,0.0,0.42,0.35,0.0
2025-07-16 06:30:00,425.8,0.0,425.8,40.9,40.9,0.0,0.0,120.0,384.9,0.0,0.42,0.35,0.0
2025-07-16 06:45:00,437.1,18.0,455.1,54.9,54.9,0.0,0.0,120.0,400.2000000000001,0.0,0.42,0.35,0.0
2025-07-16 07:00:00,458.4,18.0,476.4,69.7,69.7,0.0,0.0,120.0,406.7,0.0,0.75,0.35,0.0
2025-07-16 07:15:00,484.9,25.0,509.9,84.9,84.9,0.0,0.0,120.0,425.0,0.0,0.75,0.35,0.0
2025-07-16 07:30:00,503.5,32.0,535.5,100.5,100.5,0.0,0.0,120.0,435.0,0.0,0.75,0.35,0.0
2025-07-16 07:45:00,527.0,32.0,559.0,116.3,116.3,0.0,0.0,120.0,442.7,0.0,0.75,0.35,0.0
2025-07-16 08:00:00,543.8,40.400000000000006,584.1999999999999,132.1,132.1,0.0,0.0,120.0,452.0999999999999,0.0,0.75,0.35,0.0
2025-07-16 08:15:00,562.5,53.0,615.5,147.8,147.8,0.0,0.0,120.0,467.7,0.0,0.75,0.35,0.0
2025-07-16 08:30:00,573.8,59.400000000000006,633.1999999999999,163.2,163.2,0.0,0.0,120.0,470.0,0.0,0.75,0.35,0.0
2025-07-16 08:45:00,606.3,57.0,663.3,178.3,178.3,0.0,0.0,120.0,485.0,0.0,0.75,0.35,0.0
2025-07-16 09:00:00,621.6,64.0,685.6,192.9,192.9,0.0,0.0,120.0,492.7000000000001,0.0,0.75,0.35,0.0
2025-07-16 09:15:00,626.4,85.0,711.4,206.9,206.9,0.0,0.0,120.0,504.5,0.0,0.75,0.35,0.0
2025-07-16 09:30:00,634.5,86.0,720.5,220.1,220.1,0.0,0.0,120.0,500.4,0.0,0.75,0.35,0.0
2025-07-16 09:45:00,643.4,85.0,728.4,232.6,232.6,0.0,0.0,120.0,495.8,0.0,0.75,0.35,0.0
2025-07-16 10:00:00,665.3,85.0,750.3,244.1,244.1,0.0,0.0,120.0,506.19999999999993,0.0,0.75,0.35,0.0
2025-07-16 10:15:00,653.9,90.8,744.6999999999999,254.7,254.7,0.0,0.0,120.0,490.0,0.0,0.75,0.35,0.0
2025-07-16 10:30:00,674.9,71.0,745.9,264.2,264.2,0.0,0.0,120.0,481.7,0.0,0.75,0.35,0.0
2025-07-16 10:45:00,686.5,60.80000000000001,747.3,272.6,272.6,0.0,0.0,120.0,474.69999999999993,0.0,0.75,0.35,0.0
2025-07-16 11:00:00,684.5,46.19999999999999,730.7,153.9,153.9,0.0,0.0,120.0,576.8000000000001,0.0,0.68,0.35,0.0
2025-07-16 11:15:00,699.9,39.80000000000001,739.7,157.1,157.1,0.0,0.0,120.0,582.6,0.0,0.68,0.35,0.0
2025-07-16 11:30:00,710.1,21.19999999999999,731.3,159.7,159.7,0.0,0.0,120.0,571.5999999999999,0.0,0.68,0.35,0.0
2025-07-16 11:45:00,718.9,17.0,735.9,161.6,161.6,0.0,0.0,120.0,574.3,0.0,0.68,0.35,0.0
2025-07-16 12:00:00,686.0,14.0,700.0,162.7,162.7,0.0,0.0,120.0,537.3,0.0,0.68,0.35,0.0
2025-07-16 12:15:00,680.8,13.599999999999994,694.4,163.0,163.0,0.0,0.0,120.0,531.4,0.0,0.68,0.35,0.0
2025-07-16 12:30:00,663.8,7.0,670.8,162.7,162.7,0.0,0.0,120.0,508.1,0.0,0.68,0.35,0.0
2025-07-16 12:45:00,660.9,7.0,667.9,161.6,161.6,0.0,0.0,120.0,506.3,0.0,0.68,0.35,0.0
2025-07-16 13:00:00,648.8,2.200000000000017,651.0,159.7,159.7,0.0,0.0,120.0,491.3,0.0,0.68,0.35,0.0
2025-07-16 13:15:00,662.0,0.0,662.0,157.1,157.1,0.0,0.0,120.0,504.9,0.0,0.68,0.35,0.0
2025-07-16 13:30:00,664.7,0.0,664.7,153.9,153.9,0.0,0.0,120.0,510.80000000000007,0.0,0.68,0.35,0.0
2025-07-16 13:45:00,658.5,0.0,658.5,149.9,149.9,0.0,0.0,120.0,508.6,0.0,0.68,0.35,0.0
2025-07-16 14:00:00,694.5,0.0,694.5,145.3,145.3,0.0,0.0,120.0,549.2,0.0,0.68,0.35,0.0
2025-07-16 14:15:00,717.5,0.0,717.5,254.7,254.7,0.0,0.0,120.0,462.8,0.0,0.68,0.35,0.0
2025-07-16 14:30:00,722.3,0.0,722.3,244.1,244.1,0.0,0.0,120.0,478.19999999999993,0.0,0.68,0.35,0.0
2025-07-16 14:45:00,730.8,0.0,730.8,232.6,232.6,0.0,0.0,120.0,498.19999999999993,0.0,0.68,0.35,0.0
2025-07-16 15:00:00,733.6,0.0,733.6,220.1,220.1,0.0,0.0,120.0,513.5,0.0,0.82,0.35,0.0
2025-07-16 15:15:00,742.3,0.0,742.3,206.9,206.9,0.0,0.0,120.0,535.4,0.0,0.82,0.35,0.0
2025-07-16 15:30:00,727.2,0.0,727.2,192.9,192.9,0.0,0.0,120.0,534.3000000000001,0.0,0.82,0.35,0.0
2025-07-16 15:45:00,739.9,0.0,739.9,178.3,178.3,0.0,0.0,120.0,561.5999999999999,0.0,0.82,0.35,0.0
2025-07-16 16:00:00,744.0,0.0,744.0,163.2,163.2,0.0,0.0,120.0,580.8,0.0,0.82,0.35,0.0
2025-07-16 16:15:00,728.5,0.0,728.5,147.8,147.8,0.0,0.0,120.0,580.7,0.0,0.82,0.35,0.0
2025-07-16 16:30:00,743.4,0.0,743.4,132.1,132.1,0.0,0.0,120.0,611.3,0.0,0.82,0.35,0.0
2025-07-16 16:45:00,731.3,0.0,731.3,116.3,116.3,0.0,0.0,120.0,615.0,0.0,0.82,0.35,0.0
2025-07-16 17:00:00,721.0,0.0,721.0,100.5,100.5,0.0,0.0,120.0,620.5,0.0,1.28,0.35,0.0
2025-07-16 17:15:00,709.7,0.0,709.7,84.9,84.9,0.0,0.0,120.0,624.8000000000001,0.0,1.28,0.35,0.0
2025-07-16 17:30:00,673.1,0.0,673.1,69.7,69.7,0.0,0.0,120.0,603.4,0.0,1.28,0.35,0.0
2025-07-16 17:45:00,649.1,0.0,649.1,54.9,54.9,0.0,0.0,120.0,594.2,0.0,1.28,0.35,0.0
2025-07-16 18:00:00,633.9,0.0,633.9,40.9,40.9,0.0,0.0,120.0,593.0,0.0,1.28,0.35,0.0
2025-07-16 18:15:00,605.3,0.0,605.3,27.9,27.9,0.0,0.0,120.0,577.4,0.0,1.28,0.35,0.0
2025-07-16 18:30:00,590.3,0.0,590.3,16.2,16.2,0.0,0.0,120.0,574.0999999999999,0.0,1.28,0.35,0.0
2025-07-16 18:45:00,585.5,0.0,585.5,6.4,6.4,0.0,0.0,120.0,579.1,0.0,1.28,0.35,0.0
2025-07-16 19:00:00,568.4,0.0,568.4,0.0,0.0,0.0,0.0,120.0,568.4,0.0,1.28,0.35,0.0
2025-07-16 19:15:00,558.0,0.0,558.0,0.0,0.0,0.0,0.0,120.0,558.0,0.0,1.28,0.35,0.0
2025-07-16 19:30:00,542.1,0.0,542.1,0.0,0.0,0.0,0.0,120.0,542.1,0.0,1.28,0.35,0.0
2025-07-16 19:45:00,533.9,0.0,533.9,0.0,0.0,0.0,0.0,120.0,533.9,0.0,1.28,0.35,0.0
2025-07-16 20:00:00,481.8,0.0,481.8,0.0,0.0,0.0,0.0,120.0,481.8,0.0,1.28,0.35,0.0
2025-07-16 20:15:00,483.2,0.0,483.2,0.0,0.0,0.0,0.0,120.0,483.2,0.0,1.28,0.35,0.0
2025-07-16 20:30:00,468.0,0.0,468.0,0.0,0.0,0.0,0.0,120.0,468.0,0.0,1.28,0.35,0.0
2025-07-16 20:45:00,464.9,0.0,464.9,0.0,0.0,0.0,0.0,120.0,464.9,0.0,1.28,0.35,0.0
2025-07-16 21:00:00,455.6,0.0,455.6,0.0,0.0,0.0,0.0,120.0,455.6,0.0,0.72,0.35,0.0
2025-07-16 21:15:00,454.2,0.0,454.2,0.0,0.0,0.0,0.0,120.0,454.2,0.0,0.72,0.35,0.0
2025-07-16 21:30:00,448.9,0.0,448.9,0.0,0.0,0.0,0.0,120.0,448.9,0.0,0.72,0.35,0.0
2025-07-16 21:45:00,447.3,0.0,447.3,0.0,0.0,0.0,0.0,120.0,447.3,0.0,0.72,0.35,0.0
2025-07-16 22:00:00,430.5,0.0,430.5,0.0,0.0,0.0,0.0,120.0,430.5,0.0,0.72,0.35,0.0
2025-07-16 22:15:00,417.1,0.0,417.1,0.0,0.0,0.0,0.0,120.0,417.1,0.0,0.72,0.35,0.0
2025-07-16 22:30:00,418.8,0.0,418.8,0.0,0.0,0.0,0.0,120.0,418.8,0.0,0.72,0.35,0.0
2025-07-16 22:45:00,417.2,0.0,417.2,0.0,0.0,0.0,0.0,120.0,417.2,0.0,0.72,0.35,0.0
2025-07-16 23:00:00,410.5,0.0,410.5,0.0,0.0,0.0,0.0,120.0,410.5,0.0,0.72,0.35,0.0
2025-07-16 23:15:00,412.4,0.0,412.4,0.0,0.0,0.0,0.0,120.0,412.4,0.0,0.72,0.35,0.0
2025-07-16 23:30:00,395.8,0.0,395.8,0.0,0.0,0.0,0.0,120.0,395.8,0.0,0.72,0.35,0.0
2025-07-16 23:45:00,390.2,0.0,390.2,0.0,0.0,0.0,0.0,120.0,390.2,0.0,0.72,0.35,0.0
2025-07-17 00:00:00,380.9,0.0,380.9,0.0,0.0,0.0,0.0,120.0,380.9,0.0,0.42,0.35,0.0
2025-07-17 00:15:00,387.9,0.0,387.9,0.0,0.0,0.0,0.0,120.0,387.9,0.0,0.42,0.35,0.0
2025-07-17 00:30:00,372.3,0.0,372.3,0.0,0.0,0.0,0.0,120.0,372.3,0.0,0.42,0.35,0.0
2025-07-17 00:45:00,393.4,0.0,393.4,0.0,0.0,0.0,0.0,120.0,393.4,0.0,0.42,0.35,0.0
2025-07-17 01:00:00,383.1,0.0,383.1,0.0,0.0,0.0,0.0,120.0,383.1,0.0,0.42,0.35,0.0
2025-07-17 01:15:00,370.1,0.0,370.1,0.0,0.0,0.0,0.0,120.0,370.1,0.0,0.42,0.35,0.0
2025-07-17 01:30:00,366.4,0.0,366.4,0.0,0.0,0.0,0.0,120.0,366.4,0.0,0.42,0.35,0.0
2025-07-17 01:45:00,380.4,0.0,380.4,0.0,0.0,0.0,0.0,120.0,380.4,0.0,0.42,0.35,0.0
2025-07-17 02:00:00,373.2,0.0,373.2,0.0,0.0,0.0,0.0,120.0,373.2,0.0,0.42,0.35,0.0
2025-07-17 02:15:00,367.7,0.0,367.7,0.0,0.0,0.0,0.0,120.0,367.7,0.0,0.42,0.35,0.0
2025-07-17 02:30:00,369.6,0.0,369.6,0.0,0.0,0.0,0.0,120.0,369.6,0.0,0.42,0.35,0.0
2025-07-17 02:45:00,382.4,0.0,382.4,0.0,0.0,0.0,0.0,120.0,382.4,0.0,0.42,0.35,0.0
2025-07-17 03:00:00,375.5,0.0,375.5,0.0,0.0,0.0,0.0,120.0,375.5,0.0,0.42,0.35,0.0
2025-07-17 03:15:00,369.7,0.0,369.7,0.0,0.0,0.0,0.0,120.0,369.7,0.0,0.42,0.35,0.0
2025-07-17 03:30:00,373.7,0.0,373.7,0.0,0.0,0.0,0.0,120.0,373.7,0.0,0.42,0.35,0.0
2025-07-17 03:45:00,380.8,0.0,380.8,0.0,0.0,0.0,0.0,120.0,380.8,0.0,0.42,0.35,0.0
2025-07-17 04:00:00,378.4,0.0,378.4,0.0,0.0,0.0,0.0,120.0,378.4,0.0,0.42,0.35,0.0
2025-07-17 04:15:00,380.6,0.0,380.6,0.0,0.0,0.0,0.0,120.0,380.6,0.0,0.42,0.35,0.0
2025-07-17 04:30:00,374.3,0.0,374.3,0.0,0.0,0.0,0.0,120.0,374.3,0.0,0.42,0.35,0.0
2025-07-17 04:45:00,376.9,0.0,376.9,0.0,0.0,0.0,0.0,120.0,376.9,0.0,0.42,0.35,0.0
2025-07-17 05:00:00,386.2,0.0,386.2,0.0,0.0,0.0,0.0,120.0,386.2,0.0,0.42,0.35,0.0
2025-07-17 05:15:00,380.5,0.0,380.5,0.0,0.0,0.0,0.0,120.0,380.5,0.0,0.42,0.35,0.0
2025-07-17 05:30:00,368.2,0.0,368.2,0.0,0.0,0.0,0.0,120.0,368.2,0.0,0.42,0.35,0.0
2025-07-17 05:45:00,368.0,0.0,368.0,9.5,9.5,0.0,0.0,120.0,358.5,0.0,0.42,0.35,0.0
2025-07-17 06:00:00,402.9,0.0,402.9,24.1,24.1,0.0,0.0,120.0,378.8,0.0,0.42,0.35,0.0
2025-07-17 06:15:00,418.3,0.0,418.3,41.6,41.6,0.0,0.0,120.0,376.7,0.0,0.42,0.35,0.0
2025-07-17 06:30:00,424.0,0.0,424.0,61.0,61.0,0.0,0.0,120.0,363.0,0.0,0.42,0.35,0.0
2025-07-17 06:45:00,435.2,7.0,442.2,81.9,81.9,0.0,0.0,120.0,360.3,0.0,0.42,0.35,0.0
2025-07-17 07:00:00,450.9,18.0,468.9,103.8,103.8,0.0,0.0,120.0,365.1,0.0,0.75,0.35,0.0
2025-07-17 07:15:00,488.9,18.0,506.9,126.6,126.6,0.0,0.0,120.0,380.3,0.0,0.75,0.35,0.0
2025-07-17 07:30:00,499.4,25.0,524.4,149.9,149.9,0.0,0.0,120.0,374.5,0.0,0.75,0.35,0.0
2025-07-17 07:45:00,527.5,43.0,570.5,173.4,173.4,0.0,0.0,120.0,397.1,0.0,0.75,0.35,0.0
2025-07-17 08:00:00,554.5,57.0,611.5,197.0,197.0,0.0,0.0,120.0,414.5,0.0,0.75,0.35,0.0
2025-07-17 08:15:00,551.2,108.79999999999998,660.0,220.4,220.4,0.0,0.0,120.0,439.6,0.0,0.75,0.35,0.0
2025-07-17 08:30:00,582.6,115.0,697.6,243.4,243.4,0.0,0.0,120.0,454.2000000000001,0.0,0.75,0.35,0.0
2025-07-17 08:45:00,607.8,122.0,729.8,265.9,265.9,0.0,0.0,120.0,463.9,0.0,0.75,0.35,0.0
2025-07-17 09:00:00,626.4,140.60000000000002,767.0,287.6,287.6,0.0,0.0,120.0,479.4,0.0,0.75,0.35,0.0
2025-07-17 09:15:00,631.8,129.0,760.8,308.4,308.4,0.0,0.0,120.0,452.4,0.0,0.75,0.35,0.0
2025-07-17 09:30:00,642.7,137.2,779.9000000000001,328.2,328.2,0.0,0.0,120.0,451.7000000000001,0.0,0.75,0.35,0.0
2025-07-17 09:45:00,663.0,128.2,791.2,346.8,346.8,0.0,0.0,120.0,444.4,0.0,0.75,0.35,0.0
2025-07-17 10:00:00,668.5,122.0,790.5,364.0,364.0,0.0,0.0,120.0,426.5,0.0,0.75,0.35,0.0
2025-07-17 10:15:00,666.5,115.0,781.5,379.7,379.7,0.0,0.0,120.0,401.8,0.0,0.75,0.35,0.0
2025-07-17 10:30:00,687.5,93.20000000000002,780.7,393.9,393.9,0.0,0.0,120.0,386.80000000000007,0.0,0.75,0.35,0.0
2025-07-17 10:45:00,679.7,86.40000000000003,766.1000000000001,406.4,406.4,0.0,0.0,120.0,359.70000000000016,0.0,0.75,0.35,0.0
2025-07-17 11:00:00,709.7,68.79999999999998,778.5,417.1,417.1,0.0,0.0,120.0,361.4,0.0,0.68,0.35,0.0
2025-07-17 11:15:00,712.2,61.80000000000001,774.0,426.0,426.0,0.0,0.0,120.0,348.0,0.0,0.68,0.35,0.0
2025-07-17 11:30:00,709.0,48.400000000000006,757.4,432.9,432.9,0.0,0.0,120.0,324.5,0.0,0.68,0.35,0.0
2025-07-17 11:45:00,726.1,36.400000000000034,762.5,438.0,438.0,0.0,0.0,120.0,324.5,0.0,0.68,0.35,0.0
2025-07-17 12:00:00,670.8,21.0,691.8,441.0,441.0,0.0,0.0,120.0,250.79999999999995,0.0,0.68,0.35,0.0
2025-07-17 12:15:00,664.5,21.0,685.5,442.0,442.0,0.0,0.0,120.0,243.5,0.0,0.68,0.35,0.0
2025-07-17 12:30:00,673.4,21.0,694.4,441.0,441.0,0.0,0.0,120.0,253.4,0.0,0.68,0.35,0.0
2025-07-17 12:45:00,669.4,20.200000000000017,689.6,438.0,438.0,0.0,0.0,120.0,251.6,0.0,0.68,0.35,0.0
2025-07-17 13:00:00,673.7,6.800000000000011,680.5,432.9,432.9,0.0,0.0,120.0,247.6,0.0,0.68,0.35,0.0
2025-07-17 13:15:00,671.2,0.0,671.2,426.0,426.0,0.0,0.0,120.0,245.20000000000005,0.0,0.68,0.35,0.0
2025-07-17 13:30:00,666.4,0.0,666.4,417.1,417.1,0.0,0.0,120.0,249.29999999999995,0.0,0.68,0.35,0.0
2025-07-17 13:45:00,667.8,0.0,667.8,406.4,406.4,0.0,0.0,120.0,261.4,0.0,0.68,0.35,0.0
2025-07-17 14:00:00,716.3,0.0,716.3,275.7,275.7,0.0,0.0,120.0,440.6,0.0,0.68,0.35,0.0
2025-07-17 14:15:00,727.3,0.0,727.3,265.8,265.8,0.0,0.0,120.0,461.5,0.0,0.68,0.35,0.0
2025-07-17 14:30:00,738.5,0.0,738.5,254.8,254.8,0.0,0.0,120.0,483.7,0.0,0.68,0.35,0.0
2025-07-17 14:45:00,725.9,0.0,725.9,242.7,242.7,0.0,0.0,120.0,483.2,0.0,0.68,0.35,0.0
2025-07-17 15:00:00,739.2,0.0,739.2,229.7,229.7,0.0,0.0,120.0,509.50000000000006,0.0,0.82,0.35,0.0
2025-07-17 15:15:00,732.2,0.0,732.2,308.4,308.4,0.0,0.0,120.0,423.80000000000007,0.0,0.82,0.35,0.0
2025-07-17 15:30:00,746.4,0.0,746.4,287.6,287.6,0.0,0.0,120.0,458.8,0.0,0.82,0.35,0.0
2025-07-17 15:45:00,739.9,0.0,739.9,265.9,265.9,0.0,0.0,120.0,474.0,0.0,0.82,0.35,0.0
2025-07-17 16:00:00,750.0,0.0,750.0,243.4,243.4,0.0,0.0,120.0,506.6,0.0,0.82,0.35,0.0
2025-07-17 16:15:00,754.6,0.0,754.6,220.4,220.4,0.0,0.0,120.0,534.2,0.0,0.82,0.35,0.0
2025-07-17 16:30:00,755.7,0.0,755.7,197.0,197.0,0.0,0.0,120.0,558.7,0.0,0.82,0.35,0.0
2025-07-17 16:45:00,747.0,0.0,747.0,173.4,173.4,0.0,0.0,120.0,573.6,0.0,0.82,0.35,0.0
2025-07-17 17:00:00,715.3,0.0,715.3,149.9,149.9,0.0,0.0,120.0,565.4,0.0,1.28,0.35,0.0
2025-07-17 17:15:00,718.4,0.0,718.4,126.6,126.6,0.0,0.0,120.0,591.8,0.0,1.28,0.35,0.0
2025-07-17 17:30:00,673.1,0.0,673.1,103.8,103.8,0.0,0.0,120.0,569.3000000000001,0.0,1.28,0.35,0.0
2025-07-17 17:45:00,669.4,0.0,669.4,81.9,81.9,0.0,0.0,120.0,587.5,0.0,1.28,0.35,0.0
2025-07-17 18:00:00,639.8,0.0,639.8,61.0,61.0,0.0,0.0,120.0,578.8,0.0,1.28,0.35,0.0
2025-07-17 18:15:00,619.4,0.0,619.4,41.6,41.6,0.0,0.0,120.0,577.8,0.0,1.28,0.35,0.0
2025-07-17 18:30:00,618.1,0.0,618.1,24.1,24.1,0.0,0.0,120.0,594.0,0.0,1.28,0.35,0.0
2025-07-17 18:45:00,601.3,0.0,601.3,9.5,9.5,0.0,0.0,120.0,591.8,0.0,1.28,0.35,0.0
2025-07-17 19:00:00,590.4,0.0,590.4,0.0,0.0,0.0,0.0,120.0,590.4,0.0,1.28,0.35,0.0
2025-07-17 19:15:00,554.1,0.0,554.1,0.0,0.0,0.0,0.0,120.0,554.1,0.0,1.28,0.35,0.0
2025-07-17 19:30:00,558.0,0.0,558.0,0.0,0.0,0.0,0.0,120.0,558.0,0.0,1.28,0.35,0.0
2025-07-17 19:45:00,534.9,0.0,534.9,0.0,0.0,0.0,0.0,120.0,534.9,0.0,1.28,0.35,0.0
2025-07-17 20:00:00,489.6,0.0,489.6,0.0,0.0,0.0,0.0,120.0,489.6,0.0,1.28,0.35,0.0
2025-07-17 20:15:00,480.6,0.0,480.6,0.0,0.0,0.0,0.0,120.0,480.6,0.0,1.28,0.35,0.0
2025-07-17 20:30:00,486.5,0.0,486.5,0.0,0.0,0.0,0.0,120.0,486.5,0.0,1.28,0.35,0.0
2025-07-17 20:45:00,463.2,0.0,463.2,0.0,0.0,0.0,0.0,120.0,463.2,0.0,1.28,0.35,0.0
2025-07-17 21:00:00,468.8,0.0,468.8,0.0,0.0,0.0,0.0,120.0,468.8,0.0,0.72,0.35,0.0
2025-07-17 21:15:00,469.6,0.0,469.6,0.0,0.0,0.0,0.0,120.0,469.6,0.0,0.72,0.35,0.0
2025-07-17 21:30:00,468.9,0.0,468.9,0.0,0.0,0.0,0.0,120.0,468.9,0.0,0.72,0.35,0.0
2025-07-17 21:45:00,439.5,0.0,439.5,0.0,0.0,0.0,0.0,120.0,439.5,0.0,0.72,0.35,0.0
2025-07-17 22:00:00,434.2,0.0,434.2,0.0,0.0,0.0,0.0,120.0,434.2,0.0,0.72,0.35,0.0
2025-07-17 22:15:00,424.8,0.0,424.8,0.0,0.0,0.0,0.0,120.0,424.8,0.0,0.72,0.35,0.0
2025-07-17 22:30:00,408.9,0.0,408.9,0.0,0.0,0.0,0.0,120.0,408.9,0.0,0.72,0.35,0.0
2025-07-17 22:45:00,422.6,0.0,422.6,0.0,0.0,0.0,0.0,120.0,422.6,0.0,0.72,0.35,0.0
2025-07-17 23:00:00,411.9,0.0,411.9,0.0,0.0,0.0,0.0,120.0,411.9,0.0,0.72,0.35,0.0
2025-07-17 23:15:00,426.8,0.0,426.8,0.0,0.0,0.0,0.0,120.0,426.8,0.0,0.72,0.35,0.0
2025-07-17 23:30:00,396.5,0.0,396.5,0.0,0.0,0.0,0.0,120.0,396.5,0.0,0.72,0.35,0.0
2025-07-17 23:45:00,397.3,0.0,397.3,0.0,0.0,0.0,0.0,120.0,397.3,0.0,0.72,0.35,0.0
2025-07-18 00:00:00,361.9,0.0,361.9,0.0,0.0,0.0,0.0,120.0,361.9,0.0,0.42,0.35,0.0
2025-07-18 00:15:00,391.0,0.0,391.0,0.0,0.0,0.0,0.0,120.0,391.0,0.0,0.42,0.35,0.0
2025-07-18 00:30:00,373.4,0.0,373.4,0.0,0.0,0.0,0.0,120.0,373.4,0.0,0.42,0.35,0.0
2025-07-18 00:45:00,380.2,0.0,380.2,0.0,0.0,0.0,0.0,120.0,380.2,0.0,0.42,0.35,0.0
2025-07-18 01:00:00,371.7,0.0,371.7,0.0,0.0,0.0,0.0,120.0,371.7,0.0,0.42,0.35,0.0
2025-07-18 01:15:00,378.8,0.0,378.8,0.0,0.0,0.0,0.0,120.0,378.8,0.0,0.42,0.35,0.0
2025-07-18 01:30:00,362.5,0.0,362.5,0.0,0.0,0.0,0.0,120.0,362.5,0.0,0.42,0.35,0.0
2025-07-18 01:45:00,375.8,0.0,375.8,0.0,0.0,0.0,0.0,120.0,375.8,0.0,0.42,0.35,0.0
2025-07-18 02:00:00,373.1,0.0,373.1,0.0,0.0,0.0,0.0,120.0,373.1,0.0,0.42,0.35,0.0
2025-07-18 02:15:00,371.8,0.0,371.8,0.0,0.0,0.0,0.0,120.0,371.8,0.0,0.42,0.35,0.0
2025-07-18 02:30:00,373.6,0.0,373.6,0.0,0.0,0.0,0.0,120.0,373.6,0.0,0.42,0.35,0.0
2025-07-18 02:45:00,374.7,0.0,374.7,0.0,0.0,0.0,0.0,120.0,374.7,0.0,0.42,0.35,0.0
2025-07-18 03:00:00,377.6,0.0,377.6,0.0,0.0,0.0,0.0,120.0,377.6,0.0,0.42,0.35,0.0
2025-07-18 03:15:00,361.2,0.0,361.2,0.0,0.0,0.0,0.0,120.0,361.2,0.0,0.42,0.35,0.0
2025-07-18 03:30:00,363.8,0.0,363.8,0.0,0.0,0.0,0.0,120.0,363.8,0.0,0.42,0.35,0.0
2025-07-18 03:45:00,381.1,0.0,381.1,0.0,0.0,0.0,0.0,120.0,381.1,0.0,0.42,0.35,0.0
2025-07-18 04:00:00,374.9,0.0,374.9,0.0,0.0,0.0,0.0,120.0,374.9,0.0,0.42,0.35,0.0
2025-07-18 04:15:00,376.7,0.0,376.7,0.0,0.0,0.0,0.0,120.0,376.7,0.0,0.42,0.35,0.0
2025-07-18 04:30:00,367.8,0.0,367.8,0.0,0.0,0.0,0.0,120.0,367.8,0.0,0.42,0.35,0.0
2025-07-18 04:45:00,383.7,0.0,383.7,0.0,0.0,0.0,0.0,120.0,383.7,0.0,0.42,0.35,0.0
2025-07-18 05:00:00,373.5,0.0,373.5,0.0,0.0,0.0,0.0,120.0,373.5,0.0,0.42,0.35,0.0
2025-07-18 05:15:00,372.5,0.0,372.5,0.0,0.0,0.0,0.0,120.0,372.5,0.0,0.42,0.35,0.0
2025-07-18 05:30:00,384.3,0.0,384.3,0.0,0.0,0.0,0.0,120.0,384.3,0.0,0.42,0.35,0.0
2025-07-18 05:45:00,380.4,0.0,380.4,11.3,11.3,0.0,0.0,120.0,369.1,0.0,0.42,0.35,0.0
2025-07-18 06:00:00,408.4,0.0,408.4,28.9,28.9,0.0,0.0,120.0,379.5,0.0,0.42,0.35,0.0
2025-07-18 06:15:00,425.8,0.0,425.8,49.7,49.7,0.0,0.0,120.0,376.1,0.0,0.42,0.35,0.0
2025-07-18 06:30:00,436.9,0.0,436.9,72.9,72.9,0.0,0.0,120.0,364.0,0.0,0.42,0.35,0.0
2025-07-18 06:45:00,442.6,0.0,442.6,97.8,97.8,0.0,0.0,120.0,344.8,0.0,0.42,0.35,0.0
2025-07-18 07:00:00,488.3,11.0,499.3,124.1,124.1,0.0,0.0,120.0,375.2000000000001,0.0,0.75,0.35,0.0
2025-07-18 07:15:00,490.1,11.0,501.1,151.3,151.3,0.0,0.0,120.0,349.8,0.0,0.75,0.35,0.0
2025-07-18 07:30:00,514.5,11.0,525.5,179.1,179.1,0.0,0.0,120.0,346.4,0.0,0.75,0.35,0.0
2025-07-18 07:45:00,522.2,11.0,533.2,207.2,207.2,0.0,0.0,120.0,326.00000000000006,0.0,0.75,0.35,0.0
2025-07-18 08:00:00,558.7,29.0,587.7,235.4,235.4,0.0,0.0,120.0,352.30000000000007,0.0,0.75,0.35,0.0
2025-07-18 08:15:00,582.3,36.0,618.3,263.4,263.4,0.0,0.0,120.0,354.9,0.0,0.75,0.35,0.0
2025-07-18 08:30:00,600.3,54.39999999999998,654.6999999999999,290.9,290.9,0.0,0.0,120.0,363.8,0.0,0.75,0.35,0.0
2025-07-18 08:45:00,631.0,54.0,685.0,317.7,317.7,0.0,0.0,120.0,367.3,0.0,0.75,0.35,0.0
2025-07-18 09:00:00,632.5,76.0,708.5,343.7,343.7,0.0,0.0,120.0,364.8,0.0,0.75,0.35,0.0
2025-07-18 09:15:00,644.9,97.0,741.9,368.6,368.6,0.0,0.0,120.0,373.3,0.0,0.75,0.35,0.0
2025-07-18 09:30:00,658.4,104.0,762.4,392.2,392.2,0.0,0.0,120.0,370.2,0.0,0.75,0.35,0.0
2025-07-18 09:45:00,671.8,101.4,773.1999999999999,414.4,414.4,0.0,0.0,120.0,358.79999999999995,0.0,0.75,0.35,0.0
2025-07-18 10:00:00,674.9,108.20000000000002,783.1,435.0,435.0,0.0,0.0,120.0,348.1,0.0,0.75,0.35,0.0
2025-07-18 10:15:00,697.4,96.79999999999998,794.1999999999999,453.8,453.8,0.0,0.0,120.0,340.3999999999999,0.0,0.75,0.35,0.0
2025-07-18 10:30:00,706.3,71.6,777.9,470.8,470.8,0.0,0.0,120.0,307.1,0.0,0.75,0.35,0.0
2025-07-18 10:45:00,706.0,64.0,770.0,485.7,485.7,0.0,0.0,120.0,284.3,0.0,0.75,0.35,0.0
2025-07-18 11:00:00,705.8,64.0,769.8,498.5,498.5,0.0,0.0,120.0,271.29999999999995,0.0,0.68,0.35,0.0
2025-07-18 11:15:00,724.1,64.19999999999999,788.3,509.1,509.1,0.0,0.0,120.0,279.19999999999993,0.0,0.68,0.35,0.0
2025-07-18 11:30:00,732.7,60.0,792.7,517.4,517.4,0.0,0.0,120.0,275.30000000000007,0.0,0.68,0.35,0.0
2025-07-18 11:45:00,733.3,52.80000000000001,786.0999999999999,523.4,523.4,0.0,0.0,120.0,262.69999999999993,0.0,0.68,0.35,0.0
2025-07-18 12:00:00,702.5,44.60000000000001,747.1,527.0,527.0,0.0,0.0,120.0,220.1,0.0,0.68,0.35,0.0
2025-07-18 12:15:00,691.9,39.0,730.9,528.2,528.2,0.0,0.0,120.0,202.69999999999996,0.0,0.68,0.35,0.0
2025-07-18 12:30:00,693.7,39.0,732.7,527.0,527.0,0.0,0.0,120.0,205.70000000000005,0.0,0.68,0.35,0.0
2025-07-18 12:45:00,692.0,35.80000000000001,727.8,523.4,523.4,0.0,0.0,120.0,204.4,0.0,0.68,0.35,0.0
2025-07-18 13:00:00,690.5,23.19999999999999,713.7,517.4,517.4,0.0,0.0,120.0,196.30000000000007,0.0,0.68,0.35,0.0
2025-07-18 13:15:00,676.5,12.800000000000011,689.3,509.1,509.1,0.0,0.0,120.0,180.19999999999996,0.0,0.68,0.35,0.0
2025-07-18 13:30:00,677.0,11.0,688.0,498.5,498.5,0.0,0.0,120.0,189.5,0.0,0.68,0.35,0.0
2025-07-18 13:45:00,700.3,11.0,711.3,485.7,485.7,0.0,0.0,120.0,225.6,0.0,0.68,0.35,0.0
2025-07-18 14:00:00,728.8,11.0,739.8,470.8,470.8,0.0,0.0,120.0,268.99999999999994,0.0,0.68,0.35,0.0
2025-07-18 14:15:00,736.7,11.0,747.7,453.8,453.8,0.0,0.0,120.0,293.90000000000003,0.0,0.68,0.35,0.0
2025-07-18 14:30:00,744.1,1.8000000000000114,745.9000000000001,435.0,435.0,0.0,0.0,120.0,310.9000000000001,0.0,0.68,0.35,0.0
2025-07-18 14:45:00,732.1,0.0,732.1,414.4,414.4,0.0,0.0,120.0,317.70000000000005,0.0,0.68,0.35,0.0
2025-07-18 15:00:00,739.1,0.0,739.1,392.2,392.2,0.0,0.0,120.0,346.90000000000003,0.0,0.82,0.35,0.0
2025-07-18 15:15:00,738.9,0.0,738.9,368.6,368.6,0.0,0.0,120.0,370.3,0.0,0.82,0.35,0.0
2025-07-18 15:30:00,743.1,0.0,743.1,343.7,343.7,0.0,0.0,120.0,399.4,0.0,0.82,0.35,0.0
2025-07-18 15:45:00,752.2,0.0,752.2,317.7,317.7,0.0,0.0,120.0,434.50000000000006,0.0,0.82,0.35,0.0
2025-07-18 16:00:00,757.4,0.0,757.4,290.9,290.9,0.0,0.0,120.0,466.5,0.0,0.82,0.35,0.0
2025-07-18 16:15:00,758.6,0.0,758.6,263.4,263.4,0.0,0.0,120.0,495.2000000000001,0.0,0.82,0.35,0.0
2025-07-18 16:30:00,756.1,0.0,756.1,235.4,235.4,0.0,0.0,120.0,520.7,0.0,0.82,0.35,0.0
2025-07-18 16:45:00,748.2,0.0,748.2,207.2,207.2,0.0,0.0,120.0,541.0,0.0,0.82,0.35,0.0
2025-07-18 17:00:00,728.6,0.0,728.6,179.1,179.1,0.0,0.0,120.0,549.5,0.0,1.28,0.35,0.0
2025-07-18 17:15:00,734.0,0.0,734.0,151.3,151.3,0.0,0.0,120.0,582.7,0.0,1.28,0.35,0.0
2025-07-18 17:30:00,670.8,0.0,670.8,124.1,124.1,0.0,0.0,120.0,546.6999999999999,0.0,1.28,0.35,0.0
2025-07-18 17:45:00,668.6,0.0,668.6,97.8,97.8,0.0,0.0,120.0,570.8000000000001,0.0,1.28,0.35,0.0
2025-07-18 18:00:00,649.5,0.0,649.5,72.9,72.9,0.0,0.0,120.0,576.6,0.0,1.28,0.35,0.0
2025-07-18 18:15:00,638.1,0.0,638.1,49.7,49.7,0.0,0.0,120.0,588.4,0.0,1.28,0.35,0.0
2025-07-18 18:30:00,622.2,0.0,622.2,28.9,28.9,0.0,0.0,120.0,593.3000000000001,0.0,1.28,0.35,0.0
2025-07-18 18:45:00,600.9,0.0,600.9,11.3,11.3,0.0,0.0,120.0,589.6,0.0,1.28,0.35,0.0
2025-07-18 19:00:00,580.1,0.0,580.1,0.0,0.0,0.0,0.0,120.0,580.1,0.0,1.28,0.35,0.0
2025-07-18 19:15:00,575.9,0.0,575.9,0.0,0.0,0.0,0.0,120.0,575.9,0.0,1.28,0.35,0.0
2025-07-18 19:30:00,567.9,0.0,567.9,0.0,0.0,0.0,0.0,120.0,567.9,0.0,1.28,0.35,0.0
2025-07-18 19:45:00,548.3,0.0,548.3,0.0,0.0,0.0,0.0,120.0,548.3,0.0,1.28,0.35,0.0
2025-07-18 20:00:00,510.7,0.0,510.7,0.0,0.0,0.0,0.0,120.0,510.7,0.0,1.28,0.35,0.0
2025-07-18 20:15:00,499.2,0.0,499.2,0.0,0.0,0.0,0.0,120.0,499.2,0.0,1.28,0.35,0.0
2025-07-18 20:30:00,497.1,0.0,497.1,0.0,0.0,0.0,0.0,120.0,497.1,0.0,1.28,0.35,0.0
2025-07-18 20:45:00,472.2,0.0,472.2,0.0,0.0,0.0,0.0,120.0,472.2,0.0,1.28,0.35,0.0
2025-07-18 21:00:00,489.5,0.0,489.5,0.0,0.0,0.0,0.0,120.0,489.5,0.0,0.72,0.35,0.0
2025-07-18 21:15:00,456.1,0.0,456.1,0.0,0.0,0.0,0.0,120.0,456.1,0.0,0.72,0.35,0.0
2025-07-18 21:30:00,464.6,0.0,464.6,0.0,0.0,0.0,0.0,120.0,464.6,0.0,0.72,0.35,0.0
2025-07-18 21:45:00,454.0,0.0,454.0,0.0,0.0,0.0,0.0,120.0,454.0,0.0,0.72,0.35,0.0
2025-07-18 22:00:00,443.9,0.0,443.9,0.0,0.0,0.0,0.0,120.0,443.9,0.0,0.72,0.35,0.0
2025-07-18 22:15:00,434.0,0.0,434.0,0.0,0.0,0.0,0.0,120.0,434.0,0.0,0.72,0.35,0.0
2025-07-18 22:30:00,439.7,0.0,439.7,0.0,0.0,0.0,0.0,120.0,439.7,0.0,0.72,0.35,0.0
2025-07-18 22:45:00,435.1,0.0,435.1,0.0,0.0,0.0,0.0,120.0,435.1,0.0,0.72,0.35,0.0
2025-07-18 23:00:00,412.2,0.0,412.2,0.0,0.0,0.0,0.0,120.0,412.2,0.0,0.72,0.35,0.0
2025-07-18 23:15:00,428.9,0.0,428.9,0.0,0.0,0.0,0.0,120.0,428.9,0.0,0.72,0.35,0.0
2025-07-18 23:30:00,405.8,0.0,405.8,0.0,0.0,0.0,0.0,120.0,405.8,0.0,0.72,0.35,0.0
2025-07-18 23:45:00,403.2,0.0,403.2,0.0,0.0,0.0,0.0,120.0,403.2,0.0,0.72,0.35,0.0
2025-07-19 00:00:00,333.3,0.0,333.3,0.0,0.0,0.0,0.0,120.0,333.3,0.0,0.4,0.35,0.0
2025-07-19 00:15:00,320.3,0.0,320.3,0.0,0.0,0.0,0.0,120.0,320.3,0.0,0.4,0.35,0.0
2025-07-19 00:30:00,338.8,0.0,338.8,0.0,0.0,0.0,0.0,120.0,338.8,0.0,0.4,0.35,0.0
2025-07-19 00:45:00,343.3,0.0,343.3,0.0,0.0,0.0,0.0,120.0,343.3,0.0,0.4,0.35,0.0
2025-07-19 01:00:00,342.6,0.0,342.6,0.0,0.0,0.0,0.0,120.0,342.6,0.0,0.4,0.35,0.0
2025-07-19 01:15:00,333.7,0.0,333.7,0.0,0.0,0.0,0.0,120.0,333.7,0.0,0.4,0.35,0.0
2025-07-19 01:30:00,335.3,0.0,335.3,0.0,0.0,0.0,0.0,120.0,335.3,0.0,0.4,0.35,0.0
2025-07-19 01:45:00,329.7,0.0,329.7,0.0,0.0,0.0,0.0,120.0,329.7,0.0,0.4,0.35,0.0
2025-07-19 02:00:00,333.5,0.0,333.5,0.0,0.0,0.0,0.0,120.0,333.5,0.0,0.4,0.35,0.0
2025-07-19 02:15:00,353.5,0.0,353.5,0.0,0.0,0.0,0.0,120.0,353.5,0.0,0.4,0.35,0.0
2025-07-19 02:30:00,340.7,0.0,340.7,0.0,0.0,0.0,0.0,120.0,340.7,0.0,0.4,0.35,0.0
2025-07-19 02:45:00,333.9,0.0,333.9,0.0,0.0,0.0,0.0,120.0,333.9,0.0,0.4,0.35,0.0
2025-07-19 03:00:00,333.7,0.0,333.7,0.0,0.0,0.0,0.0,120.0,333.7,0.0,0.4,0.35,0.0
2025-07-19 03:15:00,334.5,0.0,334.5,0.0,0.0,0.0,0.0,120.0,334.5,0.0,0.4,0.35,0.0
2025-07-19 03:30:00,336.1,0.0,336.1,0.0,0.0,0.0,0.0,120.0,336.1,0.0,0.4,0.35,0.0
2025-07-19 03:45:00,328.9,0.0,328.9,0.0,0.0,0.0,0.0,120.0,328.9,0.0,0.4,0.35,0.0
2025-07-19 04:00:00,342.2,0.0,342.2,0.0,0.0,0.0,0.0,120.0,342.2,0.0,0.4,0.35,0.0
2025-07-19 04:15:00,343.0,0.0,343.0,0.0,0.0,0.0,0.0,120.0,343.0,0.0,0.4,0.35,0.0
2025-07-19 04:30:00,342.8,0.0,342.8,0.0,0.0,0.0,0.0,120.0,342.8,0.0,0.4,0.35,0.0
2025-07-19 04:45:00,328.4,0.0,328.4,0.0,0.0,0.0,0.0,120.0,328.4,0.0,0.4,0.35,0.0
2025-07-19 05:00:00,329.5,0.0,329.5,0.0,0.0,0.0,0.0,120.0,329.5,0.0,0.4,0.35,0.0
2025-07-19 05:15:00,333.4,0.0,333.4,0.0,0.0,0.0,0.0,120.0,333.4,0.0,0.4,0.35,0.0
2025-07-19 05:30:00,328.5,0.0,328.5,0.0,0.0,0.0,0.0,120.0,328.5,0.0,0.4,0.35,0.0
2025-07-19 05:45:00,334.8,0.0,334.8,8.7,8.7,0.0,0.0,120.0,326.1,0.0,0.4,0.35,0.0
2025-07-19 06:00:00,327.1,0.0,327.1,22.1,22.1,0.0,0.0,120.0,305.0,0.0,0.4,0.35,0.0
2025-07-19 06:15:00,341.0,0.0,341.0,38.0,38.0,0.0,0.0,120.0,303.0,0.0,0.4,0.35,0.0
2025-07-19 06:30:00,348.5,0.0,348.5,55.8,55.8,0.0,0.0,120.0,292.7,0.0,0.4,0.35,0.0
2025-07-19 06:45:00,338.9,0.0,338.9,74.9,74.9,0.0,0.0,120.0,264.0,0.0,0.4,0.35,0.0
2025-07-19 07:00:00,369.5,0.0,369.5,95.0,95.0,0.0,0.0,120.0,274.5,0.0,0.4,0.35,0.0
2025-07-19 07:15:00,352.5,0.0,352.5,115.8,115.8,0.0,0.0,120.0,236.7,0.0,0.4,0.35,0.0
2025-07-19 07:30:00,358.8,0.0,358.8,137.1,137.1,0.0,0.0,120.0,221.7,0.0,0.4,0.35,0.0
2025-07-19 07:45:00,373.1,0.0,373.1,158.6,158.6,0.0,0.0,120.0,214.50000000000003,0.0,0.4,0.35,0.0
2025-07-19 08:00:00,424.1,0.0,424.1,180.1,180.1,0.0,0.0,120.0,244.00000000000003,0.0,0.62,0.35,0.0
2025-07-19 08:15:00,418.4,0.0,418.4,201.5,201.5,0.0,0.0,120.0,216.9,0.0,0.62,0.35,0.0
2025-07-19 08:30:00,442.7,0.0,442.7,222.6,222.6,0.0,0.0,120.0,220.1,0.0,0.62,0.35,0.0
2025-07-19 08:45:00,451.0,0.0,451.0,243.2,243.2,0.0,0.0,120.0,207.8,0.0,0.62,0.35,0.0
2025-07-19 09:00:00,440.9,0.0,440.9,263.0,263.0,0.0,0.0,120.0,177.89999999999998,0.0,0.62,0.35,0.0
2025-07-19 09:15:00,480.0,0.0,480.0,282.1,282.1,0.0,0.0,120.0,197.9,0.0,0.62,0.35,0.0
2025-07-19 09:30:00,467.8,0.0,467.8,300.2,300.2,0.0,0.0,120.0,167.60000000000002,0.0,0.62,0.35,0.0
2025-07-19 09:45:00,483.5,7.0,490.5,317.2,317.2,0.0,0.0,120.0,173.3,0.0,0.62,0.35,0.0
2025-07-19 10:00:00,468.6,7.0,475.6,332.9,332.9,0.0,0.0,120.0,142.70000000000005,0.0,0.62,0.35,0.0
2025-07-19 10:15:00,476.2,14.0,490.2,347.3,347.3,0.0,0.0,120.0,142.89999999999998,0.0,0.62,0.35,0.0
2025-07-19 10:30:00,498.3,14.0,512.3,360.3,360.3,0.0,0.0,120.0,151.99999999999994,0.0,0.62,0.35,0.0
2025-07-19 10:45:00,499.5,14.0,513.5,371.7,371.7,0.0,0.0,120.0,141.8,0.0,0.62,0.35,0.0
2025-07-19 11:00:00,494.7,14.0,508.7,381.5,381.5,0.0,0.0,120.0,127.2,0.0,0.62,0.35,0.0
2025-07-19 11:15:00,503.6,13.400000000000006,517.0,389.6,389.6,0.0,0.0,120.0,127.39999999999998,0.0,0.62,0.35,0.0
2025-07-19 11:30:00,511.4,18.0,529.4,396.0,396.0,0.0,0.0,120.0,133.39999999999998,0.0,0.62,0.35,0.0
2025-07-19 11:45:00,513.8,18.0,531.8,400.6,400.6,0.0,0.0,120.0,131.19999999999993,0.0,0.62,0.35,0.0
2025-07-19 12:00:00,518.0,32.0,550.0,403.3,403.3,0.0,0.0,120.0,146.7,0.0,0.62,0.35,0.0
2025-07-19 12:15:00,505.1,39.0,544.1,404.2,404.2,0.0,0.0,120.0,139.90000000000003,0.0,0.62,0.35,0.0
2025-07-19 12:30:00,537.0,35.79999999999998,572.8,403.3,403.3,0.0,0.0,120.0,169.49999999999994,0.0,0.62,0.35,0.0
2025-07-19 12:45:00,528.9,32.0,560.9,400.6,400.6,0.0,0.0,120.0,160.29999999999995,0.0,0.62,0.35,0.0
2025-07-19 13:00:00,539.1,32.0,571.1,396.0,396.0,0.0,0.0,120.0,175.10000000000002,0.0,0.62,0.35,0.0
2025-07-19 13:15:00,534.7,26.0,560.7,389.6,389.6,0.0,0.0,120.0,171.10000000000002,0.0,0.62,0.35,0.0
2025-07-19 13:30:00,530.9,25.0,555.9,381.5,381.5,0.0,0.0,120.0,174.39999999999998,0.0,0.62,0.35,0.0
2025-07-19 13:45:00,538.3,23.40000000000001,561.6999999999999,371.7,371.7,0.0,0.0,120.0,189.99999999999997,0.0,0.62,0.35,0.0
2025-07-19 14:00:00,531.2,7.0,538.2,360.3,360.3,0.0,0.0,120.0,177.90000000000003,0.0,0.62,0.35,0.0
2025-07-19 14:15:00,533.8,7.0,540.8,347.3,347.3,0.0,0.0,120.0,193.49999999999997,0.0,0.62,0.35,0.0
2025-07-19 14:30:00,529.1,7.0,536.1,332.9,332.9,0.0,0.0,120.0,203.20000000000005,0.0,0.62,0.35,0.0
2025-07-19 14:45:00,541.0,7.0,548.0,317.2,317.2,0.0,0.0,120.0,230.8,0.0,0.62,0.35,0.0
2025-07-19 15:00:00,537.3,3.4000000000000057,540.6999999999999,300.2,300.2,0.0,0.0,120.0,240.49999999999997,0.0,0.62,0.35,0.0
2025-07-19 15:15:00,526.2,0.0,526.2,282.1,282.1,0.0,0.0,120.0,244.1,0.0,0.62,0.35,0.0
2025-07-19 15:30:00,536.3,0.0,536.3,263.0,263.0,0.0,0.0,120.0,273.29999999999995,0.0,0.62,0.35,0.0
2025-07-19 15:45:00,529.7,0.0,529.7,243.2,243.2,0.0,0.0,120.0,286.50000000000006,0.0,0.62,0.35,0.0
2025-07-19 16:00:00,530.6,0.0,530.6,222.6,222.6,0.0,0.0,120.0,308.0,0.0,0.62,0.35,0.0
2025-07-19 16:15:00,523.2,0.0,523.2,201.5,201.5,0.0,0.0,120.0,321.70000000000005,0.0,0.62,0.35,0.0
2025-07-19 16:30:00,509.2,0.0,509.2,180.1,180.1,0.0,0.0,120.0,329.1,0.0,0.62,0.35,0.0
2025-07-19 16:45:00,509.1,0.0,509.1,158.6,158.6,0.0,0.0,120.0,350.5,0.0,0.62,0.35,0.0
2025-07-19 17:00:00,496.2,0.0,496.2,137.1,137.1,0.0,0.0,120.0,359.1,0.0,0.62,0.35,0.0
2025-07-19 17:15:00,490.3,0.0,490.3,115.8,115.8,0.0,0.0,120.0,374.5,0.0,0.62,0.35,0.0
2025-07-19 17:30:00,490.3,0.0,490.3,95.0,95.0,0.0,0.0,120.0,395.3,0.0,0.62,0.35,0.0
2025-07-19 17:45:00,486.6,0.0,486.6,74.9,74.9,0.0,0.0,120.0,411.7000000000001,0.0,0.62,0.35,0.0
2025-07-19 18:00:00,443.1,0.0,443.1,55.8,55.8,0.0,0.0,120.0,387.3,0.0,0.78,0.35,0.0
2025-07-19 18:15:00,443.6,0.0,443.6,38.0,38.0,0.0,0.0,120.0,405.6,0.0,0.78,0.35,0.0
2025-07-19 18:30:00,447.0,0.0,447.0,22.1,22.1,0.0,0.0,120.0,424.9,0.0,0.78,0.35,0.0
2025-07-19 18:45:00,433.3,0.0,433.3,8.7,8.7,0.0,0.0,120.0,424.6,0.0,0.78,0.35,0.0
2025-07-19 19:00:00,437.1,0.0,437.1,0.0,0.0,0.0,0.0,120.0,437.1,0.0,0.78,0.35,0.0
2025-07-19 19:15:00,420.0,0.0,420.0,0.0,0.0,0.0,0.0,120.0,420.0,0.0,0.78,0.35,0.0
2025-07-19 19:30:00,410.9,0.0,410.9,0.0,0.0,0.0,0.0,120.0,410.9,0.0,0.78,0.35,0.0
2025-07-19 19:45:00,408.7,0.0,408.7,0.0,0.0,0.0,0.0,120.0,408.7,0.0,0.78,0.35,0.0
2025-07-19 20:00:00,414.8,0.0,414.8,0.0,0.0,0.0,0.0,120.0,414.8,0.0,0.78,0.35,0.0
2025-07-19 20:15:00,398.7,0.0,398.7,0.0,0.0,0.0,0.0,120.0,398.7,0.0,0.78,0.35,0.0
2025-07-19 20:30:00,402.4,0.0,402.4,0.0,0.0,0.0,0.0,120.0,402.4,0.0,0.78,0.35,0.0
2025-07-19 20:45:00,379.5,0.0,379.5,0.0,0.0,0.0,0.0,120.0,379.5,0.0,0.78,0.35,0.0
2025-07-19 21:00:00,360.0,0.0,360.0,0.0,0.0,0.0,0.0,120.0,360.0,0.0,0.55,0.35,0.0
2025-07-19 21:15:00,373.3,0.0,373.3,0.0,0.0,0.0,0.0,120.0,373.3,0.0,0.55,0.35,0.0
2025-07-19 21:30:00,362.7,0.0,362.7,0.0,0.0,0.0,0.0,120.0,362.7,0.0,0.55,0.35,0.0
2025-07-19 21:45:00,358.0,0.0,358.0,0.0,0.0,0.0,0.0,120.0,358.0,0.0,0.55,0.35,0.0
2025-07-19 22:00:00,330.2,0.0,330.2,0.0,0.0,0.0,0.0,120.0,330.2,0.0,0.55,0.35,0.0
2025-07-19 22:15:00,340.0,0.0,340.0,0.0,0.0,0.0,0.0,120.0,340.0,0.0,0.55,0.35,0.0
2025-07-19 22:30:00,328.4,0.0,328.4,0.0,0.0,0.0,0.0,120.0,328.4,0.0,0.55,0.35,0.0
2025-07-19 22:45:00,334.0,0.0,334.0,0.0,0.0,0.0,0.0,120.0,334.0,0.0,0.55,0.35,0.0
2025-07-19 23:00:00,342.5,0.0,342.5,0.0,0.0,0.0,0.0,120.0,342.5,0.0,0.55,0.35,0.0
2025-07-19 23:15:00,318.5,0.0,318.5,0.0,0.0,0.0,0.0,120.0,318.5,0.0,0.55,0.35,0.0
2025-07-19 23:30:00,327.7,0.0,327.7,0.0,0.0,0.0,0.0,120.0,327.7,0.0,0.55,0.35,0.0
2025-07-19 23:45:00,318.0,0.0,318.0,0.0,0.0,0.0,0.0,120.0,318.0,0.0,0.55,0.35,0.0
2025-07-20 00:00:00,350.2,0.0,350.2,0.0,0.0,0.0,0.0,120.0,350.2,0.0,0.4,0.35,0.0
2025-07-20 00:15:00,342.3,0.0,342.3,0.0,0.0,0.0,0.0,120.0,342.3,0.0,0.4,0.35,0.0
2025-07-20 00:30:00,341.6,0.0,341.6,0.0,0.0,0.0,0.0,120.0,341.6,0.0,0.4,0.35,0.0
2025-07-20 00:45:00,326.4,0.0,326.4,0.0,0.0,0.0,0.0,120.0,326.4,0.0,0.4,0.35,0.0
2025-07-20 01:00:00,345.4,0.0,345.4,0.0,0.0,0.0,0.0,120.0,345.4,0.0,0.4,0.35,0.0
2025-07-20 01:15:00,331.1,0.0,331.1,0.0,0.0,0.0,0.0,120.0,331.1,0.0,0.4,0.35,0.0
2025-07-20 01:30:00,336.7,0.0,336.7,0.0,0.0,0.0,0.0,120.0,336.7,0.0,0.4,0.35,0.0
2025-07-20 01:45:00,339.7,0.0,339.7,0.0,0.0,0.0,0.0,120.0,339.7,0.0,0.4,0.35,0.0
2025-07-20 02:00:00,333.3,0.0,333.3,0.0,0.0,0.0,0.0,120.0,333.3,0.0,0.4,0.35,0.0
2025-07-20 02:15:00,337.6,0.0,337.6,0.0,0.0,0.0,0.0,120.0,337.6,0.0,0.4,0.35,0.0
2025-07-20 02:30:00,334.4,0.0,334.4,0.0,0.0,0.0,0.0,120.0,334.4,0.0,0.4,0.35,0.0
2025-07-20 02:45:00,340.6,0.0,340.6,0.0,0.0,0.0,0.0,120.0,340.6,0.0,0.4,0.35,0.0
2025-07-20 03:00:00,336.4,0.0,336.4,0.0,0.0,0.0,0.0,120.0,336.4,0.0,0.4,0.35,0.0
2025-07-20 03:15:00,327.9,0.0,327.9,0.0,0.0,0.0,0.0,120.0,327.9,0.0,0.4,0.35,0.0
2025-07-20 03:30:00,325.3,0.0,325.3,0.0,0.0,0.0,0.0,120.0,325.3,0.0,0.4,0.35,0.0
2025-07-20 03:45:00,333.3,0.0,333.3,0.0,0.0,0.0,0.0,120.0,333.3,0.0,0.4,0.35,0.0
2025-07-20 04:00:00,337.5,0.0,337.5,0.0,0.0,0.0,0.0,120.0,337.5,0.0,0.4,0.35,0.0
2025-07-20 04:15:00,346.9,0.0,346.9,0.0,0.0,0.0,0.0,120.0,346.9,0.0,0.4,0.35,0.0
2025-07-20 04:30:00,328.4,0.0,328.4,0.0,0.0,0.0,0.0,120.0,328.4,0.0,0.4,0.35,0.0
2025-07-20 04:45:00,332.7,0.0,332.7,0.0,0.0,0.0,0.0,120.0,332.7,0.0,0.4,0.35,0.0
2025-07-20 05:00:00,328.0,0.0,328.0,0.0,0.0,0.0,0.0,120.0,328.0,0.0,0.4,0.35,0.0
2025-07-20 05:15:00,327.1,0.0,327.1,0.0,0.0,0.0,0.0,120.0,327.1,0.0,0.4,0.35,0.0
2025-07-20 05:30:00,327.6,0.0,327.6,0.0,0.0,0.0,0.0,120.0,327.6,0.0,0.4,0.35,0.0
2025-07-20 05:45:00,332.2,0.0,332.2,8.1,8.1,0.0,0.0,120.0,324.1,0.0,0.4,0.35,0.0
2025-07-20 06:00:00,332.2,0.0,332.2,20.6,20.6,0.0,0.0,120.0,311.6,0.0,0.4,0.35,0.0
2025-07-20 06:15:00,337.1,0.0,337.1,35.5,35.5,0.0,0.0,120.0,301.6,0.0,0.4,0.35,0.0
2025-07-20 06:30:00,339.9,0.0,339.9,52.1,52.1,0.0,0.0,120.0,287.79999999999995,0.0,0.4,0.35,0.0
2025-07-20 06:45:00,337.2,0.0,337.2,69.9,69.9,0.0,0.0,120.0,267.29999999999995,0.0,0.4,0.35,0.0
2025-07-20 07:00:00,346.9,0.0,346.9,88.6,88.6,0.0,0.0,120.0,258.29999999999995,0.0,0.4,0.35,0.0
2025-07-20 07:15:00,356.4,0.0,356.4,108.1,108.1,0.0,0.0,120.0,248.3,0.0,0.4,0.35,0.0
2025-07-20 07:30:00,358.1,0.0,358.1,127.9,127.9,0.0,0.0,120.0,230.2,0.0,0.4,0.35,0.0
2025-07-20 07:45:00,364.6,0.0,364.6,148.0,148.0,0.0,0.0,120.0,216.6,0.0,0.4,0.35,0.0
2025-07-20 08:00:00,413.2,0.0,413.2,168.1,168.1,0.0,0.0,120.0,245.1,0.0,0.62,0.35,0.0
2025-07-20 08:15:00,417.7,0.0,417.7,188.1,188.1,0.0,0.0,120.0,229.6,0.0,0.62,0.35,0.0
2025-07-20 08:30:00,437.0,0.0,437.0,207.8,207.8,0.0,0.0,120.0,229.2,0.0,0.62,0.35,0.0
2025-07-20 08:45:00,437.9,7.0,444.9,227.0,227.0,0.0,0.0,120.0,217.9,0.0,0.62,0.35,0.0
2025-07-20 09:00:00,433.2,7.0,440.2,245.5,245.5,0.0,0.0,120.0,194.7,0.0,0.62,0.35,0.0
2025-07-20 09:15:00,458.5,7.0,465.5,263.3,263.3,0.0,0.0,120.0,202.2,0.0,0.62,0.35,0.0
2025-07-20 09:30:00,464.4,7.0,471.4,280.2,280.2,0.0,0.0,120.0,191.2,0.0,0.62,0.35,0.0
2025-07-20 09:45:00,471.3,7.0,478.3,296.0,296.0,0.0,0.0,120.0,182.3,0.0,0.62,0.35,0.0
2025-07-20 10:00:00,473.9,7.0,480.9,310.7,310.7,0.0,0.0,120.0,170.2,0.0,0.62,0.35,0.0
2025-07-20 10:15:00,490.8,14.0,504.8,324.2,324.2,0.0,0.0,120.0,180.6,0.0,0.62,0.35,0.0
2025-07-20 10:30:00,477.8,14.0,491.8,336.3,336.3,0.0,0.0,120.0,155.5,0.0,0.62,0.35,0.0
2025-07-20 10:45:00,488.1,21.0,509.1,346.9,346.9,0.0,0.0,120.0,162.20000000000005,0.0,0.62,0.35,0.0
2025-07-20 11:00:00,505.3,32.0,537.3,356.1,356.1,0.0,0.0,120.0,181.19999999999996,0.0,0.62,0.35,0.0
2025-07-20 11:15:00,497.2,47.79999999999998,545.0,363.6,363.6,0.0,0.0,120.0,181.4,0.0,0.62,0.35,0.0
2025-07-20 11:30:00,492.6,47.0,539.6,369.6,369.6,0.0,0.0,120.0,170.0,0.0,0.62,0.35,0.0
2025-07-20 11:45:00,506.8,47.0,553.8,373.9,373.9,0.0,0.0,120.0,179.89999999999998,0.0,0.62,0.35,0.0
2025-07-20 12:00:00,513.4,58.0,571.4,376.4,376.4,0.0,0.0,120.0,195.0,0.0,0.62,0.35,0.0
2025-07-20 12:15:00,516.4,51.0,567.4,377.3,377.3,0.0,0.0,120.0,190.1,0.0,0.62,0.35,0.0
2025-07-20 12:30:00,528.7,51.0,579.7,376.4,376.4,0.0,0.0,120.0,203.30000000000007,0.0,0.62,0.35,0.0
2025-07-20 12:45:00,514.1,50.0,564.1,373.9,373.9,0.0,0.0,120.0,190.20000000000005,0.0,0.62,0.35,0.0
2025-07-20 13:00:00,523.6,38.6,562.2,369.6,369.6,0.0,0.0,120.0,192.6,0.0,0.62,0.35,0.0
2025-07-20 13:15:00,512.0,33.0,545.0,363.6,363.6,0.0,0.0,120.0,181.4,0.0,0.62,0.35,0.0
2025-07-20 13:30:00,539.2,22.600000000000023,561.8000000000001,356.1,356.1,0.0,0.0,120.0,205.70000000000005,0.0,0.62,0.35,0.0
2025-07-20 13:45:00,535.8,11.800000000000011,547.5999999999999,346.9,346.9,0.0,0.0,120.0,200.69999999999996,0.0,0.62,0.35,0.0
2025-07-20 14:00:00,529.5,11.0,540.5,336.3,336.3,0.0,0.0,120.0,204.2,0.0,0.62,0.35,0.0
2025-07-20 14:15:00,522.7,11.0,533.7,324.2,324.2,0.0,0.0,120.0,209.50000000000009,0.0,0.62,0.35,0.0
2025-07-20 14:30:00,528.1,4.0,532.1,310.7,310.7,0.0,0.0,120.0,221.40000000000003,0.0,0.62,0.35,0.0
2025-07-20 14:45:00,516.8,0.0,516.8,296.0,296.0,0.0,0.0,120.0,220.79999999999995,0.0,0.62,0.35,0.0
2025-07-20 15:00:00,526.6,0.0,526.6,280.2,280.2,0.0,0.0,120.0,246.40000000000003,0.0,0.62,0.35,0.0
2025-07-20 15:15:00,521.7,0.0,521.7,263.3,263.3,0.0,0.0,120.0,258.40000000000003,0.0,0.62,0.35,0.0
2025-07-20 15:30:00,526.6,0.0,526.6,245.5,245.5,0.0,0.0,120.0,281.1,0.0,0.62,0.35,0.0
2025-07-20 15:45:00,514.2,0.0,514.2,227.0,227.0,0.0,0.0,120.0,287.20000000000005,0.0,0.62,0.35,0.0
2025-07-20 16:00:00,509.1,0.0,509.1,207.8,207.8,0.0,0.0,120.0,301.3,0.0,0.62,0.35,0.0
2025-07-20 16:15:00,505.2,0.0,505.2,188.1,188.1,0.0,0.0,120.0,317.1,0.0,0.62,0.35,0.0
2025-07-20 16:30:00,507.3,0.0,507.3,168.1,168.1,0.0,0.0,120.0,339.20000000000005,0.0,0.62,0.35,0.0
2025-07-20 16:45:00,514.1,0.0,514.1,148.0,148.0,0.0,0.0,120.0,366.1,0.0,0.62,0.35,0.0
2025-07-20 17:00:00,502.3,0.0,502.3,127.9,127.9,0.0,0.0,120.0,374.4,0.0,0.62,0.35,0.0
2025-07-20 17:15:00,487.6,0.0,487.6,108.1,108.1,0.0,0.0,120.0,379.5,0.0,0.62,0.35,0.0
2025-07-20 17:30:00,470.0,0.0,470.0,88.6,88.6,0.0,0.0,120.0,381.4,0.0,0.62,0.35,0.0
2025-07-20 17:45:00,472.1,0.0,472.1,69.9,69.9,0.0,0.0,120.0,402.2000000000001,0.0,0.62,0.35,0.0
2025-07-20 18:00:00,437.0,0.0,437.0,52.1,52.1,0.0,0.0,120.0,384.9,0.0,0.78,0.35,0.0
2025-07-20 18:15:00,438.0,0.0,438.0,35.5,35.5,0.0,0.0,120.0,402.5,0.0,0.78,0.35,0.0
2025-07-20 18:30:00,419.1,0.0,419.1,20.6,20.6,0.0,0.0,120.0,398.5,0.0,0.78,0.35,0.0
2025-07-20 18:45:00,412.2,0.0,412.2,8.1,8.1,0.0,0.0,120.0,404.1,0.0,0.78,0.35,0.0
2025-07-20 19:00:00,427.6,0.0,427.6,0.0,0.0,0.0,0.0,120.0,427.6,0.0,0.78,0.35,0.0
2025-07-20 19:15:00,418.5,0.0,418.5,0.0,0.0,0.0,0.0,120.0,418.5,0.0,0.78,0.35,0.0
2025-07-20 19:30:00,413.3,0.0,413.3,0.0,0.0,0.0,0.0,120.0,413.3,0.0,0.78,0.35,0.0
2025-07-20 19:45:00,413.5,0.0,413.5,0.0,0.0,0.0,0.0,120.0,413.5,0.0,0.78,0.35,0.0
2025-07-20 20:00:00,404.8,0.0,404.8,0.0,0.0,0.0,0.0,120.0,404.8,0.0,0.78,0.35,0.0
2025-07-20 20:15:00,391.4,0.0,391.4,0.0,0.0,0.0,0.0,120.0,391.4,0.0,0.78,0.35,0.0
2025-07-20 20:30:00,399.9,0.0,399.9,0.0,0.0,0.0,0.0,120.0,399.9,0.0,0.78,0.35,0.0
2025-07-20 20:45:00,381.0,0.0,381.0,0.0,0.0,0.0,0.0,120.0,381.0,0.0,0.78,0.35,0.0
2025-07-20 21:00:00,361.0,0.0,361.0,0.0,0.0,0.0,0.0,120.0,361.0,0.0,0.55,0.35,0.0
2025-07-20 21:15:00,345.1,0.0,345.1,0.0,0.0,0.0,0.0,120.0,345.1,0.0,0.55,0.35,0.0
2025-07-20 21:30:00,358.0,0.0,358.0,0.0,0.0,0.0,0.0,120.0,358.0,0.0,0.55,0.35,0.0
2025-07-20 21:45:00,355.7,0.0,355.7,0.0,0.0,0.0,0.0,120.0,355.7,0.0,0.55,0.35,0.0
2025-07-20 22:00:00,334.2,0.0,334.2,0.0,0.0,0.0,0.0,120.0,334.2,0.0,0.55,0.35,0.0
2025-07-20 22:15:00,320.8,0.0,320.8,0.0,0.0,0.0,0.0,120.0,320.8,0.0,0.55,0.35,0.0
2025-07-20 22:30:00,321.5,0.0,321.5,0.0,0.0,0.0,0.0,120.0,321.5,0.0,0.55,0.35,0.0
2025-07-20 22:45:00,324.4,0.0,324.4,0.0,0.0,0.0,0.0,120.0,324.4,0.0,0.55,0.35,0.0
2025-07-20 23:00:00,309.1,0.0,309.1,0.0,0.0,0.0,0.0,120.0,309.1,0.0,0.55,0.35,0.0
2025-07-20 23:15:00,314.7,0.0,314.7,0.0,0.0,0.0,0.0,120.0,314.7,0.0,0.55,0.35,0.0
2025-07-20 23:30:00,319.9,0.0,319.9,0.0,0.0,0.0,0.0,120.0,319.9,0.0,0.55,0.35,0.0
2025-07-20 23:45:00,319.0,0.0,319.0,0.0,0.0,0.0,0.0,120.0,319.0,0.0,0.55,0.35,0.0
